{
"type": "FeatureCollection",
"name": "master_flood_trace",
"crs": { "type": "name", "properties": { "name": "urn:ogc:def:crs:OGC:1.3:CRS84" } },
"features": [
{ "type": "Feature", "properties": { "PNU": 1.11101400010098e+18, "피해위치(": "서울특별시 종로구 삼청동 98-1 1층", "피해일시": "20250822 - 1031", "F_SHIM": 0.0, "F_AREA": 106.0916632, "F_AVR_HGT": 56.305146, "ADM_CD": 1111014000, "F_YR": "2025", "F_ZONE_NM": "서울특별시 종로구 삼청동 98-1 1층", "TYPE": "소상공인", "TYPE2": "재난지원금" }, "geometry": { "type": "Polygon", "coordinates": [ [ [ 126.981867368644046, 37.584517354171169 ], [ 126.98186621542817, 37.584511299354944 ], [ 126.981948373800122, 37.58447867029053 ], [ 126.98193144225057, 37.584414012744354 ], [ 126.981793729328032, 37.58444424491524 ], [ 126.981813556668783, 37.584518147078015 ], [ 126.981867368644046, 37.584517354171169 ] ] ] } },
{ "type": "Feature", "properties": { "PNU": 1.11101820010136e+18, "피해위치(": "서울특별시 종로구 구기동 136-4 1층", "피해일시": "20250822 - 1023", "F_SHIM": 0.0, "F_AREA": 665.4241606000001, "F_AVR_HGT": 108.8111237, "ADM_CD": 1111018200, "F_YR": "2025", "F_ZONE_NM": "서울특별시 종로구 구기동 136-4 1층", "TYPE": "소상공인", "TYPE2": "재난지원금" }, "geometry": { "type": "Polygon", "coordinates": [ [ [ 126.956933560130622, 37.610400264515647 ], [ 126.956856939613203, 37.610556934280091 ], [ 126.956741267371726, 37.610525851630207 ], [ 126.956801556406177, 37.61061549513655 ], [ 126.956866489705845, 37.610685156594883 ], [ 126.956933618641884, 37.610719644522604 ], [ 126.957047327591525, 37.610738995462199 ], [ 126.957107680718067, 37.610474147597664 ], [ 126.956933560130622, 37.610400264515647 ] ] ] } },
{ "type": "Feature", "properties": { "PNU": 1.11101090010009e+18, "피해위치(": "서울특별시 종로구 누상동 9", "피해일시": "20250814 - 1555", "F_SHIM": 0.0, "F_AREA": 105.1787785, "F_AVR_HGT": 50.8649872, "ADM_CD": 1111010900, "F_YR": "2025", "F_ZONE_NM": "서울특별시 종로구 누상동 9", "TYPE": "주택", "TYPE2": "재난지원금" }, "geometry": { "type": "Polygon", "coordinates": [ [ [ 126.965655018595996, 37.581512015448958 ], [ 126.965719116893325, 37.581493096175159 ], [ 126.96574935161388, 37.581478130949904 ], [ 126.965723487959679, 37.581443525241049 ], [ 126.965708236587176, 37.58142353674198 ], [ 126.965689051453154, 37.581391032348819 ], [ 126.965682783806116, 37.581382101673199 ], [ 126.965602163219017, 37.581410989819062 ], [ 126.965597872495621, 37.581410988513554 ], [ 126.965615685582733, 37.581447970405463 ], [ 126.965623405378707, 37.581450567593237 ], [ 126.965655018595996, 37.581512015448958 ] ] ] } },
{ "type": "Feature", "properties": { "PNU": 1.13801040010329e+18, "피해위치(": "서울특별시 은평구 갈현동 329-9 지하 2호", "피해일시": "20250813 - 1200", "F_SHIM": 0.0, "F_AREA": 190.2745151, "F_AVR_HGT": 35.7723595, "ADM_CD": 1138010400, "F_YR": "2025", "F_ZONE_NM": "서울특별시 은평구 갈현동 329-9 지하 2호", "TYPE": "주택", "TYPE2": "재난지원금" }, "geometry": { "type": "Polygon", "coordinates": [ [ [ 126.90814573921827, 37.616356119039857 ], [ 126.908124475557273, 37.616241497488787 ], [ 126.908103071976029, 37.616238777606547 ], [ 126.908096817751797, 37.616258504129782 ], [ 126.907931018463842, 37.616242605602714 ], [ 126.90793241253688, 37.616305134758136 ], [ 126.907937475338301, 37.6163323483852 ], [ 126.907979024783998, 37.616347247504471 ], [ 126.908039288610027, 37.616341619078291 ], [ 126.90814573921827, 37.616356119039857 ] ] ] } },
{ "type": "Feature", "properties": { "PNU": 1.11101830010474e+18, "피해위치(": "서울특별시 종로구 평창동 474-20 102호", "피해일시": "20250814 - 1439", "F_SHIM": 0.0, "F_AREA": 527.9419811, "F_AVR_HGT": 213.8916138, "ADM_CD": 1111018300, "F_YR": "2025", "F_ZONE_NM": "서울특별시 종로구 평창동 474-20 102호", "TYPE": "주택", "TYPE2": "재난지원금" }, "geometry": { "type": "Polygon", "coordinates": [ [ [ 126.971662359693426, 37.614891049316263 ], [ 126.971730476698085, 37.614661478533577 ], [ 126.971474130091806, 37.614662683931371 ], [ 126.97141595018131, 37.614852334630569 ], [ 126.971662359693426, 37.614891049316263 ] ] ] } },
{ "type": "Feature", "properties": { "PNU": 1.11101830010417e+18, "피해위치(": "서울특별시 종로구 평창동 417-5", "피해일시": "20250814 - 1339", "F_SHIM": 0.0, "F_AREA": 758.0054039, "F_AVR_HGT": 218.4759186, "ADM_CD": 1111018300, "F_YR": "2025", "F_ZONE_NM": "서울특별시 종로구 평창동 417-5", "TYPE": "주택", "TYPE2": "재난지원금" }, "geometry": { "type": "Polygon", "coordinates": [ [ [ 126.979483961912592, 37.614727465977737 ], [ 126.979522814491062, 37.614522842396205 ], [ 126.979437961597483, 37.614512969816204 ], [ 126.979439710318985, 37.614497788611367 ], [ 126.979185098777037, 37.614456187449882 ], [ 126.979163924482805, 37.614512945251946 ], [ 126.979162233633275, 37.614523792744393 ], [ 126.979169572121322, 37.614602431766521 ], [ 126.979188715572278, 37.614708805219749 ], [ 126.979483961912592, 37.614727465977737 ] ] ] } },
{ "type": "Feature", "properties": { "PNU": 1.13801030010353e+18, "피해위치(": "서울특별시 은평구 불광동 353-12 지층 우측", "피해일시": "20250823 - 1736", "F_SHIM": 0.0, "F_AREA": 126.6336086, "F_AVR_HGT": 33.6191193, "ADM_CD": 1138010300, "F_YR": "2025", "F_ZONE_NM": "서울특별시 은평구 불광동 353-12 지층 우측", "TYPE": "주택", "TYPE2": "재난지원금" }, "geometry": { "type": "Polygon", "coordinates": [ [ [ 126.926096406628872, 37.621043963125793 ], [ 126.926128308948009, 37.620994150311489 ], [ 126.9261684448132, 37.620934359887933 ], [ 126.926058277697877, 37.62088869990697 ], [ 126.926039673398648, 37.620916167897235 ], [ 126.926009267523384, 37.620964711264065 ], [ 126.926096406628872, 37.621043963125793 ] ] ] } },
{ "type": "Feature", "properties": { "PNU": 1.1380107001059401e+18, "피해위치(": "서울특별시 은평구 응암동 594-42 지층안쪽", "피해일시": "20250822 - 1349", "F_SHIM": 0.0, "F_AREA": 128.5494131, "F_AVR_HGT": 18.4636379, "ADM_CD": 1138010700, "F_YR": "2025", "F_ZONE_NM": "서울특별시 은평구 응암동 594-42 지층안쪽", "TYPE": "주택", "TYPE2": "재난지원금" }, "geometry": { "type": "Polygon", "coordinates": [ [ [ 126.915550890675789, 37.58641712905505 ], [ 126.915657493352398, 37.586361976248675 ], [ 126.915597927443372, 37.586274447244847 ], [ 126.915561454156432, 37.586289016652266 ], [ 126.915515124997626, 37.586308624385339 ], [ 126.915488618374212, 37.586320227779858 ], [ 126.915525347501514, 37.586378548284102 ], [ 126.915550890675789, 37.58641712905505 ] ] ] } },
{ "type": "Feature", "properties": { "PNU": 1.11101860010134e+18, "피해위치(": "서울특별시 종로구 신영동 134-3", "피해일시": "20250814 - 1358", "F_SHIM": 0.0, "F_AREA": 84.2372376, "F_AVR_HGT": 82.71436, "ADM_CD": 1111018600, "F_YR": "2025", "F_ZONE_NM": "서울특별시 종로구 신영동 134-3", "TYPE": "주택", "TYPE2": "재난지원금" }, "geometry": { "type": "Polygon", "coordinates": [ [ [ 126.96159277211072, 37.601204983447893 ], [ 126.961651123686963, 37.601250935292285 ], [ 126.961750374208179, 37.601176898952389 ], [ 126.961699540649022, 37.601133238190272 ], [ 126.96159277211072, 37.601204983447893 ] ] ] } },
{ "type": "Feature", "properties": { "PNU": 1.11101830010533e+18, "피해위치(": "서울특별시 종로구 평창동 533-1", "피해일시": "20250814 - 1350", "F_SHIM": 0.0, "F_AREA": 632.5635422, "F_AVR_HGT": 170.441037, "ADM_CD": 1111018300, "F_YR": "2025", "F_ZONE_NM": "서울특별시 종로구 평창동 533-1", "TYPE": "주택", "TYPE2": "재난지원금" }, "geometry": { "type": "Polygon", "coordinates": [ [ [ 126.967594514059172, 37.61359898823217 ], [ 126.967328575206167, 37.613680234051245 ], [ 126.967120326142762, 37.613746990301756 ], [ 126.967232786694893, 37.613861654867584 ], [ 126.967356166947155, 37.613825606351398 ], [ 126.967577166641675, 37.613764430427238 ], [ 126.967590569303184, 37.613730881740622 ], [ 126.967597244345129, 37.613697168942082 ], [ 126.967594514059172, 37.61359898823217 ] ] ] } },
{ "type": "Feature", "properties": { "PNU": 1.1110186001011599e+18, "피해위치(": "서울특별시 종로구 신영동 116 1층", "피해일시": "20250822 - 1038", "F_SHIM": 0.0, "F_AREA": 157.263794, "F_AVR_HGT": 82.71436, "ADM_CD": 1111018600, "F_YR": "2025", "F_ZONE_NM": "서울특별시 종로구 신영동 116 1층", "TYPE": "소상공인", "TYPE2": "재난지원금" }, "geometry": { "type": "Polygon", "coordinates": [ [ [ 126.961871177816192, 37.601565903011149 ], [ 126.961914404770567, 37.601518669971242 ], [ 126.961932829786505, 37.601453580124144 ], [ 126.961872894322013, 37.601404177123264 ], [ 126.961786897805652, 37.601490372287557 ], [ 126.961752495796333, 37.601531139196155 ], [ 126.961807101424768, 37.601551988310284 ], [ 126.961871177816192, 37.601565903011149 ] ] ] } },
{ "type": "Feature", "properties": { "PNU": 1.11101860010135e+18, "피해위치(": "서울특별시 종로구 신영동 135-1", "피해일시": "20250814 - 1423", "F_SHIM": 0.0, "F_AREA": 51.2590839, "F_AVR_HGT": 82.71436, "ADM_CD": 1111018600, "F_YR": "2025", "F_ZONE_NM": "서울특별시 종로구 신영동 135-1", "TYPE": "주택", "TYPE2": "재난지원금" }, "geometry": { "type": "Polygon", "coordinates": [ [ [ 126.961818666825735, 37.601076786676551 ], [ 126.96188995955653, 37.601063205789551 ], [ 126.961906719293282, 37.601063211415564 ], [ 126.961929274672769, 37.601046226441035 ], [ 126.961866308446034, 37.60098970464982 ], [ 126.961857052973471, 37.600996585051377 ], [ 126.961865140707744, 37.60101358932117 ], [ 126.961818702709181, 37.60103056625276 ], [ 126.961818666825735, 37.601076786676551 ] ] ] } },
{ "type": "Feature", "properties": { "PNU": 1.11101860010135e+18, "피해위치(": "서울특별시 종로구 신영동 135-2 없음연립 102호", "피해일시": "20250814 - 1430", "F_SHIM": 0.0, "F_AREA": 171.9931529, "F_AVR_HGT": 76.3718613, "ADM_CD": 1111018600, "F_YR": "2025", "F_ZONE_NM": "서울특별시 종로구 신영동 135-2 없음연립 102호", "TYPE": "주택", "TYPE2": "재난지원금" }, "geometry": { "type": "Polygon", "coordinates": [ [ [ 126.962003324019719, 37.600980560573426 ], [ 126.962074565338881, 37.600913974717336 ], [ 126.962213075637877, 37.600797001228905 ], [ 126.962259218255653, 37.600759842019471 ], [ 126.962209587401276, 37.60075473494534 ], [ 126.962172623147026, 37.600780770052957 ], [ 126.962132549761094, 37.600775792269822 ], [ 126.962079436171081, 37.600825400688166 ], [ 126.962032048842062, 37.600860532198304 ], [ 126.96203203813316, 37.600880795306516 ], [ 126.96197040448105, 37.600938293436762 ], [ 126.961994086296016, 37.600953915407992 ], [ 126.962003324019719, 37.600980560573426 ] ] ] } },
{ "type": "Feature", "properties": { "PNU": 1.1380103001031e+18, "피해위치(": "서울특별시 은평구 불광동 310-86 연서시장, 1층 신흥상회", "피해일시": "20250813 - 1200", "F_SHIM": 0.0, "F_AREA": 29.5514199, "F_AVR_HGT": 27.6662003, "ADM_CD": 1138010300, "F_YR": "2025", "F_ZONE_NM": "서울특별시 은평구 불광동 310-86 연서시장, 1층 신흥상회", "TYPE": "소상공인", "TYPE2": "재난지원금" }, "geometry": { "type": "Polygon", "coordinates": [ [ [ 126.921465081502689, 37.619221229850069 ], [ 126.921439101882967, 37.619259476851532 ], [ 126.921499000987694, 37.619278347968759 ], [ 126.921506723481102, 37.61928064169463 ], [ 126.921527820390622, 37.619243130172585 ], [ 126.921528376460529, 37.619242148481099 ], [ 126.921499050135665, 37.619232488111251 ], [ 126.921465081502689, 37.619221229850069 ] ] ] } },
{ "type": "Feature", "properties": { "PNU": 1.1380114001029e+18, "피해위치(": "서울특별시 은평구 진관동 290-22", "피해일시": "20250813 - 1200", "F_SHIM": 0.0, "F_AREA": 5169.3798358000004, "F_AVR_HGT": 54.4590813, "ADM_CD": 1138011400, "F_YR": "2025", "F_ZONE_NM": "서울특별시 은평구 진관동 290-22", "TYPE": "주택", "TYPE2": "재난지원금" }, "geometry": { "type": "Polygon", "coordinates": [ [ [ 126.943077114233105, 37.652823414766189 ], [ 126.943187941738373, 37.652822748837316 ], [ 126.94331951375915, 37.652813173386519 ], [ 126.943392060237457, 37.65278536902288 ], [ 126.943444464559903, 37.652720524622616 ], [ 126.943548818952394, 37.652591736501925 ], [ 126.943550194756014, 37.652571194944365 ], [ 126.943604652395194, 37.652488512170983 ], [ 126.943612857430423, 37.652429232032013 ], [ 126.943706773256494, 37.652316566096829 ], [ 126.943813819167104, 37.652222826987391 ], [ 126.943812768800171, 37.652115790617074 ], [ 126.943903475539727, 37.652049027638007 ], [ 126.943954950199895, 37.652012878610165 ], [ 126.943977059869638, 37.651996671842014 ], [ 126.944124762696134, 37.651948415480668 ], [ 126.944123709055589, 37.651830333149441 ], [ 126.943986882501335, 37.651896578281494 ], [ 126.943898405109422, 37.651938268273994 ], [ 126.943888712828965, 37.65194284049393 ], [ 126.94370332655447, 37.652085013776642 ], [ 126.943652488326592, 37.652176978421615 ], [ 126.943586789978085, 37.652288486908702 ], [ 126.943522680846513, 37.652396212042525 ], [ 126.943501422841351, 37.652482695207183 ], [ 126.943447745069065, 37.652582406747349 ], [ 126.943351672840549, 37.652698405015769 ], [ 126.943264613680924, 37.652736203013468 ], [ 126.943155236368824, 37.652737419326733 ], [ 126.943086019975922, 37.652738186930776 ], [ 126.942869916185586, 37.652741683593284 ], [ 126.942735053199272, 37.652757293436345 ], [ 126.942582832416733, 37.652797941563215 ], [ 126.942490889508591, 37.652848980883363 ], [ 126.942421052747022, 37.65288885911631 ], [ 126.94240673893556, 37.652890725973094 ], [ 126.942206628872128, 37.652916771830398 ], [ 126.942081325470966, 37.652880759858064 ], [ 126.941807438063051, 37.652744267972153 ], [ 126.941707065413624, 37.652694249044565 ], [ 126.941585652861804, 37.652611748199924 ], [ 126.941463946172703, 37.652613398158664 ], [ 126.940998446845995, 37.652730827622598 ], [ 126.940661707148251, 37.652812102540743 ], [ 126.940179548818392, 37.652927628125887 ], [ 126.940010880529343, 37.652985653198385 ], [ 126.939730423359933, 37.652972983085199 ], [ 126.939473570092332, 37.652920411525614 ], [ 126.939282515452277, 37.652916616889939 ], [ 126.939115038803209, 37.652904004863565 ], [ 126.938940535459224, 37.652892470042417 ], [ 126.938748038775742, 37.652851823894935 ], [ 126.938543480323887, 37.652870455156304 ], [ 126.938521521098281, 37.652881255133003 ], [ 126.938579250499217, 37.652956913795499 ], [ 126.938605291803199, 37.652943106728436 ], [ 126.938731313068473, 37.652932181972176 ], [ 126.93874580302959, 37.652950028989899 ], [ 126.938883018159572, 37.652968662010039 ], [ 126.938994521603391, 37.652973045839964 ], [ 126.939139210094822, 37.652998710128337 ], [ 126.93927948175191, 37.653021308593758 ], [ 126.939472003601722, 37.653032582099172 ], [ 126.93952753653609, 37.653025403493245 ], [ 126.939847175458837, 37.653057321386363 ], [ 126.939948373543544, 37.653067429128356 ], [ 126.94021699253291, 37.65300702349397 ], [ 126.940288321436029, 37.652987004832326 ], [ 126.940525861263097, 37.652920329591268 ], [ 126.940681575749053, 37.652891029198052 ], [ 126.940763643435943, 37.652875583729816 ], [ 126.940862670002076, 37.652852479627192 ], [ 126.940970967852067, 37.652827199840331 ], [ 126.94105316309269, 37.652808015189215 ], [ 126.94115580507065, 37.652784065776601 ], [ 126.941154684085916, 37.652782975023108 ], [ 126.941163400028088, 37.652780952288637 ], [ 126.94115646398258, 37.652768019746887 ], [ 126.941264719379063, 37.652724882341253 ], [ 126.941306572006823, 37.652720425863919 ], [ 126.941474562010185, 37.652714673167765 ], [ 126.94167978209704, 37.652759754119927 ], [ 126.941744391352103, 37.652766949626731 ], [ 126.941742916899187, 37.652867524731661 ], [ 126.941752480172283, 37.652868700844664 ], [ 126.941893750506608, 37.652918506156482 ], [ 126.94208078257023, 37.652993201276743 ], [ 126.942190900317243, 37.652987634622512 ], [ 126.942268557918169, 37.652974357239614 ], [ 126.942344508860685, 37.652955402806384 ], [ 126.942417845082446, 37.652932644899401 ], [ 126.942433090361206, 37.652927958455756 ], [ 126.94247703329134, 37.652902663056153 ], [ 126.942488517317386, 37.652896731377183 ], [ 126.94250068051339, 37.65289174606071 ], [ 126.942809633432859, 37.652780503655826 ], [ 126.942820605233123, 37.652777418770874 ], [ 126.942832074434691, 37.652775865790062 ], [ 126.942843712368003, 37.652775898608269 ], [ 126.942855179081121, 37.652777508046668 ], [ 126.943077114233105, 37.652823414766189 ] ] ] } },
{ "type": "Feature", "properties": { "PNU": 1.13801070010584e+18, "피해위치(": "서울특별시 은평구 응암동 584-18 102호 다온헤어", "피해일시": "20250813 - 1200", "F_SHIM": 0.0, "F_AREA": 119.8779968, "F_AVR_HGT": 14.3371426, "ADM_CD": 1138010700, "F_YR": "2025", "F_ZONE_NM": "서울특별시 은평구 응암동 584-18 102호 다온헤어", "TYPE": "소상공인", "TYPE2": "재난지원금" }, "geometry": { "type": "Polygon", "coordinates": [ [ [ 126.916122910312353, 37.591440174145816 ], [ 126.916090488782913, 37.591374919413795 ], [ 126.916067886914945, 37.591336881511168 ], [ 126.916043419660085, 37.591345873640861 ], [ 126.915961633310374, 37.591377889435243 ], [ 126.916036252460387, 37.591474529026456 ], [ 126.916122910312353, 37.591440174145816 ] ] ] } },
{ "type": "Feature", "properties": { "PNU": 1.15001080010021e+18, "피해위치(": "서울특별시 강서구 공항동 21-3 b01호", "피해일시": "20250813 - 1153", "F_SHIM": 0.0, "F_AREA": 193.5483061, "F_AVR_HGT": 11.4625731, "ADM_CD": 1150010800, "F_YR": "2025", "F_ZONE_NM": "서울특별시 강서구 공항동 21-3 b01호", "TYPE": "주택", "TYPE2": "재난지원금" }, "geometry": { "type": "Polygon", "coordinates": [ [ [ 126.813292369222538, 37.562963110039007 ], [ 126.813347404768507, 37.562920355793302 ], [ 126.813383966551527, 37.562891960862046 ], [ 126.813401862993402, 37.562891115418545 ], [ 126.813411215683331, 37.562885129740579 ], [ 126.813331604972987, 37.562821104827307 ], [ 126.813345128310644, 37.562808431462443 ], [ 126.81324570038143, 37.562811462457361 ], [ 126.813214188523546, 37.56281209695635 ], [ 126.813190703247457, 37.562883931294841 ], [ 126.813215443866724, 37.562920424719742 ], [ 126.813218995960781, 37.562925665123601 ], [ 126.813230406765769, 37.562920412542361 ], [ 126.813259698584702, 37.562906953443317 ], [ 126.813267519691991, 37.562920399641143 ], [ 126.813292369222538, 37.562963110039007 ] ] ] } },
{ "type": "Feature", "properties": { "PNU": 1.13801030010391e+18, "피해위치(": "서울특별시 은평구 불광동 391-68 103호", "피해일시": "20250813 - 1200", "F_SHIM": 0.0, "F_AREA": 680.6495182, "F_AVR_HGT": 56.3261162, "ADM_CD": 1138010300, "F_YR": "2025", "F_ZONE_NM": "서울특별시 은평구 불광동 391-68 103호", "TYPE": "주택", "TYPE2": "재난지원금" }, "geometry": { "type": "Polygon", "coordinates": [ [ [ 126.920388857532203, 37.624213004071429 ], [ 126.920345739485811, 37.624290512706025 ], [ 126.920344213364544, 37.624318901516787 ], [ 126.920333785677755, 37.624501703058115 ], [ 126.920423675251442, 37.624445633852517 ], [ 126.920465967344455, 37.624419408370322 ], [ 126.920639726735047, 37.624311175811698 ], [ 126.920610789885984, 37.624285333905569 ], [ 126.920723542113691, 37.624215188824692 ], [ 126.920701918582026, 37.624224760438295 ], [ 126.920644680084052, 37.624130505806519 ], [ 126.920388857532203, 37.624213004071429 ] ] ] } },
{ "type": "Feature", "properties": { "PNU": 1.1380103001030801e+18, "피해위치(": "서울특별시 은평구 불광동 308-19 1층", "피해일시": "20250823 - 2000", "F_SHIM": 0.0, "F_AREA": 774.8928339, "F_AVR_HGT": 27.9256912, "ADM_CD": 1138010300, "F_YR": "2025", "F_ZONE_NM": "서울특별시 은평구 불광동 308-19 1층", "TYPE": "소상공인", "TYPE2": "재난지원금" }, "geometry": { "type": "Polygon", "coordinates": [ [ [ 126.921871886203377, 37.618744228861438 ], [ 126.922255629295449, 37.618860173096586 ], [ 126.922272306041791, 37.618835407340022 ], [ 126.922337292826157, 37.618863020957797 ], [ 126.922329688078818, 37.618877882028904 ], [ 126.922422406027039, 37.618924074397867 ], [ 126.922632587100793, 37.61864536169719 ], [ 126.922606802931398, 37.61860660230645 ], [ 126.922432693996541, 37.618835514935661 ], [ 126.921993571804094, 37.61860456888725 ], [ 126.921871886203377, 37.618744228861438 ] ] ] } },
{ "type": "Feature", "properties": { "PNU": 1.13801050010339e+18, "피해위치(": "서울특별시 은평구 구산동 339-1 비동 지층 나호", "피해일시": "20250813 - 1200", "F_SHIM": 0.0, "F_AREA": 397.8688876, "F_AVR_HGT": 33.7756287, "ADM_CD": 1138010500, "F_YR": "2025", "F_ZONE_NM": "서울특별시 은평구 구산동 339-1 비동 지층 나호", "TYPE": "주택", "TYPE2": "재난지원금" }, "geometry": { "type": "Polygon", "coordinates": [ [ [ 126.908704334424925, 37.615101223366274 ], [ 126.908825904051355, 37.614978785533573 ], [ 126.90896016713836, 37.614849510075139 ], [ 126.908946022983756, 37.614838507015577 ], [ 126.908873154875224, 37.614779795985314 ], [ 126.908788324821231, 37.614868295770286 ], [ 126.908698625066563, 37.614956160976327 ], [ 126.908596344438749, 37.615050863661054 ], [ 126.908600787114523, 37.615057732632287 ], [ 126.908667118600107, 37.615090256185219 ], [ 126.908704334424925, 37.615101223366274 ] ] ] } },
{ "type": "Feature", "properties": { "PNU": 1.13501020010473e+18, "피해위치(": "서울특별시 노원구 월계동 473-6 정호빌라 b01호", "피해일시": "20250813 - 1201", "F_SHIM": 0.0, "F_AREA": 158.7147095, "F_AVR_HGT": 22.1158222, "ADM_CD": 1135010200, "F_YR": "2025", "F_ZONE_NM": "서울특별시 노원구 월계동 473-6 정호빌라 b01호", "TYPE": "주택", "TYPE2": "재난지원금" }, "geometry": { "type": "Polygon", "coordinates": [ [ [ 127.058632314383786, 37.617982588296712 ], [ 127.058677453026604, 37.618088377594212 ], [ 127.058728544329995, 37.618098497878549 ], [ 127.058811329119536, 37.618051228320695 ], [ 127.058711930299907, 37.617938807135829 ], [ 127.058632314383786, 37.617982588296712 ] ] ] } },
{ "type": "Feature", "properties": { "PNU": 1.13501020010475e+18, "피해위치(": "서울특별시 노원구 월계동 475-15 지하3호", "피해일시": "20250822 - 1821", "F_SHIM": 0.0, "F_AREA": 171.2975422, "F_AVR_HGT": 20.2053799, "ADM_CD": 1135010200, "F_YR": "2025", "F_ZONE_NM": "서울특별시 노원구 월계동 475-15 지하3호", "TYPE": "주택", "TYPE2": "재난지원금" }, "geometry": { "type": "Polygon", "coordinates": [ [ [ 127.058549057243823, 37.617722875870733 ], [ 127.058607677282069, 37.617788024461689 ], [ 127.058773486220446, 37.61768150229473 ], [ 127.058707555779066, 37.61761028471863 ], [ 127.058685583251219, 37.617626630141842 ], [ 127.058596526748332, 37.617692471857602 ], [ 127.058582684564371, 37.61770599325984 ], [ 127.058563562041343, 37.617716760212382 ], [ 127.058549057243823, 37.617722875870733 ] ] ] } },
{ "type": "Feature", "properties": { "PNU": 1.1350102001047501e+18, "피해위치(": "서울특별시 노원구 월계동 475-23 B01호", "피해일시": "20250822 - 1829", "F_SHIM": 0.0, "F_AREA": 190.2926861, "F_AVR_HGT": 20.2053799, "ADM_CD": 1135010200, "F_YR": "2025", "F_ZONE_NM": "서울특별시 노원구 월계동 475-23 B01호", "TYPE": "주택", "TYPE2": "재난지원금" }, "geometry": { "type": "Polygon", "coordinates": [ [ [ 127.058632314383786, 37.617982588296712 ], [ 127.058711930299907, 37.617938807135829 ], [ 127.05877449390772, 37.617902584411922 ], [ 127.058688166302389, 37.617804914923191 ], [ 127.058556466059784, 37.617887526484587 ], [ 127.058564437229251, 37.617913479880862 ], [ 127.058608270772552, 37.61792725269671 ], [ 127.058632314383786, 37.617982588296712 ] ] ] } },
{ "type": "Feature", "properties": { "PNU": 1.15001080010018e+18, "피해위치(": "서울특별시 강서구 공항동 18-4", "피해일시": "20250813 - 1151", "F_SHIM": 0.0, "F_AREA": 202.2131161, "F_AVR_HGT": 12.0517797, "ADM_CD": 1150010800, "F_YR": "2025", "F_ZONE_NM": "서울특별시 강서구 공항동 18-4", "TYPE": "주택", "TYPE2": "재난지원금" }, "geometry": { "type": "Polygon", "coordinates": [ [ [ 126.81190997334555, 37.563840415325203 ], [ 126.811959615453091, 37.563813933919391 ], [ 126.811881609205258, 37.563728773444922 ], [ 126.81186619571821, 37.563736803517337 ], [ 126.811826455218764, 37.563759642782749 ], [ 126.811723988809717, 37.56382663773369 ], [ 126.811728238974524, 37.563833302864097 ], [ 126.811732119059485, 37.563838615918037 ], [ 126.811791522766541, 37.563908357730526 ], [ 126.811801075482705, 37.56389947132277 ], [ 126.81190997334555, 37.563840415325203 ] ] ] } },
{ "type": "Feature", "properties": { "PNU": 1.1500109001061501e+18, "피해위치(": "서울특별시 강서구 방화동 615-90 101호", "피해일시": "20250813 - 1100", "F_SHIM": 0.0, "F_AREA": 171.4365888, "F_AVR_HGT": 8.9791832, "ADM_CD": 1150010900, "F_YR": "2025", "F_ZONE_NM": "서울특별시 강서구 방화동 615-90 101호", "TYPE": "주택", "TYPE2": "재난지원금" }, "geometry": { "type": "Polygon", "coordinates": [ [ [ 126.808167253673673, 37.565267654481374 ], [ 126.808281453955274, 37.565265408775694 ], [ 126.808302891689934, 37.565265371780654 ], [ 126.808335231785065, 37.565220555529358 ], [ 126.808310609073303, 37.565152184358062 ], [ 126.808266281856604, 37.565153427254572 ], [ 126.808162353581309, 37.565157816098385 ], [ 126.808165549731271, 37.565226233302546 ], [ 126.808167253673673, 37.565267654481374 ] ] ] } },
{ "type": "Feature", "properties": { "PNU": 1.150010900106e+18, "피해위치(": "서울특별시 강서구 방화동 600-39 지층01", "피해일시": "20250813 - 1100", "F_SHIM": 0.0, "F_AREA": 135.8464328, "F_AVR_HGT": 9.7036362, "ADM_CD": 1150010900, "F_YR": "2025", "F_ZONE_NM": "서울특별시 강서구 방화동 600-39 지층01", "TYPE": "주택", "TYPE2": "재난지원금" }, "geometry": { "type": "Polygon", "coordinates": [ [ [ 126.810620616347279, 37.56722462655852 ], [ 126.810764146009305, 37.567227246154296 ], [ 126.810764489776361, 37.567145698368464 ], [ 126.810763461129525, 37.567131839525025 ], [ 126.810620423400437, 37.567127247562226 ], [ 126.810620616347279, 37.56722462655852 ] ] ] } },
{ "type": "Feature", "properties": { "PNU": 1.1380103001035601e+18, "피해위치(": "서울특별시 은평구 불광동 356-25", "피해일시": "20250813 - 1200", "F_SHIM": 0.0, "F_AREA": 165.0811475, "F_AVR_HGT": 30.6285301, "ADM_CD": 1138010300, "F_YR": "2025", "F_ZONE_NM": "서울특별시 은평구 불광동 356-25", "TYPE": "소상공인", "TYPE2": "재난지원금" }, "geometry": { "type": "Polygon", "coordinates": [ [ [ 126.925333410198263, 37.621263852686134 ], [ 126.925446857080232, 37.621314651040571 ], [ 126.925512993956374, 37.621217207632696 ], [ 126.925524678024871, 37.621200456931533 ], [ 126.925416782777646, 37.621148490957438 ], [ 126.925388084025698, 37.621188656149904 ], [ 126.925367554425279, 37.621215492104625 ], [ 126.925333410198263, 37.621263852686134 ] ] ] } },
{ "type": "Feature", "properties": { "PNU": 1.1500109001061402e+18, "피해위치(": "서울특별시 강서구 방화동 614-189 지층 좌측", "피해일시": "20250823 - 1253", "F_SHIM": 0.0, "F_AREA": 155.5770464, "F_AVR_HGT": 9.7161846, "ADM_CD": 1150010900, "F_YR": "2025", "F_ZONE_NM": "서울특별시 강서구 방화동 614-189 지층 좌측", "TYPE": "주택", "TYPE2": "재난지원금" }, "geometry": { "type": "Polygon", "coordinates": [ [ [ 126.809130209464556, 37.564781514011806 ], [ 126.809298842656133, 37.564756326764979 ], [ 126.809282483403535, 37.564669715237095 ], [ 126.809111973836153, 37.564685195768611 ], [ 126.809116115541599, 37.564707556016415 ], [ 126.809130209464556, 37.564781514011806 ] ] ] } },
{ "type": "Feature", "properties": { "PNU": 1.15001090010615e+18, "피해위치(": "서울특별시 강서구 방화동 615-36 지층 2호", "피해일시": "20250813 - 1100", "F_SHIM": 0.0, "F_AREA": 139.8672351, "F_AVR_HGT": 8.7614536, "ADM_CD": 1150010900, "F_YR": "2025", "F_ZONE_NM": "서울특별시 강서구 방화동 615-36 지층 2호", "TYPE": "주택", "TYPE2": "재난지원금" }, "geometry": { "type": "Polygon", "coordinates": [ [ [ 126.808321980983777, 37.564675733798531 ], [ 126.808410057182115, 37.564673409178226 ], [ 126.808446098683746, 37.564672242777249 ], [ 126.808449419418963, 37.564560895168476 ], [ 126.808325354797859, 37.564557052242478 ], [ 126.80832436500863, 37.564602847815195 ], [ 126.808321980983777, 37.564675733798531 ] ] ] } },
{ "type": "Feature", "properties": { "PNU": 1.150010900106e+18, "피해위치(": "서울특별시 강서구 방화동 600-40 B01호", "피해일시": "20250814 - 1100", "F_SHIM": 0.0, "F_AREA": 121.7906897, "F_AVR_HGT": 9.7036362, "ADM_CD": 1150010900, "F_YR": "2025", "F_ZONE_NM": "서울특별시 강서구 방화동 600-40 B01호", "TYPE": "주택", "TYPE2": "재난지원금" }, "geometry": { "type": "Polygon", "coordinates": [ [ [ 126.810763461129525, 37.567131839525025 ], [ 126.81076337848404, 37.567057715182692 ], [ 126.810636236227936, 37.567029579096825 ], [ 126.810622604157217, 37.567026718947361 ], [ 126.810620423400437, 37.567127247562226 ], [ 126.810763461129525, 37.567131839525025 ] ] ] } },
{ "type": "Feature", "properties": { "PNU": 1.15001090010589e+18, "피해위치(": "서울 강서구 방화동  589-13번지 신성주택 나동 101호 외54가구", "피해일시": "20250813", "F_SHIM": 0.0, "F_AREA": 3132.4673629, "F_AVR_HGT": 8.3545378, "ADM_CD": 1150010900, "F_YR": "2025", "F_ZONE_NM": "서울 강서구 방화동  589-13번지 신성주택 나동 101호 외54가구", "TYPE": "주택", "TYPE2": "풍수해보험금" }, "geometry": { "type": "Polygon", "coordinates": [ [ [ 126.809297557959511, 37.567529428210314 ], [ 126.809445703478744, 37.567528750301868 ], [ 126.809588518460586, 37.567527784236319 ], [ 126.8097316845828, 37.567526719459842 ], [ 126.80969636812128, 37.567271088103062 ], [ 126.809690772966619, 37.567223921349701 ], [ 126.809660535227636, 37.567009482341227 ], [ 126.809648537443138, 37.566934329529715 ], [ 126.809611881691239, 37.566914195962369 ], [ 126.809089732589158, 37.56699551613098 ], [ 126.809131707950527, 37.566998125319508 ], [ 126.809134487567391, 37.567079236706341 ], [ 126.809137412737471, 37.567160970010264 ], [ 126.809140917625626, 37.567246155037999 ], [ 126.809145430305662, 37.567339991182031 ], [ 126.809149041706448, 37.567436582876233 ], [ 126.809150620119965, 37.567531450371206 ], [ 126.809297557959511, 37.567529428210314 ] ] ] } },
{ "type": "Feature", "properties": { "PNU": 1.1500108001001801e+18, "피해위치(": "서울특별시 강서구 공항동 18-82", "피해일시": "20250813 - 1136", "F_SHIM": 0.0, "F_AREA": 106.7038306, "F_AVR_HGT": 12.0517797, "ADM_CD": 1150010800, "F_YR": "2025", "F_ZONE_NM": "서울특별시 강서구 공항동 18-82", "TYPE": "주택", "TYPE2": "재난지원금" }, "geometry": { "type": "Polygon", "coordinates": [ [ [ 126.811844640857331, 37.563970728346462 ], [ 126.811844252716298, 37.563963105367861 ], [ 126.811937232106658, 37.563910375735247 ], [ 126.811953410831038, 37.563921970392514 ], [ 126.811974950465014, 37.563912832919058 ], [ 126.81190997334555, 37.563840415325203 ], [ 126.811801075482705, 37.56389947132277 ], [ 126.811791522766541, 37.563908357730526 ], [ 126.811844640857331, 37.563970728346462 ] ] ] } },
{ "type": "Feature", "properties": { "PNU": 1.15001090010615e+18, "피해위치(": "서울특별시 강서구 방화동 615-28 지층 2호", "피해일시": "20250813 - 1100", "F_SHIM": 0.0, "F_AREA": 152.7466749, "F_AVR_HGT": 8.7614536, "ADM_CD": 1150010900, "F_YR": "2025", "F_ZONE_NM": "서울특별시 강서구 방화동 615-28 지층 2호", "TYPE": "주택", "TYPE2": "재난지원금" }, "geometry": { "type": "Polygon", "coordinates": [ [ [ 126.808289884662258, 37.564779637205014 ], [ 126.808432925496845, 37.564776843895899 ], [ 126.808431059708255, 37.564767380476731 ], [ 126.808410057182115, 37.564673409178226 ], [ 126.808321980983777, 37.564675733798531 ], [ 126.808252311342628, 37.56467709739767 ], [ 126.808289884662258, 37.564779637205014 ] ] ] } },
{ "type": "Feature", "properties": { "PNU": 1.150010900106e+18, "피해위치(": "서울특별시 강서구 방화동 600-23 지층 오른쪽", "피해일시": "20250813 - 1012", "F_SHIM": 0.0, "F_AREA": 166.435944, "F_AVR_HGT": 8.5925674, "ADM_CD": 1150010900, "F_YR": "2025", "F_ZONE_NM": "서울특별시 강서구 방화동 600-23 지층 오른쪽", "TYPE": "주택", "TYPE2": "재난지원금" }, "geometry": { "type": "Polygon", "coordinates": [ [ [ 126.810441323763229, 37.566998423027549 ], [ 126.810464982299607, 37.566997686464624 ], [ 126.810452904520375, 37.56696240228441 ], [ 126.810439939093754, 37.566924557862755 ], [ 126.810430058697307, 37.566844381047211 ], [ 126.810389969782946, 37.566798978485004 ], [ 126.810340967106214, 37.566786852950905 ], [ 126.810294648008878, 37.566809771132789 ], [ 126.810295544748641, 37.566888482821042 ], [ 126.810294103846886, 37.566911951201931 ], [ 126.810410747653748, 37.566906770179692 ], [ 126.810411880739068, 37.566928458773809 ], [ 126.810441323763229, 37.566998423027549 ] ] ] } },
{ "type": "Feature", "properties": { "PNU": 1.15001090010606e+18, "피해위치(": "서울특별시 강서구 방화동 606-28", "피해일시": "20250814 - 1100", "F_SHIM": 0.0, "F_AREA": 159.3475428, "F_AVR_HGT": 12.1444645, "ADM_CD": 1150010900, "F_YR": "2025", "F_ZONE_NM": "서울특별시 강서구 방화동 606-28", "TYPE": "주택", "TYPE2": "재난지원금" }, "geometry": { "type": "Polygon", "coordinates": [ [ [ 126.810749548172097, 37.565716636444414 ], [ 126.810742842698204, 37.565696308345956 ], [ 126.810722297177875, 37.565666001972829 ], [ 126.810690459266965, 37.565616486315221 ], [ 126.810648578704303, 37.565630239764175 ], [ 126.810603626361072, 37.565645709117064 ], [ 126.81055629767242, 37.565669806067852 ], [ 126.810590252694979, 37.565719099937859 ], [ 126.810618758306035, 37.565761528473601 ], [ 126.810676513346621, 37.565741196458625 ], [ 126.810749548172097, 37.565716636444414 ] ] ] } },
{ "type": "Feature", "properties": { "PNU": 1.1230101001008401e+18, "피해위치(": "서울 동대문구 신설동 84-5번지 지상 1층", "피해일시": "20250716", "F_SHIM": 0.0, "F_AREA": 178.6060612, "F_AVR_HGT": 18.847123, "ADM_CD": 1123010100, "F_YR": "2025", "F_ZONE_NM": "서울 동대문구 신설동 84-5번지 지상 1층", "TYPE": "주택", "TYPE2": "풍수해보험금" }, "geometry": { "type": "Polygon", "coordinates": [ [ [ 127.023664200748925, 37.576259651873464 ], [ 127.023721435212238, 37.57629293259405 ], [ 127.023730304419615, 37.576272784855952 ], [ 127.023828572526568, 37.576182694653731 ], [ 127.023791115575747, 37.576152032127325 ], [ 127.023734262639948, 37.576107164674525 ], [ 127.023623537310485, 37.576219358344389 ], [ 127.023683772028932, 37.576253990002165 ], [ 127.023664200748925, 37.576259651873464 ] ] ] } },
{ "type": "Feature", "properties": { "PNU": 1.1500109001061402e+18, "피해위치(": "서울특별시 강서구 방화동 614-175 지층 2호", "피해일시": "20250813 - 1100", "F_SHIM": 0.0, "F_AREA": 109.5235838, "F_AVR_HGT": 9.7161846, "ADM_CD": 1150010900, "F_YR": "2025", "F_ZONE_NM": "서울특별시 강서구 방화동 614-175 지층 2호", "TYPE": "주택", "TYPE2": "재난지원금" }, "geometry": { "type": "Polygon", "coordinates": [ [ [ 126.80862203629593, 37.564992335830382 ], [ 126.808671361612895, 37.564988506120152 ], [ 126.808715195721774, 37.564985316133424 ], [ 126.808705521153541, 37.564874397795094 ], [ 126.808598661450119, 37.564883296183389 ], [ 126.808618201683387, 37.564978229112761 ], [ 126.80862203629593, 37.564992335830382 ] ] ] } },
{ "type": "Feature", "properties": { "PNU": 1.150010900106e+18, "피해위치(": "서울특별시 강서구 방화동 600-22 지하좌층", "피해일시": "20250813 - 1116", "F_SHIM": 0.0, "F_AREA": 114.453512, "F_AVR_HGT": 8.5925674, "ADM_CD": 1150010900, "F_YR": "2025", "F_ZONE_NM": "서울특별시 강서구 방화동 600-22 지하좌층", "TYPE": "주택", "TYPE2": "재난지원금" }, "geometry": { "type": "Polygon", "coordinates": [ [ [ 126.810294284384099, 37.567000734764747 ], [ 126.810441323763229, 37.566998423027549 ], [ 126.810411880739068, 37.566928458773809 ], [ 126.810410747653748, 37.566906770179692 ], [ 126.810294103846886, 37.566911951201931 ], [ 126.810294284384099, 37.567000734764747 ] ] ] } },
{ "type": "Feature", "properties": { "PNU": 1.150010900106e+18, "피해위치(": "서울특별시 강서구 방화동 600-16 101호", "피해일시": "20250813 - 1100", "F_SHIM": 0.0, "F_AREA": 127.254116, "F_AVR_HGT": 8.5925674, "ADM_CD": 1150010900, "F_YR": "2025", "F_ZONE_NM": "서울특별시 강서구 방화동 600-16 101호", "TYPE": "주택", "TYPE2": "재난지원금" }, "geometry": { "type": "Polygon", "coordinates": [ [ [ 126.810142955063114, 37.567131375967392 ], [ 126.810138185834049, 37.567039999135652 ], [ 126.810135494729735, 37.567007928642475 ], [ 126.810022298920501, 37.567010294895319 ], [ 126.810030827639579, 37.56706562032597 ], [ 126.810033937902986, 37.567088690639913 ], [ 126.810055422694944, 37.567132387316882 ], [ 126.810142955063114, 37.567131375967392 ] ] ] } },
{ "type": "Feature", "properties": { "PNU": 1.15001090010603e+18, "피해위치(": "서울특별시 강서구 방화동 603-11 지층 01호", "피해일시": "20250813 - 1100", "F_SHIM": 0.0, "F_AREA": 127.5361314, "F_AVR_HGT": 10.6970472, "ADM_CD": 1150010900, "F_YR": "2025", "F_ZONE_NM": "서울특별시 강서구 방화동 603-11 지층 01호", "TYPE": "주택", "TYPE2": "재난지원금" }, "geometry": { "type": "Polygon", "coordinates": [ [ [ 126.810795405062734, 37.566638348398691 ], [ 126.810792044989682, 37.566544469116707 ], [ 126.810610548392347, 37.56659689254802 ], [ 126.810611535622016, 37.566644709533513 ], [ 126.810795405062734, 37.566638348398691 ] ] ] } },
{ "type": "Feature", "properties": { "PNU": 1.13801070010376e+18, "피해위치(": "서울특별시 은평구 응암동 376-31 지층 좌측", "피해일시": "20250813 - 1200", "F_SHIM": 0.0, "F_AREA": 174.4733237, "F_AVR_HGT": 15.8749653, "ADM_CD": 1138010700, "F_YR": "2025", "F_ZONE_NM": "서울특별시 은평구 응암동 376-31 지층 좌측", "TYPE": "주택", "TYPE2": "재난지원금" }, "geometry": { "type": "Polygon", "coordinates": [ [ [ 126.91793535798287, 37.591417775548337 ], [ 126.917913761152803, 37.591290180856539 ], [ 126.917822378137174, 37.591298315055546 ], [ 126.917810170435757, 37.591299982230147 ], [ 126.917810823577824, 37.591303172178264 ], [ 126.917812963178136, 37.59131362511517 ], [ 126.917774459270944, 37.591319724498959 ], [ 126.917777050460799, 37.591331349036658 ], [ 126.917802805389726, 37.591436142785597 ], [ 126.917814412941013, 37.591434538255136 ], [ 126.91793535798287, 37.591417775548337 ] ] ] } },
{ "type": "Feature", "properties": { "PNU": 1.13801070010376e+18, "피해위치(": "서울특별시 은평구 응암동 376-18 B02호", "피해일시": "20250813 - 1200", "F_SHIM": 0.0, "F_AREA": 186.8021047, "F_AVR_HGT": 15.8749653, "ADM_CD": 1138010700, "F_YR": "2025", "F_ZONE_NM": "서울특별시 은평구 응암동 376-18 B02호", "TYPE": "주택", "TYPE2": "재난지원금" }, "geometry": { "type": "Polygon", "coordinates": [ [ [ 126.917833659525243, 37.591557662413031 ], [ 126.917842809313115, 37.591556731875663 ], [ 126.917923662636738, 37.59154850010637 ], [ 126.917922199856605, 37.591540300112257 ], [ 126.917980973097343, 37.591532773451945 ], [ 126.917960157160238, 37.591415540644725 ], [ 126.91793535798287, 37.591417775548337 ], [ 126.917814412941013, 37.591434538255136 ], [ 126.917802805389726, 37.591436142785597 ], [ 126.917805904988484, 37.591448767775702 ], [ 126.917833659525243, 37.591557662413031 ] ] ] } },
{ "type": "Feature", "properties": { "PNU": 1.1380103001031002e+18, "피해위치(": "서울특별시 은평구 불광동 310-99 연서상가 스파니엘", "피해일시": "20250813 - 1200", "F_SHIM": 0.0, "F_AREA": 12.549103, "F_AVR_HGT": 27.6662003, "ADM_CD": 1138010300, "F_YR": "2025", "F_ZONE_NM": "서울특별시 은평구 불광동 310-99 연서상가 스파니엘", "TYPE": "소상공인", "TYPE2": "재난지원금" }, "geometry": { "type": "Polygon", "coordinates": [ [ [ 126.921547205084124, 37.619165028328844 ], [ 126.921570744884832, 37.619173252208292 ], [ 126.921591802301947, 37.619140831185398 ], [ 126.921559261269081, 37.61912921352598 ], [ 126.921539222613944, 37.619162238890297 ], [ 126.921547205084124, 37.619165028328844 ] ] ] } },
{ "type": "Feature", "properties": { "PNU": 1.12901030010001e+18, "피해위치(": "서울특별시 성북구 돈암동 1 105동 지하상가", "피해일시": "20250813 - 2301", "F_SHIM": 0.0, "F_AREA": 242.8629887, "F_AVR_HGT": 39.3222748, "ADM_CD": 1129010300, "F_YR": "2025", "F_ZONE_NM": "서울특별시 성북구 돈암동 1 105동 지하상가", "TYPE": "소상공인", "TYPE2": "재난지원금" }, "geometry": { "type": "Polygon", "coordinates": [ [ [ 127.026362177104431, 37.603270616505974 ], [ 127.026291947714583, 37.60321756337575 ], [ 127.026191818589041, 37.603154695743633 ], [ 127.026145497694856, 37.603143082737922 ], [ 127.026034867087148, 37.603171757023794 ], [ 127.0261265234288, 37.603297425061335 ], [ 127.026212574699969, 37.603252538143337 ], [ 127.026224808594549, 37.603262986984532 ], [ 127.026332392697043, 37.603267559429369 ], [ 127.026362177104431, 37.603270616505974 ] ] ] } },
{ "type": "Feature", "properties": { "PNU": 1.13051010010754e+18, "피해위치(": "서울특별시 강북구 미아동 754-20", "피해일시": "20250821 - 1741", "F_SHIM": 0.0, "F_AREA": 82.139998, "F_AVR_HGT": 42.0942123, "ADM_CD": 1130510100, "F_YR": "2025", "F_ZONE_NM": "서울특별시 강북구 미아동 754-20", "TYPE": "주택", "TYPE2": "재난지원금" }, "geometry": { "type": "Polygon", "coordinates": [ [ [ 127.020355423312935, 37.623305858718936 ], [ 127.020449827015952, 37.623306384201491 ], [ 127.020450756118436, 37.623218006944214 ], [ 127.020357303608236, 37.623215778458736 ], [ 127.020356699172098, 37.623244510801065 ], [ 127.020355423312935, 37.623305858718936 ] ] ] } },
{ "type": "Feature", "properties": { "PNU": 1.12901340010488e+18, "피해위치(": "서울특별시 성북구 길음동 488-11", "피해일시": "20250814 - 0800", "F_SHIM": 0.0, "F_AREA": 138.0056512, "F_AVR_HGT": 31.3532749, "ADM_CD": 1129013400, "F_YR": "2025", "F_ZONE_NM": "서울특별시 성북구 길음동 488-11", "TYPE": "주택", "TYPE2": "재난지원금" }, "geometry": { "type": "Polygon", "coordinates": [ [ [ 127.028534349996008, 37.611352995155151 ], [ 127.028693746348921, 37.611348390585697 ], [ 127.028689523734272, 37.611260140407694 ], [ 127.028528712180147, 37.611265637267181 ], [ 127.028534349996008, 37.611352995155151 ] ] ] } },
{ "type": "Feature", "properties": { "PNU": 1.12901380010143e+18, "피해위치(": "서울특별시 성북구 장위동 143-27 장월로38길14-1", "피해일시": "20250822 - 1543", "F_SHIM": 0.0, "F_AREA": 87.412247, "F_AVR_HGT": 21.87005, "ADM_CD": 1129013800, "F_YR": "2025", "F_ZONE_NM": "서울특별시 성북구 장위동 143-27 장월로38길14-1", "TYPE": "주택", "TYPE2": "재난지원금" }, "geometry": { "type": "Polygon", "coordinates": [ [ [ 127.051823467568127, 37.617566947262027 ], [ 127.051908016132643, 37.617626853432242 ], [ 127.05197590939062, 37.617561665507679 ], [ 127.051897188906736, 37.617510901850949 ], [ 127.051890678781774, 37.617514895973862 ], [ 127.05186281808092, 37.617535909720061 ], [ 127.051823467568127, 37.617566947262027 ] ] ] } },
{ "type": "Feature", "properties": { "PNU": 1.12901380010238e+18, "피해위치(": "서울특별시 성북구 장위동 238-73 덕신빌라 B동 02호", "피해일시": "20250822 - 1535", "F_SHIM": 0.0, "F_AREA": 263.0104119, "F_AVR_HGT": 21.8352715, "ADM_CD": 1129013800, "F_YR": "2025", "F_ZONE_NM": "서울특별시 성북구 장위동 238-73 덕신빌라 B동 02호", "TYPE": "주택", "TYPE2": "재난지원금" }, "geometry": { "type": "Polygon", "coordinates": [ [ [ 127.051265262502341, 37.614906884866684 ], [ 127.051367644118727, 37.614980253600066 ], [ 127.05138321626977, 37.61497807565749 ], [ 127.051388739414946, 37.61497198269219 ], [ 127.051531957126116, 37.61484939767972 ], [ 127.051428349381496, 37.614771668857578 ], [ 127.051388265171809, 37.614804553590112 ], [ 127.051265262502341, 37.614906884866684 ] ] ] } },
{ "type": "Feature", "properties": { "PNU": 1.13801070010071e+18, "피해위치(": "서울특별시 은평구 응암동 71-9 지층 101호", "피해일시": "20250813 - 1200", "F_SHIM": 0.0, "F_AREA": 221.7132213, "F_AVR_HGT": 38.0234924, "ADM_CD": 1138010700, "F_YR": "2025", "F_ZONE_NM": "서울특별시 은평구 응암동 71-9 지층 101호", "TYPE": "주택", "TYPE2": "재난지원금" }, "geometry": { "type": "Polygon", "coordinates": [ [ [ 126.929606971404894, 37.599916379916714 ], [ 126.929792926624842, 37.599876552480794 ], [ 126.929757993286358, 37.599781081085879 ], [ 126.929520306028593, 37.59982548995653 ], [ 126.929543267313633, 37.599841090970095 ], [ 126.929553641356549, 37.599875019313352 ], [ 126.929606971404894, 37.599916379916714 ] ] ] } },
{ "type": "Feature", "properties": { "PNU": 1.1290138001006502e+18, "피해위치(": "서울특별시 성북구 장위동 65-201 지하", "피해일시": "20250717 - 1002", "F_SHIM": 0.0, "F_AREA": 181.1604656, "F_AVR_HGT": 23.3577629, "ADM_CD": 1129013800, "F_YR": "2025", "F_ZONE_NM": "서울특별시 성북구 장위동 65-201 지하", "TYPE": "소상공인", "TYPE2": "재난지원금" }, "geometry": { "type": "Polygon", "coordinates": [ [ [ 127.05350958490402, 37.609787289014122 ], [ 127.053634604502889, 37.609848960138272 ], [ 127.053721694563421, 37.609747606247439 ], [ 127.053614957433567, 37.609690359976483 ], [ 127.053582808197717, 37.609695716984909 ], [ 127.05350958490402, 37.609787289014122 ] ] ] } },
{ "type": "Feature", "properties": { "PNU": 1.1290138001023003e+18, "피해위치(": "서울특별시 성북구 장위동 230-248 상민아트빌라 B동 01호", "피해일시": "20250813 - 1800", "F_SHIM": 0.0, "F_AREA": 200.743459, "F_AVR_HGT": 63.8760735, "ADM_CD": 1129013800, "F_YR": "2025", "F_ZONE_NM": "서울특별시 성북구 장위동 230-248 상민아트빌라 B동 01호", "TYPE": "주택", "TYPE2": "재난지원금" }, "geometry": { "type": "Polygon", "coordinates": [ [ [ 127.040660162286969, 37.614743620400546 ], [ 127.040745344787069, 37.614869152839866 ], [ 127.040837805799825, 37.614835434390805 ], [ 127.040859046770407, 37.614800550335588 ], [ 127.04079122321312, 37.614688896320281 ], [ 127.040660162286969, 37.614743620400546 ] ] ] } },
{ "type": "Feature", "properties": { "PNU": 1.1290136001009015e+18, "피해위치(": "서울특별시 성북구 하월곡동 90-1558 지하", "피해일시": "20250813 - 1200", "F_SHIM": 0.0, "F_AREA": 371.4171651, "F_AVR_HGT": 27.0135761, "ADM_CD": 1129013600, "F_YR": "2025", "F_ZONE_NM": "서울특별시 성북구 하월곡동 90-1558 지하", "TYPE": "소상공인", "TYPE2": "재난지원금" }, "geometry": { "type": "Polygon", "coordinates": [ [ [ 127.035119344129015, 37.605336492045872 ], [ 127.035102787144339, 37.605386582376745 ], [ 127.035238038163001, 37.605434286879124 ], [ 127.035374218751855, 37.605258763529008 ], [ 127.035383089708048, 37.605241831522157 ], [ 127.035244510797398, 37.605172000003833 ], [ 127.03519364728821, 37.605238588127115 ], [ 127.035153002433916, 37.60531357948333 ], [ 127.035137927348117, 37.605309610445232 ], [ 127.035119344129015, 37.605336492045872 ] ] ] } },
{ "type": "Feature", "properties": { "PNU": 1.1410118001000905e+18, "피해위치(": "서울특별시 서대문구 홍은동 9-491 ㅇㅇ빌라 ㅇㅇ호", "피해일시": "20250813 - 1100", "F_SHIM": 0.0, "F_AREA": 114.5483114, "F_AVR_HGT": 44.1380997, "ADM_CD": 1141011800, "F_YR": "2025", "F_ZONE_NM": "서울특별시 서대문구 홍은동 9-491 ㅇㅇ빌라 ㅇㅇ호", "TYPE": "주택", "TYPE2": "재난지원금" }, "geometry": { "type": "Polygon", "coordinates": [ [ [ 126.947836522510926, 37.59880834584866 ], [ 126.947953845855679, 37.598796190824785 ], [ 126.94793956660331, 37.598701346824676 ], [ 126.947815880070905, 37.598712615975806 ], [ 126.947836522510926, 37.59880834584866 ] ] ] } },
{ "type": "Feature", "properties": { "PNU": 1.1410118001000905e+18, "피해위치(": "서울특별시 서대문구 홍은동 9-489 ㅇㅇ연립 지하호", "피해일시": "20250813 - 1100", "F_SHIM": 0.0, "F_AREA": 97.7211341, "F_AVR_HGT": 44.5148277, "ADM_CD": 1141011800, "F_YR": "2025", "F_ZONE_NM": "서울특별시 서대문구 홍은동 9-489 ㅇㅇ연립 지하호", "TYPE": "주택", "TYPE2": "재난지원금" }, "geometry": { "type": "Polygon", "coordinates": [ [ [ 126.948050503374645, 37.598688873460908 ], [ 126.948057938493918, 37.59877445223816 ], [ 126.948173313182082, 37.598763521450898 ], [ 126.948163218174528, 37.598676076442551 ], [ 126.948050503374645, 37.598688873460908 ] ] ] } },
{ "type": "Feature", "properties": { "PNU": 1.1305101001005403e+18, "피해위치(": "서울특별시 강북구 미아동 54-253 B01호", "피해일시": "20250822 - 2237", "F_SHIM": 0.0, "F_AREA": 92.4964802, "F_AVR_HGT": 30.5033501, "ADM_CD": 1130510100, "F_YR": "2025", "F_ZONE_NM": "서울특별시 강북구 미아동 54-253 B01호", "TYPE": "주택", "TYPE2": "재난지원금" }, "geometry": { "type": "Polygon", "coordinates": [ [ [ 127.032028917203078, 37.613009363822648 ], [ 127.032098408032766, 37.613024175991335 ], [ 127.032137247239234, 37.613030229526345 ], [ 127.032145006921951, 37.613006018144006 ], [ 127.032161610879953, 37.612951053971202 ], [ 127.032068328805053, 37.612919597864419 ], [ 127.032028917203078, 37.613009363822648 ] ] ] } },
{ "type": "Feature", "properties": { "PNU": 1.1305102001041101e+18, "피해위치(": "서울특별시 강북구 번동 411-59", "피해일시": "20250821 - 0936", "F_SHIM": 0.0, "F_AREA": 110.387563, "F_AVR_HGT": 29.7214153, "ADM_CD": 1130510200, "F_YR": "2025", "F_ZONE_NM": "서울특별시 강북구 번동 411-59", "TYPE": "주택", "TYPE2": "재난지원금" }, "geometry": { "type": "Polygon", "coordinates": [ [ [ 127.028767462073048, 37.635765564228066 ], [ 127.028769495412462, 37.635749256059206 ], [ 127.028776835966568, 37.635684744348445 ], [ 127.028778417771349, 37.635672941172857 ], [ 127.028657869895852, 37.635664499766683 ], [ 127.028653239584628, 37.635705044835795 ], [ 127.028647254128032, 37.63575766331936 ], [ 127.028767462073048, 37.635765564228066 ] ] ] } },
{ "type": "Feature", "properties": { "PNU": 1.13051020010466e+18, "피해위치(": "서울특별시 강북구 번동 466-24 B02호", "피해일시": "20250822 - 1724", "F_SHIM": 0.0, "F_AREA": 116.5011751, "F_AVR_HGT": 30.7839706, "ADM_CD": 1130510200, "F_YR": "2025", "F_ZONE_NM": "서울특별시 강북구 번동 466-24 B02호", "TYPE": "주택", "TYPE2": "재난지원금" }, "geometry": { "type": "Polygon", "coordinates": [ [ [ 127.031168220870114, 37.641894965269692 ], [ 127.031236736033321, 37.641811067082585 ], [ 127.031138028079653, 37.641758745141608 ], [ 127.031069059532982, 37.641842373092622 ], [ 127.031168220870114, 37.641894965269692 ] ] ] } },
{ "type": "Feature", "properties": { "PNU": 1.13051020010466e+18, "피해위치(": "서울특별시 강북구 번동 466-25 B02호", "피해일시": "20250823 - 1242", "F_SHIM": 0.0, "F_AREA": 117.2536781, "F_AVR_HGT": 30.7839706, "ADM_CD": 1130510200, "F_YR": "2025", "F_ZONE_NM": "서울특별시 강북구 번동 466-25 B02호", "TYPE": "주택", "TYPE2": "재난지원금" }, "geometry": { "type": "Polygon", "coordinates": [ [ [ 127.031069059532982, 37.641842373092622 ], [ 127.031138028079653, 37.641758745141608 ], [ 127.03103875360614, 37.641706062868479 ], [ 127.030969331819307, 37.64178978097307 ], [ 127.031024068733984, 37.641818688658098 ], [ 127.031069059532982, 37.641842373092622 ] ] ] } },
{ "type": "Feature", "properties": { "PNU": 1.13051020010466e+18, "피해위치(": "서울특별시 강북구 번동 466-27 B01호", "피해일시": "20250821 - 1637", "F_SHIM": 0.0, "F_AREA": 117.4268148, "F_AVR_HGT": 30.7839706, "ADM_CD": 1130510200, "F_YR": "2025", "F_ZONE_NM": "서울특별시 강북구 번동 466-27 B01호", "TYPE": "주택", "TYPE2": "재난지원금" }, "geometry": { "type": "Polygon", "coordinates": [ [ [ 127.030868470859915, 37.641736288073666 ], [ 127.030939252915331, 37.641654011251603 ], [ 127.030837712591051, 37.641601149177909 ], [ 127.03076851668186, 37.641683335448896 ], [ 127.030868470859915, 37.641736288073666 ] ] ] } },
{ "type": "Feature", "properties": { "PNU": 1.1305103001027601e+18, "피해위치(": "서울특별시 강북구 수유동 276-16 길안그린빌라 101동 지층01호", "피해일시": "20250909 - 1531", "F_SHIM": 0.0, "F_AREA": 305.6908435, "F_AVR_HGT": 38.8755882, "ADM_CD": 1130510300, "F_YR": "2025", "F_ZONE_NM": "서울특별시 강북구 수유동 276-16 길안그린빌라 101동 지층01호", "TYPE": "주택", "TYPE2": "재난지원금" }, "geometry": { "type": "Polygon", "coordinates": [ [ [ 127.015360377592287, 37.647043121143966 ], [ 127.015562921520342, 37.647103588749928 ], [ 127.015623948684237, 37.646971399261226 ], [ 127.015501962558019, 37.646935798192004 ], [ 127.015401850724331, 37.64692784538331 ], [ 127.015377379430177, 37.646948841004239 ], [ 127.015368720043199, 37.646996855040086 ], [ 127.015360377592287, 37.647043121143966 ] ] ] } },
{ "type": "Feature", "properties": { "PNU": 1.13051030010701e+18, "피해위치(": "서울특별시 강북구 수유동 701-6 동원빌라 지하2호", "피해일시": "20250822 - 1422", "F_SHIM": 0.0, "F_AREA": 171.7463949, "F_AVR_HGT": 35.4747208, "ADM_CD": 1130510300, "F_YR": "2025", "F_ZONE_NM": "서울특별시 강북구 수유동 701-6 동원빌라 지하2호", "TYPE": "주택", "TYPE2": "재난지원금" }, "geometry": { "type": "Polygon", "coordinates": [ [ [ 127.018825920263012, 37.648544825029106 ], [ 127.018964396189261, 37.64857381606128 ], [ 127.019008902507494, 37.648463259728473 ], [ 127.01887722248955, 37.648421023402356 ], [ 127.018825920263012, 37.648544825029106 ] ] ] } },
{ "type": "Feature", "properties": { "PNU": 1.13051030010723e+18, "피해위치(": "서울특별시 강북구 수유동 723-3 좌측 B01호", "피해일시": "20250819 - 1648", "F_SHIM": 0.0, "F_AREA": 123.2927048, "F_AVR_HGT": 33.2125557, "ADM_CD": 1130510300, "F_YR": "2025", "F_ZONE_NM": "서울특별시 강북구 수유동 723-3 좌측 B01호", "TYPE": "주택", "TYPE2": "재난지원금" }, "geometry": { "type": "Polygon", "coordinates": [ [ [ 127.024530750532676, 37.646902992818156 ], [ 127.024671842741043, 37.646967294914319 ], [ 127.024715106415798, 37.646899172620337 ], [ 127.0247168050727, 37.64689592877226 ], [ 127.024581493517061, 37.646837121553972 ], [ 127.024578321339931, 37.646838834028657 ], [ 127.024566314277067, 37.646851450040835 ], [ 127.024530750532676, 37.646902992818156 ] ] ] } },
{ "type": "Feature", "properties": { "PNU": 1.1305103001027901e+18, "피해위치(": "서울특별시 강북구 수유동 279-127 지층", "피해일시": "20250813 - 1200", "F_SHIM": 0.0, "F_AREA": 179.3232907, "F_AVR_HGT": 40.2829063, "ADM_CD": 1130510300, "F_YR": "2025", "F_ZONE_NM": "서울특별시 강북구 수유동 279-127 지층", "TYPE": "소상공인", "TYPE2": "재난지원금" }, "geometry": { "type": "Polygon", "coordinates": [ [ [ 127.013503883337918, 37.6482967261366 ], [ 127.01362549511893, 37.648321950058929 ], [ 127.013635213512373, 37.648298064189099 ], [ 127.01366939893488, 37.648221369600805 ], [ 127.013506357899587, 37.648182662328921 ], [ 127.013463270452306, 37.648287684455852 ], [ 127.013503883337918, 37.6482967261366 ] ] ] } },
{ "type": "Feature", "properties": { "PNU": 1.13051030010569e+18, "피해위치(": "서울특별시 강북구 수유동 569 202호", "피해일시": "20250822 - 2127", "F_SHIM": 0.0, "F_AREA": 193.5650581, "F_AVR_HGT": 44.3078926, "ADM_CD": 1130510300, "F_YR": "2025", "F_ZONE_NM": "서울특별시 강북구 수유동 569 202호", "TYPE": "주택", "TYPE2": "재난지원금" }, "geometry": { "type": "Polygon", "coordinates": [ [ [ 127.012087656547166, 37.647302463242191 ], [ 127.012111749572199, 37.647243555264062 ], [ 127.012112163306284, 37.647204687117309 ], [ 127.012051325018035, 37.647195187264813 ], [ 127.012058729179643, 37.647149813446205 ], [ 127.011963821920304, 37.647166868352819 ], [ 127.011956162259366, 37.647168247523986 ], [ 127.01194187468208, 37.64725649038769 ], [ 127.011927295778833, 37.64728729604758 ], [ 127.012087656547166, 37.647302463242191 ] ] ] } },
{ "type": "Feature", "properties": { "PNU": 1.13051030010681e+18, "피해위치(": "서울특별시 강북구 수유동 681-16 B01호", "피해일시": "20250822 - 1307", "F_SHIM": 0.0, "F_AREA": 123.4970453, "F_AVR_HGT": 34.1515892, "ADM_CD": 1130510300, "F_YR": "2025", "F_ZONE_NM": "서울특별시 강북구 수유동 681-16 B01호", "TYPE": "주택", "TYPE2": "재난지원금" }, "geometry": { "type": "Polygon", "coordinates": [ [ [ 127.023341596548718, 37.645431419947386 ], [ 127.023403874213088, 37.645403505174471 ], [ 127.023440196040966, 37.645386614134736 ], [ 127.023435525886811, 37.645380371235888 ], [ 127.023368851580813, 37.645291222976979 ], [ 127.023270648442065, 37.645334965505484 ], [ 127.023341596548718, 37.645431419947386 ] ] ] } },
{ "type": "Feature", "properties": { "PNU": 1.1305103001025201e+18, "피해위치(": "서울특별시 강북구 수유동 252-55 B01호", "피해일시": "20250824 - 1534", "F_SHIM": 0.0, "F_AREA": 186.9242934, "F_AVR_HGT": 34.2494934, "ADM_CD": 1130510300, "F_YR": "2025", "F_ZONE_NM": "서울특별시 강북구 수유동 252-55 B01호", "TYPE": "주택", "TYPE2": "재난지원금" }, "geometry": { "type": "Polygon", "coordinates": [ [ [ 127.022284259154603, 37.645282129763764 ], [ 127.022393174673837, 37.645212960606813 ], [ 127.022305054673495, 37.645131636011321 ], [ 127.022299331818871, 37.645128825972847 ], [ 127.022265099897055, 37.645123543264788 ], [ 127.022247153981667, 37.645131195708565 ], [ 127.02216558436254, 37.64517598853778 ], [ 127.022284259154603, 37.645282129763764 ] ] ] } },
{ "type": "Feature", "properties": { "PNU": 1.1305103001025201e+18, "피해위치(": "서울특별시 강북구 수유동 252-89 지층 좌측", "피해일시": "20250822 - 1416", "F_SHIM": 0.0, "F_AREA": 235.6000447, "F_AVR_HGT": 34.4089325, "ADM_CD": 1130510300, "F_YR": "2025", "F_ZONE_NM": "서울특별시 강북구 수유동 252-89 지층 좌측", "TYPE": "주택", "TYPE2": "재난지원금" }, "geometry": { "type": "Polygon", "coordinates": [ [ [ 127.020903707367978, 37.644933254289747 ], [ 127.02101754551407, 37.645053921329193 ], [ 127.021095566921602, 37.645000660702777 ], [ 127.021116637977713, 37.644984439628949 ], [ 127.021122979421179, 37.644969932854657 ], [ 127.021125922519516, 37.644958850355252 ], [ 127.02108227571253, 37.644913619571625 ], [ 127.021056128762183, 37.644887693801017 ], [ 127.02101512330718, 37.644847030505339 ], [ 127.020903707367978, 37.644933254289747 ] ] ] } },
{ "type": "Feature", "properties": { "PNU": 1.1305103001047203e+18, "피해위치(": "서울특별시 강북구 수유동 472-274 나동 B02호", "피해일시": "20250822 - 2100", "F_SHIM": 0.0, "F_AREA": 236.7324899, "F_AVR_HGT": 40.3233612, "ADM_CD": 1130510300, "F_YR": "2025", "F_ZONE_NM": "서울특별시 강북구 수유동 472-274 나동 B02호", "TYPE": "주택", "TYPE2": "재난지원금" }, "geometry": { "type": "Polygon", "coordinates": [ [ [ 127.018369660496049, 37.633631324204657 ], [ 127.018376629004948, 37.633636278589549 ], [ 127.018417526898816, 37.633685781492183 ], [ 127.018541706356146, 37.633591782608605 ], [ 127.01841530615674, 37.63348454832699 ], [ 127.018292848352019, 37.633576825966195 ], [ 127.018369660496049, 37.633631324204657 ] ] ] } },
{ "type": "Feature", "properties": { "PNU": 1.13051030010121e+18, "피해위치(": "서울특별시 강북구 수유동 121-4 동진아트빌라 101호", "피해일시": "20250822 - 1743", "F_SHIM": 0.0, "F_AREA": 86.5356941, "F_AVR_HGT": 38.9222191, "ADM_CD": 1130510300, "F_YR": "2025", "F_ZONE_NM": "서울특별시 강북구 수유동 121-4 동진아트빌라 101호", "TYPE": "주택", "TYPE2": "재난지원금" }, "geometry": { "type": "Polygon", "coordinates": [ [ [ 127.018456839982164, 37.635687514807536 ], [ 127.018480038279179, 37.635668518861685 ], [ 127.018498576540267, 37.635583716156226 ], [ 127.018516813863044, 37.63547110931141 ], [ 127.0184577634313, 37.635463342362783 ], [ 127.018456839982164, 37.635687514807536 ] ] ] } },
{ "type": "Feature", "properties": { "PNU": 1.13051030010128e+18, "피해위치(": "서울특별시 강북구 수유동 128 아이파크아파트 나동 B01호", "피해일시": "20250822 - 2103", "F_SHIM": 0.0, "F_AREA": 229.5901695, "F_AVR_HGT": 40.4091232, "ADM_CD": 1130510300, "F_YR": "2025", "F_ZONE_NM": "서울특별시 강북구 수유동 128 아이파크아파트 나동 B01호", "TYPE": "주택", "TYPE2": "재난지원금" }, "geometry": { "type": "Polygon", "coordinates": [ [ [ 127.018125448027163, 37.636318120257151 ], [ 127.018163870474339, 37.636285805780354 ], [ 127.018125529607246, 37.636277423078766 ], [ 127.018052501618939, 37.636234907180864 ], [ 127.017994694443502, 37.636216129878591 ], [ 127.017940529424408, 37.636221732500616 ], [ 127.017894150318028, 37.636239028709504 ], [ 127.017892320794431, 37.636265706915999 ], [ 127.017973294249686, 37.636324331288122 ], [ 127.018049667814964, 37.636381884084962 ], [ 127.018125448027163, 37.636318120257151 ] ] ] } },
{ "type": "Feature", "properties": { "PNU": 1.1305103001051601e+18, "피해위치(": "서울특별시 강북구 수유동 516-38", "피해일시": "20250822 - 2056", "F_SHIM": 0.0, "F_AREA": 430.2015772, "F_AVR_HGT": 70.3533981, "ADM_CD": 1130510300, "F_YR": "2025", "F_ZONE_NM": "서울특별시 강북구 수유동 516-38", "TYPE": "주택", "TYPE2": "재난지원금" }, "geometry": { "type": "Polygon", "coordinates": [ [ [ 127.007178997658173, 37.638214818905396 ], [ 127.007206145954413, 37.638094086613727 ], [ 127.006865240989285, 37.638043692854254 ], [ 127.006828789191474, 37.63814726186579 ], [ 127.006844085936677, 37.638168974734718 ], [ 127.007178997658173, 37.638214818905396 ] ] ] } },
{ "type": "Feature", "properties": { "PNU": 1.13051040010101e+18, "피해위치(": "서울특별시 강북구 우이동 101-4 우성빌라 A동 지층1호", "피해일시": "20250823 - 1206", "F_SHIM": 0.0, "F_AREA": 183.4562995, "F_AVR_HGT": 47.8172462, "ADM_CD": 1130510400, "F_YR": "2025", "F_ZONE_NM": "서울특별시 강북구 우이동 101-4 우성빌라 A동 지층1호", "TYPE": "주택", "TYPE2": "재난지원금" }, "geometry": { "type": "Polygon", "coordinates": [ [ [ 127.011843019433442, 37.65460965781876 ], [ 127.011944894914947, 37.654597665894542 ], [ 127.0119780583059, 37.65455363231235 ], [ 127.011957000930394, 37.654458193895692 ], [ 127.011816370090486, 37.654475685166418 ], [ 127.011843019433442, 37.65460965781876 ] ] ] } },
{ "type": "Feature", "properties": { "PNU": 1.1305104002002801e+18, "피해위치(": "서울특별시 강북구 우이동 산28-4", "피해일시": "20250813 - 1200", "F_SHIM": 0.0, "F_AREA": 1232.2766563, "F_AVR_HGT": 134.6497009, "ADM_CD": 1130510400, "F_YR": "2025", "F_ZONE_NM": "서울특별시 강북구 우이동 산28-4", "TYPE": "소상공인", "TYPE2": "재난지원금" }, "geometry": { "type": "Polygon", "coordinates": [ [ [ 127.003020600642884, 37.658344576833834 ], [ 127.003052468606612, 37.658344990872862 ], [ 127.003366896643769, 37.658276278065365 ], [ 127.003373820066216, 37.658238500099486 ], [ 127.003266384219913, 37.658210931919911 ], [ 127.003007994784753, 37.658157147284797 ], [ 127.002779861747896, 37.657951187179172 ], [ 127.002610213540464, 37.658195082649264 ], [ 127.002857044078809, 37.658290403207296 ], [ 127.003020600642884, 37.658344576833834 ] ] ] } },
{ "type": "Feature", "properties": { "PNU": 1.1305104001010001e+18, "피해위치(": "서울특별시 강북구 우이동 100-43 해피하우스연립 106호", "피해일시": "20250823 - 1353", "F_SHIM": 0.0, "F_AREA": 140.1106736, "F_AVR_HGT": 45.6124046, "ADM_CD": 1130510400, "F_YR": "2025", "F_ZONE_NM": "서울특별시 강북구 우이동 100-43 해피하우스연립 106호", "TYPE": "주택", "TYPE2": "재난지원금" }, "geometry": { "type": "Polygon", "coordinates": [ [ [ 127.012355736006086, 37.654135428697181 ], [ 127.012500445855707, 37.654119197768047 ], [ 127.012495002687047, 37.65409397097293 ], [ 127.012481506871922, 37.654022524904931 ], [ 127.012335210830003, 37.654039656931552 ], [ 127.012355736006086, 37.654135428697181 ] ] ] } },
{ "type": "Feature", "properties": { "PNU": 1.13051040010039e+18, "피해위치(": "서울특별시 강북구 우이동 39-2 C동 B01호", "피해일시": "20250822 - 2247", "F_SHIM": 0.0, "F_AREA": 223.8557683, "F_AVR_HGT": 56.8240746, "ADM_CD": 1130510400, "F_YR": "2025", "F_ZONE_NM": "서울특별시 강북구 우이동 39-2 C동 B01호", "TYPE": "주택", "TYPE2": "재난지원금" }, "geometry": { "type": "Polygon", "coordinates": [ [ [ 127.014145340445921, 37.660294943661768 ], [ 127.01417784512897, 37.660168713705914 ], [ 127.014179763942892, 37.660122673722235 ], [ 127.014067676283929, 37.660103855336693 ], [ 127.014040379795816, 37.660200983247115 ], [ 127.014015121888363, 37.660290272459044 ], [ 127.014145340445921, 37.660294943661768 ] ] ] } },
{ "type": "Feature", "properties": { "PNU": 1.13051040010039e+18, "피해위치(": "서울특별시 강북구 우이동 39-7 B동 B02호", "피해일시": "20250822 - 2136", "F_SHIM": 0.0, "F_AREA": 197.4661405, "F_AVR_HGT": 56.8240746, "ADM_CD": 1130510400, "F_YR": "2025", "F_ZONE_NM": "서울특별시 강북구 우이동 39-7 B동 B02호", "TYPE": "주택", "TYPE2": "재난지원금" }, "geometry": { "type": "Polygon", "coordinates": [ [ [ 127.014015121888363, 37.660290272459044 ], [ 127.014040379795816, 37.660200983247115 ], [ 127.01384306448773, 37.660167127394047 ], [ 127.013819940477021, 37.660277589233331 ], [ 127.014015121888363, 37.660290272459044 ] ] ] } },
{ "type": "Feature", "properties": { "PNU": 1.13051040010039e+18, "피해위치(": "서울특별시 강북구 우이동 39-11 한전빌라 A동 B02호", "피해일시": "20250822 - 2122", "F_SHIM": 0.0, "F_AREA": 198.8770125, "F_AVR_HGT": 54.3419922, "ADM_CD": 1130510400, "F_YR": "2025", "F_ZONE_NM": "서울특별시 강북구 우이동 39-11 한전빌라 A동 B02호", "TYPE": "주택", "TYPE2": "재난지원금" }, "geometry": { "type": "Polygon", "coordinates": [ [ [ 127.01384306448773, 37.660167127394047 ], [ 127.014040379795816, 37.660200983247115 ], [ 127.014067676283929, 37.660103855336693 ], [ 127.013870814201468, 37.660067927240725 ], [ 127.01384306448773, 37.660167127394047 ] ] ] } },
{ "type": "Feature", "properties": { "PNU": 1.1305104001007201e+18, "피해위치(": "서울특별시 강북구 우이동 72-159 B03호", "피해일시": "20250822 - 2200", "F_SHIM": 0.0, "F_AREA": 233.0427499, "F_AVR_HGT": 41.038308, "ADM_CD": 1130510400, "F_YR": "2025", "F_ZONE_NM": "서울특별시 강북구 우이동 72-159 B03호", "TYPE": "주택", "TYPE2": "재난지원금" }, "geometry": { "type": "Polygon", "coordinates": [ [ [ 127.012748959881947, 37.649971651376809 ], [ 127.0129039259878, 37.650016694321799 ], [ 127.012946892990527, 37.649927448526242 ], [ 127.012965798163947, 37.649880478830511 ], [ 127.012933150607338, 37.649871715499309 ], [ 127.012811025395663, 37.64983844520615 ], [ 127.012778242280362, 37.649907300902207 ], [ 127.012758203094933, 37.649949423426435 ], [ 127.012748959881947, 37.649971651376809 ] ] ] } },
{ "type": "Feature", "properties": { "PNU": 1.13051010010049e+18, "피해위치(": "서울특별시 강북구 미아동 49-18 B03호", "피해일시": "20250822 - 1307", "F_SHIM": 0.0, "F_AREA": 310.8710959, "F_AVR_HGT": 30.9824055, "ADM_CD": 1130510100, "F_YR": "2025", "F_ZONE_NM": "서울특별시 강북구 미아동 49-18 B03호", "TYPE": "주택", "TYPE2": "재난지원금" }, "geometry": { "type": "Polygon", "coordinates": [ [ [ 127.034135136327578, 37.611890223087251 ], [ 127.034139630836037, 37.611886032281014 ], [ 127.034222395656712, 37.611825048966281 ], [ 127.034303947958904, 37.611762867624257 ], [ 127.034314647215083, 37.61175467472949 ], [ 127.034219600781242, 37.611675757098489 ], [ 127.034212247841339, 37.611669992853528 ], [ 127.034248387208635, 37.611641583898418 ], [ 127.034232614186209, 37.611624289425386 ], [ 127.034175032728271, 37.611673021444695 ], [ 127.034119194804333, 37.611720473560119 ], [ 127.034116092736625, 37.611723204391026 ], [ 127.034101691966129, 37.611736047354562 ], [ 127.034036752742125, 37.611794331740853 ], [ 127.034094043486846, 37.611831697666233 ], [ 127.034135136327578, 37.611890223087251 ] ] ] } },
{ "type": "Feature", "properties": { "PNU": 1.13051020010272e+18, "피해위치(": "서울특별시 강북구 번동 272-3 1층 대한민국농산물", "피해일시": "20250813 - 1200", "F_SHIM": 0.0, "F_AREA": 238.7591253, "F_AVR_HGT": 26.1062706, "ADM_CD": 1130510200, "F_YR": "2025", "F_ZONE_NM": "서울특별시 강북구 번동 272-3 1층 대한민국농산물", "TYPE": "소상공인", "TYPE2": "재난지원금" }, "geometry": { "type": "Polygon", "coordinates": [ [ [ 127.042606162113898, 37.62815746148889 ], [ 127.042524634868371, 37.628120270403819 ], [ 127.042402296510105, 37.628091256278026 ], [ 127.042389398080914, 37.628120065044918 ], [ 127.042420581121505, 37.628134100503615 ], [ 127.04238345311731, 37.628207164743806 ], [ 127.042495849119049, 37.628242885624999 ], [ 127.042573779588892, 37.628269473457905 ], [ 127.042594364536953, 37.628210389102257 ], [ 127.042606162113898, 37.62815746148889 ] ] ] } },
{ "type": "Feature", "properties": { "PNU": 1.13051030010359e+18, "피해위치(": "서울특별시 강북구 수유동 359-16 지층 우측", "피해일시": "20250822 - 2109", "F_SHIM": 0.0, "F_AREA": 153.3929284, "F_AVR_HGT": 43.3538559, "ADM_CD": 1130510300, "F_YR": "2025", "F_ZONE_NM": "서울특별시 강북구 수유동 359-16 지층 우측", "TYPE": "주택", "TYPE2": "재난지원금" }, "geometry": { "type": "Polygon", "coordinates": [ [ [ 127.013287183129989, 37.641399475666766 ], [ 127.013338341880015, 37.641415805267194 ], [ 127.01337416438318, 37.641320478305651 ], [ 127.01350371894199, 37.641347890960077 ], [ 127.013510910317208, 37.641327104689637 ], [ 127.013367464700863, 37.641298432070677 ], [ 127.013248844550446, 37.641274721195707 ], [ 127.013231288284729, 37.641310536776274 ], [ 127.013224379040935, 37.64132463775222 ], [ 127.013287497156227, 37.641379050486577 ], [ 127.013287183129989, 37.641399475666766 ] ] ] } },
{ "type": "Feature", "properties": { "PNU": 1.1305103001056901e+18, "피해위치(": "서울특별시 강북구 수유동 569-109 102호", "피해일시": "20250822 - 2145", "F_SHIM": 0.0, "F_AREA": 32.3131773, "F_AVR_HGT": 46.1150902, "ADM_CD": 1130510300, "F_YR": "2025", "F_ZONE_NM": "서울특별시 강북구 수유동 569-109 102호", "TYPE": "주택", "TYPE2": "재난지원금" }, "geometry": { "type": "Polygon", "coordinates": [ [ [ 127.012058729179643, 37.647149813446205 ], [ 127.012051325018035, 37.647195187264813 ], [ 127.012112163306284, 37.647204687117309 ], [ 127.012112722411771, 37.647152205207988 ], [ 127.01211824004325, 37.647147735870952 ], [ 127.012133535322107, 37.647135346074407 ], [ 127.012086206499788, 37.647144873639704 ], [ 127.012058729179643, 37.647149813446205 ] ] ] } },
{ "type": "Feature", "properties": { "PNU": 1.1305104001007201e+18, "피해위치(": "서울특별시 강북구 우이동 72-160 지층 앞쪽", "피해일시": "20250822 - 2157", "F_SHIM": 0.0, "F_AREA": 196.611337, "F_AVR_HGT": 41.038308, "ADM_CD": 1130510400, "F_YR": "2025", "F_ZONE_NM": "서울특별시 강북구 우이동 72-160 지층 앞쪽", "TYPE": "주택", "TYPE2": "재난지원금" }, "geometry": { "type": "Polygon", "coordinates": [ [ [ 127.012811025395663, 37.64983844520615 ], [ 127.012933150607338, 37.649871715499309 ], [ 127.012965798163947, 37.649880478830511 ], [ 127.013016216737398, 37.649762473139567 ], [ 127.012865795720217, 37.64972192577207 ], [ 127.012843785661545, 37.649768760604687 ], [ 127.012811025395663, 37.64983844520615 ] ] ] } },
{ "type": "Feature", "properties": { "PNU": 1.13051030010282e+18, "피해위치(": "서울특별시 강북구 수유동 282-20 102호", "피해일시": "20250822 - 2213", "F_SHIM": 0.0, "F_AREA": 536.5384047, "F_AVR_HGT": 41.8906372, "ADM_CD": 1130510300, "F_YR": "2025", "F_ZONE_NM": "서울특별시 강북구 수유동 282-20 102호", "TYPE": "주택", "TYPE2": "재난지원금" }, "geometry": { "type": "Polygon", "coordinates": [ [ [ 127.013827342488142, 37.646620426847953 ], [ 127.014125024028843, 37.646706528747856 ], [ 127.014235249079078, 37.646552179697338 ], [ 127.013946179916317, 37.646467879119044 ], [ 127.013827342488142, 37.646620426847953 ] ] ] } },
{ "type": "Feature", "properties": { "PNU": 1.1305103001024e+18, "피해위치(": "서울특별시 강북구 수유동 240-23 반지하 우측", "피해일시": "20250822 - 2203", "F_SHIM": 0.0, "F_AREA": 108.1717035, "F_AVR_HGT": 34.549073, "ADM_CD": 1130510300, "F_YR": "2025", "F_ZONE_NM": "서울특별시 강북구 수유동 240-23 반지하 우측", "TYPE": "주택", "TYPE2": "재난지원금" }, "geometry": { "type": "Polygon", "coordinates": [ [ [ 127.021013808310485, 37.643457004053445 ], [ 127.021154260475342, 37.643493524379878 ], [ 127.021170838220712, 37.643454671505481 ], [ 127.021171245870022, 37.643453716402327 ], [ 127.021173114238579, 37.643449247246778 ], [ 127.021184607555085, 37.643421846630673 ], [ 127.021039657936512, 37.643387858828525 ], [ 127.021013808310485, 37.643457004053445 ] ] ] } },
{ "type": "Feature", "properties": { "PNU": 1.13051030010334e+18, "피해위치(": "서울특별시 강북구 수유동 334-30 B1호", "피해일시": "20250822 - 1037", "F_SHIM": 0.0, "F_AREA": 125.9749029, "F_AVR_HGT": 39.1679886, "ADM_CD": 1130510300, "F_YR": "2025", "F_ZONE_NM": "서울특별시 강북구 수유동 334-30 B1호", "TYPE": "주택", "TYPE2": "재난지원금" }, "geometry": { "type": "Polygon", "coordinates": [ [ [ 127.016631939938989, 37.643045530855652 ], [ 127.016730793728271, 37.643076646900653 ], [ 127.016769131577959, 37.642998500238185 ], [ 127.016735817282054, 37.642985791756729 ], [ 127.016636339047807, 37.642947837381747 ], [ 127.016595532667495, 37.643034075088451 ], [ 127.016631939938989, 37.643045530855652 ] ] ] } },
{ "type": "Feature", "properties": { "PNU": 1.1320108001028204e+18, "피해위치(": "서울특별시 도봉구 도봉동 282-334 지하1층", "피해일시": "20250813 - 1200", "F_SHIM": 0.0, "F_AREA": 220.78067, "F_AVR_HGT": 40.4318779, "ADM_CD": 1132010800, "F_YR": "2025", "F_ZONE_NM": "서울특별시 도봉구 도봉동 282-334 지하1층", "TYPE": "주택", "TYPE2": "재난지원금" }, "geometry": { "type": "Polygon", "coordinates": [ [ [ 127.043159898750204, 37.68873447527222 ], [ 127.043185063835551, 37.688727168530768 ], [ 127.043209878605637, 37.688701662320213 ], [ 127.043212193709948, 37.688584175054274 ], [ 127.043058910968284, 37.688583238071509 ], [ 127.043053665014739, 37.688731449432687 ], [ 127.043159898750204, 37.68873447527222 ] ] ] } },
{ "type": "Feature", "properties": { "PNU": 1.13201050010423e+18, "피해위치(": "서울특별시 도봉구 쌍문동 423-43 백상빌라 B02호", "피해일시": "20250813 - 1200", "F_SHIM": 0.0, "F_AREA": 342.0703731, "F_AVR_HGT": 40.1783646, "ADM_CD": 1132010500, "F_YR": "2025", "F_ZONE_NM": "서울특별시 도봉구 쌍문동 423-43 백상빌라 B02호", "TYPE": "주택", "TYPE2": "재난지원금" }, "geometry": { "type": "Polygon", "coordinates": [ [ [ 127.014004817913957, 37.650867878795673 ], [ 127.014029956880407, 37.65076399365077 ], [ 127.014073924751472, 37.65076939483437 ], [ 127.014094985567326, 37.650673708985508 ], [ 127.014060649691302, 37.650668396883923 ], [ 127.013980532841884, 37.650657053079492 ], [ 127.013896676430164, 37.650644898734932 ], [ 127.013886601652686, 37.650707697789407 ], [ 127.013865207677114, 37.650846089876929 ], [ 127.013918014838239, 37.650854643607801 ], [ 127.013949857739519, 37.650859505525609 ], [ 127.014004817913957, 37.650867878795673 ] ] ] } },
{ "type": "Feature", "properties": { "PNU": 1.13201050010414e+18, "피해위치(": "서울특별시 도봉구 쌍문동 414-95 B02", "피해일시": "20250813 - 1200", "F_SHIM": 0.0, "F_AREA": 147.068106, "F_AVR_HGT": 36.7632835, "ADM_CD": 1132010500, "F_YR": "2025", "F_ZONE_NM": "서울특별시 도봉구 쌍문동 414-95 B02", "TYPE": "주택", "TYPE2": "재난지원금" }, "geometry": { "type": "Polygon", "coordinates": [ [ [ 127.018985827596481, 37.64912241709213 ], [ 127.019109903756572, 37.649109154315489 ], [ 127.019187408881294, 37.649101033953116 ], [ 127.019128695378186, 37.649030496322908 ], [ 127.018968129346518, 37.649031781542639 ], [ 127.018985827596481, 37.64912241709213 ] ] ] } },
{ "type": "Feature", "properties": { "PNU": 1.13201080010624e+18, "피해위치(": "서울특별시 도봉구 도봉동 624-42 지하1층 101호", "피해일시": "20250813 - 1200", "F_SHIM": 0.0, "F_AREA": 134.2391709, "F_AVR_HGT": 26.7789772, "ADM_CD": 1132010800, "F_YR": "2025", "F_ZONE_NM": "서울특별시 도봉구 도봉동 624-42 지하1층 101호", "TYPE": "주택", "TYPE2": "재난지원금" }, "geometry": { "type": "Polygon", "coordinates": [ [ [ 127.045678284808517, 37.673807085634643 ], [ 127.045777803666226, 37.673800110853421 ], [ 127.045757894401348, 37.673677676229815 ], [ 127.045559989442935, 37.673689823308024 ], [ 127.045561925367622, 37.67370495891457 ], [ 127.045663598210012, 37.673698704202991 ], [ 127.045678284808517, 37.673807085634643 ] ] ] } },
{ "type": "Feature", "properties": { "PNU": 1.13201080010617e+18, "피해위치(": "서울특별시 도봉구 도봉동 617-13 반지하", "피해일시": "20250813 - 1200", "F_SHIM": 0.0, "F_AREA": 211.4305261, "F_AVR_HGT": 27.0661228, "ADM_CD": 1132010800, "F_YR": "2025", "F_ZONE_NM": "서울특별시 도봉구 도봉동 617-13 반지하", "TYPE": "주택", "TYPE2": "재난지원금" }, "geometry": { "type": "Polygon", "coordinates": [ [ [ 127.043662551519617, 37.672812248889606 ], [ 127.043633100037781, 37.67264639043696 ], [ 127.043505476856012, 37.672662563332089 ], [ 127.043533339935351, 37.672826260048843 ], [ 127.043662551519617, 37.672812248889606 ] ] ] } },
{ "type": "Feature", "properties": { "PNU": 1.13201060010714e+18, "피해위치(": "서울특별시 도봉구 방학동 714-13 대림빌라 B02호", "피해일시": "20250813 - 1200", "F_SHIM": 0.0, "F_AREA": 318.2080128, "F_AVR_HGT": 25.2275379, "ADM_CD": 1132010600, "F_YR": "2025", "F_ZONE_NM": "서울특별시 도봉구 방학동 714-13 대림빌라 B02호", "TYPE": "주택", "TYPE2": "재난지원금" }, "geometry": { "type": "Polygon", "coordinates": [ [ [ 127.044922991911534, 37.664725741657378 ], [ 127.044930652944146, 37.664627352545921 ], [ 127.044934759031918, 37.664574553994392 ], [ 127.044742532061662, 37.664564380513688 ], [ 127.044748843961642, 37.664503985954084 ], [ 127.044742532046001, 37.664564353484529 ], [ 127.044719977133823, 37.664563190480848 ], [ 127.044704761857531, 37.664710505199622 ], [ 127.044922991911534, 37.664725741657378 ] ] ] } },
{ "type": "Feature", "properties": { "PNU": 1.1320106001064201e+18, "피해위치(": "서울특별시 도봉구 방학동 642-37 B01", "피해일시": "20250813 - 1652", "F_SHIM": 0.0, "F_AREA": 145.3916702, "F_AVR_HGT": 27.6798428, "ADM_CD": 1132010600, "F_YR": "2025", "F_ZONE_NM": "서울특별시 도봉구 방학동 642-37 B01", "TYPE": "소상공인", "TYPE2": "재난지원금" }, "geometry": { "type": "Polygon", "coordinates": [ [ [ 127.038634507010286, 37.667711370207442 ], [ 127.038734622126157, 37.667778551246521 ], [ 127.038821620260336, 37.667680407818182 ], [ 127.038733296236472, 37.66762007052715 ], [ 127.038634507010286, 37.667711370207442 ] ] ] } },
{ "type": "Feature", "properties": { "PNU": 1.1320106001065801e+18, "피해위치(": "서울특별시 도봉구 방학동 658-43 지하 왼쪽집", "피해일시": "20250813 - 1200", "F_SHIM": 0.0, "F_AREA": 117.1089266, "F_AVR_HGT": 26.6845139, "ADM_CD": 1132010600, "F_YR": "2025", "F_ZONE_NM": "서울특별시 도봉구 방학동 658-43 지하 왼쪽집", "TYPE": "주택", "TYPE2": "재난지원금" }, "geometry": { "type": "Polygon", "coordinates": [ [ [ 127.040501319773682, 37.667607516602175 ], [ 127.04050085617952, 37.66758796564261 ], [ 127.040498774084185, 37.667507779738521 ], [ 127.040380219501671, 37.667510701965583 ], [ 127.040381858997279, 37.667611790589696 ], [ 127.040501319773682, 37.667607516602175 ] ] ] } },
{ "type": "Feature", "properties": { "PNU": 1.1320106001066001e+18, "피해위치(": "서울특별시 도봉구 방학동 660-14 b01", "피해일시": "20250813 - 1200", "F_SHIM": 0.0, "F_AREA": 114.1989373, "F_AVR_HGT": 28.4148567, "ADM_CD": 1132010600, "F_YR": "2025", "F_ZONE_NM": "서울특별시 도봉구 방학동 660-14 b01", "TYPE": "주택", "TYPE2": "재난지원금" }, "geometry": { "type": "Polygon", "coordinates": [ [ [ 127.037256737897181, 37.666107252728359 ], [ 127.037329584535016, 37.666042450666453 ], [ 127.037339327585471, 37.66603370826865 ], [ 127.03725157172866, 37.665969855882587 ], [ 127.037170002387086, 37.666044030654575 ], [ 127.037256737897181, 37.666107252728359 ] ] ] } },
{ "type": "Feature", "properties": { "PNU": 1.13201060010659e+18, "피해위치(": "서울특별시 도봉구 방학동 659-7 지층 B2호", "피해일시": "20250813 - 1200", "F_SHIM": 0.0, "F_AREA": 134.9801757, "F_AVR_HGT": 28.35546, "ADM_CD": 1132010600, "F_YR": "2025", "F_ZONE_NM": "서울특별시 도봉구 방학동 659-7 지층 B2호", "TYPE": "주택", "TYPE2": "재난지원금" }, "geometry": { "type": "Polygon", "coordinates": [ [ [ 127.038404845939723, 37.667195004536559 ], [ 127.038274345384281, 37.667105668745435 ], [ 127.038208183702224, 37.667166414921631 ], [ 127.038338117263592, 37.667255120280906 ], [ 127.038404845939723, 37.667195004536559 ] ] ] } },
{ "type": "Feature", "properties": { "PNU": 1.13201060010397e+18, "피해위치(": "서울특별시 도봉구 방학동 397-3 B01", "피해일시": "20250813 - 1200", "F_SHIM": 0.0, "F_AREA": 169.6531919, "F_AVR_HGT": 37.8012131, "ADM_CD": 1132010600, "F_YR": "2025", "F_ZONE_NM": "서울특별시 도봉구 방학동 397-3 B01", "TYPE": "주택", "TYPE2": "재난지원금" }, "geometry": { "type": "Polygon", "coordinates": [ [ [ 127.033069272593593, 37.669595212115453 ], [ 127.033116608321635, 37.669494470703555 ], [ 127.032996907813228, 37.669476032764514 ], [ 127.032947486015985, 37.669468387673739 ], [ 127.032920894842064, 37.669575160014901 ], [ 127.032961814920569, 37.669580735145843 ], [ 127.033069272593593, 37.669595212115453 ] ] ] } },
{ "type": "Feature", "properties": { "PNU": 1.13201060010649e+18, "피해위치(": "서울특별시 도봉구 방학동 649-13 지층 B03호", "피해일시": "20250813 - 1200", "F_SHIM": 0.0, "F_AREA": 196.4634326, "F_AVR_HGT": 25.8300694, "ADM_CD": 1132010600, "F_YR": "2025", "F_ZONE_NM": "서울특별시 도봉구 방학동 649-13 지층 B03호", "TYPE": "주택", "TYPE2": "재난지원금" }, "geometry": { "type": "Polygon", "coordinates": [ [ [ 127.04157622222175, 37.668591559452146 ], [ 127.041700324316807, 37.668573768082894 ], [ 127.04170984448055, 37.668572413380666 ], [ 127.041709276303408, 37.668569710655866 ], [ 127.041691093103267, 37.668480340348381 ], [ 127.04187673700396, 37.668455770524112 ], [ 127.04187434463897, 37.668433337119744 ], [ 127.041756815542172, 37.668448873998607 ], [ 127.041642459828424, 37.668464049291948 ], [ 127.041552471246007, 37.668475972705643 ], [ 127.041568608278894, 37.668554532055865 ], [ 127.04157622222175, 37.668591559452146 ] ] ] } },
{ "type": "Feature", "properties": { "PNU": 1.13201080010611e+18, "피해위치(": "서울특별시 도봉구 도봉동 611-6 B01호", "피해일시": "20250813 - 1200", "F_SHIM": 0.0, "F_AREA": 163.1296449, "F_AVR_HGT": 25.7825096, "ADM_CD": 1132010800, "F_YR": "2025", "F_ZONE_NM": "서울특별시 도봉구 도봉동 611-6 B01호", "TYPE": "주택", "TYPE2": "재난지원금" }, "geometry": { "type": "Polygon", "coordinates": [ [ [ 127.04173755501327, 37.670564184131173 ], [ 127.041869263916112, 37.670563598570162 ], [ 127.041892943040352, 37.670544399754547 ], [ 127.041891421069565, 37.670454933707468 ], [ 127.041736022922436, 37.670455617468967 ], [ 127.04173755501327, 37.670564184131173 ] ] ] } },
{ "type": "Feature", "properties": { "PNU": 1.13201080010611e+18, "피해위치(": "서울특별시 도봉구 도봉동 611-7 B01", "피해일시": "20250813 - 1200", "F_SHIM": 0.0, "F_AREA": 164.4705242, "F_AVR_HGT": 25.7825096, "ADM_CD": 1132010800, "F_YR": "2025", "F_ZONE_NM": "서울특별시 도봉구 도봉동 611-7 B01", "TYPE": "주택", "TYPE2": "재난지원금" }, "geometry": { "type": "Polygon", "coordinates": [ [ [ 127.041891421069565, 37.670454933707468 ], [ 127.04188943585838, 37.67034726817289 ], [ 127.041734490690331, 37.670346780513029 ], [ 127.041734961188553, 37.670378494584924 ], [ 127.041736022922436, 37.670455617468967 ], [ 127.041891421069565, 37.670454933707468 ] ] ] } },
{ "type": "Feature", "properties": { "PNU": 1.13201080010611e+18, "피해위치(": "서울특별시 도봉구 도봉동 611-8 지하", "피해일시": "20250813 - 1200", "F_SHIM": 0.0, "F_AREA": 180.5368534, "F_AVR_HGT": 25.7825096, "ADM_CD": 1132010800, "F_YR": "2025", "F_ZONE_NM": "서울특별시 도봉구 도봉동 611-8 지하", "TYPE": "주택", "TYPE2": "재난지원금" }, "geometry": { "type": "Polygon", "coordinates": [ [ [ 127.04188943585838, 37.67034726817289 ], [ 127.041934774226874, 37.670346712064948 ], [ 127.041930535508527, 37.670263914142808 ], [ 127.041930076651397, 37.670253823407698 ], [ 127.041911374330454, 37.670253559521235 ], [ 127.041733194294551, 37.67025488175814 ], [ 127.041734490690331, 37.670346780513029 ], [ 127.04188943585838, 37.67034726817289 ] ] ] } },
{ "type": "Feature", "properties": { "PNU": 1.13201060010649e+18, "피해위치(": "서울특별시 도봉구 방학동 649-21 우측문 b02호", "피해일시": "20250813 - 1200", "F_SHIM": 0.0, "F_AREA": 130.053352, "F_AVR_HGT": 26.0218323, "ADM_CD": 1132010600, "F_YR": "2025", "F_ZONE_NM": "서울특별시 도봉구 방학동 649-21 우측문 b02호", "TYPE": "주택", "TYPE2": "재난지원금" }, "geometry": { "type": "Polygon", "coordinates": [ [ [ 127.041718943304645, 37.668210129112744 ], [ 127.041849053538144, 37.668195308748835 ], [ 127.041839142272224, 37.668102151544232 ], [ 127.041696564537546, 37.668117156338795 ], [ 127.041711576420582, 37.668210942498469 ], [ 127.041718943304645, 37.668210129112744 ] ] ] } },
{ "type": "Feature", "properties": { "PNU": 1.1320108001061201e+18, "피해위치(": "서울특별시 도봉구 도봉동 612-44 삼원빌라 나동 지02호", "피해일시": "20250813 - 1200", "F_SHIM": 0.0, "F_AREA": 480.2335434, "F_AVR_HGT": 25.7825096, "ADM_CD": 1132010800, "F_YR": "2025", "F_ZONE_NM": "서울특별시 도봉구 도봉동 612-44 삼원빌라 나동 지02호", "TYPE": "주택", "TYPE2": "재난지원금" }, "geometry": { "type": "Polygon", "coordinates": [ [ [ 127.04199610204887, 37.670777536076287 ], [ 127.042318460362637, 37.670774812206204 ], [ 127.042296286904659, 37.670645530325949 ], [ 127.042253425596726, 37.670616083334437 ], [ 127.04214155229154, 37.670616572398238 ], [ 127.041992501196617, 37.670617164214562 ], [ 127.041994826605944, 37.670724829625719 ], [ 127.041995173252872, 37.670736992634879 ], [ 127.04199610204887, 37.670777536076287 ] ] ] } },
{ "type": "Feature", "properties": { "PNU": 1.13201050010025e+18, "피해위치(": "서울특별시 도봉구 쌍문동 25-44 지하", "피해일시": "20250813 - 1200", "F_SHIM": 0.0, "F_AREA": 159.5856789, "F_AVR_HGT": 37.9851158, "ADM_CD": 1132010500, "F_YR": "2025", "F_ZONE_NM": "서울특별시 도봉구 쌍문동 25-44 지하", "TYPE": "주택", "TYPE2": "재난지원금" }, "geometry": { "type": "Polygon", "coordinates": [ [ [ 127.036724000035932, 37.659064591458836 ], [ 127.036732581039473, 37.658996745535802 ], [ 127.036736416920135, 37.658960074737927 ], [ 127.03657786450286, 37.658950211243429 ], [ 127.036567485338466, 37.659050492763484 ], [ 127.036724000035932, 37.659064591458836 ] ] ] } },
{ "type": "Feature", "properties": { "PNU": 1.13201050010512e+18, "피해위치(": "서울특별시 도봉구 쌍문동 512-19", "피해일시": "20250820 - 0956", "F_SHIM": 0.0, "F_AREA": 162.1087592, "F_AVR_HGT": 52.7179001, "ADM_CD": 1132010500, "F_YR": "2025", "F_ZONE_NM": "서울특별시 도봉구 쌍문동 512-19", "TYPE": "소상공인", "TYPE2": "재난지원금" }, "geometry": { "type": "Polygon", "coordinates": [ [ [ 127.01442112722836, 37.659282489141731 ], [ 127.014403084697122, 37.65914887662926 ], [ 127.014283637063073, 37.659159521108073 ], [ 127.014301907077353, 37.659299170141438 ], [ 127.01442112722836, 37.659282489141731 ] ] ] } },
{ "type": "Feature", "properties": { "PNU": 1.13201060010501e+18, "피해위치(": "서울특별시 도봉구 방학동 501 지하1층", "피해일시": "20250813 - 1507", "F_SHIM": 0.0, "F_AREA": 381.6548822, "F_AVR_HGT": 41.4343002, "ADM_CD": 1132010600, "F_YR": "2025", "F_ZONE_NM": "서울특별시 도봉구 방학동 501 지하1층", "TYPE": "소상공인", "TYPE2": "재난지원금" }, "geometry": { "type": "Polygon", "coordinates": [ [ [ 127.023666624097089, 37.659822691487697 ], [ 127.023570285459471, 37.659797121866539 ], [ 127.023477467220317, 37.659795607521872 ], [ 127.023073101603302, 37.659789014878584 ], [ 127.023431594261879, 37.659883911518619 ], [ 127.023453128856303, 37.659889853946538 ], [ 127.023609877113969, 37.659929647758993 ], [ 127.023612482308337, 37.659924872108206 ], [ 127.023651899426739, 37.659850714547346 ], [ 127.023666624097089, 37.659822691487697 ] ] ] } },
{ "type": "Feature", "properties": { "PNU": 1.13201050010217e+18, "피해위치(": "서울특별시 도봉구 쌍문동 217 지하1층", "피해일시": "20250813 - 1515", "F_SHIM": 0.0, "F_AREA": 291.9601851, "F_AVR_HGT": 35.6636093, "ADM_CD": 1132010500, "F_YR": "2025", "F_ZONE_NM": "서울특별시 도봉구 쌍문동 217 지하1층", "TYPE": "소상공인", "TYPE2": "재난지원금" }, "geometry": { "type": "Polygon", "coordinates": [ [ [ 127.032735957976641, 37.659121574495138 ], [ 127.032603701660079, 37.659119987661931 ], [ 127.032544576113253, 37.659198117693037 ], [ 127.032517275862446, 37.659227496629548 ], [ 127.032493938353142, 37.659247774679457 ], [ 127.032461762189399, 37.659270667868441 ], [ 127.032678454009215, 37.659283044281523 ], [ 127.032731930307662, 37.659246270396913 ], [ 127.032735957976641, 37.659121574495138 ] ] ] } },
{ "type": "Feature", "properties": { "PNU": 1.1320105001022001e+18, "피해위치(": "서울특별시 도봉구 쌍문동 220 유송맨션연립 B동 B02호", "피해일시": "20250813 - 1200", "F_SHIM": 0.0, "F_AREA": 479.2730368, "F_AVR_HGT": 34.0641869, "ADM_CD": 1132010500, "F_YR": "2025", "F_ZONE_NM": "서울특별시 도봉구 쌍문동 220 유송맨션연립 B동 B02호", "TYPE": "주택", "TYPE2": "재난지원금" }, "geometry": { "type": "Polygon", "coordinates": [ [ [ 127.032682049217456, 37.659750378648582 ], [ 127.032698181456851, 37.659573332960704 ], [ 127.032683670435745, 37.659561984519961 ], [ 127.032626426961215, 37.65953397932978 ], [ 127.032531312625139, 37.659461205654651 ], [ 127.032478143481754, 37.659419504512918 ], [ 127.03238845098285, 37.659576297526279 ], [ 127.032465983670946, 37.659611865694615 ], [ 127.032555198614304, 37.659669414509068 ], [ 127.032682049217456, 37.659750378648582 ] ] ] } },
{ "type": "Feature", "properties": { "PNU": 1.1320105001022001e+18, "피해위치(": "서울특별시 도봉구 쌍문동 220-5 은행맨션연립 B01호", "피해일시": "20250813 - 1200", "F_SHIM": 0.0, "F_AREA": 251.2845822, "F_AVR_HGT": 34.0641869, "ADM_CD": 1132010500, "F_YR": "2025", "F_ZONE_NM": "서울특별시 도봉구 쌍문동 220-5 은행맨션연립 B01호", "TYPE": "주택", "TYPE2": "재난지원금" }, "geometry": { "type": "Polygon", "coordinates": [ [ [ 127.03207062722376, 37.659465019846387 ], [ 127.0320830406895, 37.659336087220673 ], [ 127.031941597665465, 37.659318284488748 ], [ 127.031869873152559, 37.659351008326546 ], [ 127.031833189229857, 37.659437060795881 ], [ 127.031847921077272, 37.65943444418447 ], [ 127.031856193586194, 37.659433000498844 ], [ 127.031882489611533, 37.659441462891728 ], [ 127.031900846809222, 37.659435872125741 ], [ 127.031913992914411, 37.659435418252535 ], [ 127.031974853667293, 37.65944152918194 ], [ 127.032057026576155, 37.659462500639805 ], [ 127.032065640329407, 37.65946412016347 ], [ 127.03207062722376, 37.659465019846387 ] ] ] } },
{ "type": "Feature", "properties": { "PNU": 1.13201060010677e+18, "피해위치(": "서울특별시 도봉구 방학동 677-6 천보빌라 가동 B01호", "피해일시": "20250813 - 1200", "F_SHIM": 0.0, "F_AREA": 620.5211465, "F_AVR_HGT": 26.3192528, "ADM_CD": 1132010600, "F_YR": "2025", "F_ZONE_NM": "서울특별시 도봉구 방학동 677-6 천보빌라 가동 B01호", "TYPE": "주택", "TYPE2": "재난지원금" }, "geometry": { "type": "Polygon", "coordinates": [ [ [ 127.041212462312473, 37.662345324874174 ], [ 127.041350552141722, 37.662435916289624 ], [ 127.0414880723213, 37.662308922578674 ], [ 127.041355987063596, 37.662214184815461 ], [ 127.041358173398351, 37.662063811554098 ], [ 127.041317373281117, 37.662064095617119 ], [ 127.041272039849176, 37.662064471291075 ], [ 127.041199393051798, 37.662065126429674 ], [ 127.0412063857069, 37.662214055042575 ], [ 127.041206501439206, 37.662218559872493 ], [ 127.041212462312473, 37.662345324874174 ] ] ] } },
{ "type": "Feature", "properties": { "PNU": 1.1320105001009801e+18, "피해위치(": "서울특별시 도봉구 쌍문동 98-76 (쌍문동)", "피해일시": "20250813 - 1200", "F_SHIM": 0.0, "F_AREA": 101.8027037, "F_AVR_HGT": 41.5989845, "ADM_CD": 1132010500, "F_YR": "2025", "F_ZONE_NM": "서울특별시 도봉구 쌍문동 98-76 (쌍문동)", "TYPE": "주택", "TYPE2": "재난지원금" }, "geometry": { "type": "Polygon", "coordinates": [ [ [ 127.032702604813167, 37.647656494445989 ], [ 127.032733875655964, 37.64764855758829 ], [ 127.032821229806885, 37.647625829850114 ], [ 127.032789922346907, 37.647546372065442 ], [ 127.032672316748375, 37.647575774994657 ], [ 127.032702604813167, 37.647656494445989 ] ] ] } },
{ "type": "Feature", "properties": { "PNU": 1.1320105001042301e+18, "피해위치(": "서울특별시 도봉구 쌍문동 423-93 지하3호", "피해일시": "20250813 - 1200", "F_SHIM": 0.0, "F_AREA": 139.258092, "F_AVR_HGT": 40.1783646, "ADM_CD": 1132010500, "F_YR": "2025", "F_ZONE_NM": "서울특별시 도봉구 쌍문동 423-93 지하3호", "TYPE": "주택", "TYPE2": "재난지원금" }, "geometry": { "type": "Polygon", "coordinates": [ [ [ 127.013816575315587, 37.650728697838943 ], [ 127.013823932633244, 37.650678512732242 ], [ 127.013830156313006, 37.650625534718557 ], [ 127.013697686384006, 37.650608970513936 ], [ 127.01367696586415, 37.650709791818663 ], [ 127.013816575315587, 37.650728697838943 ] ] ] } },
{ "type": "Feature", "properties": { "PNU": 1.13201050010096e+18, "피해위치(": "서울특별시 도봉구 쌍문동 96-14 지층", "피해일시": "20250813 - 1200", "F_SHIM": 0.0, "F_AREA": 120.7005451, "F_AVR_HGT": 41.5989845, "ADM_CD": 1132010500, "F_YR": "2025", "F_ZONE_NM": "서울특별시 도봉구 쌍문동 96-14 지층", "TYPE": "주택", "TYPE2": "재난지원금" }, "geometry": { "type": "Polygon", "coordinates": [ [ [ 127.033507486423659, 37.647715112712412 ], [ 127.033473354615751, 37.647657189203088 ], [ 127.033468365368449, 37.647648991672391 ], [ 127.033327654443283, 37.64770245756818 ], [ 127.033321879820875, 37.647712550056177 ], [ 127.033359069893152, 37.647767950050721 ], [ 127.033362698580461, 37.647774255903471 ], [ 127.033378786241087, 37.64776794472855 ], [ 127.033507486423659, 37.647715112712412 ] ] ] } },
{ "type": "Feature", "properties": { "PNU": 1.1320107001066701e+18, "피해위치(": "서울특별시 도봉구 창동 667-27 한신빌라 B02호", "피해일시": "20250814 - 0000", "F_SHIM": 0.0, "F_AREA": 114.7141283, "F_AVR_HGT": 37.970166, "ADM_CD": 1132010700, "F_YR": "2025", "F_ZONE_NM": "서울특별시 도봉구 창동 667-27 한신빌라 B02호", "TYPE": "주택", "TYPE2": "재난지원금" }, "geometry": { "type": "Polygon", "coordinates": [ [ [ 127.037304628055978, 37.647813580004943 ], [ 127.037426104206375, 37.647824444908572 ], [ 127.037431411325571, 37.647785881520925 ], [ 127.037434121626035, 37.647766780004879 ], [ 127.037439202893339, 37.647729838442082 ], [ 127.037437389810052, 37.647729658798809 ], [ 127.037315913769191, 37.647718703808977 ], [ 127.037310497865036, 37.647766817570442 ], [ 127.037305870342976, 37.647804930258658 ], [ 127.037304628055978, 37.647813580004943 ] ] ] } },
{ "type": "Feature", "properties": { "PNU": 1.1320107001070001e+18, "피해위치(": "서울특별시 도봉구 창동 700-52 석정빌라연립 B01호", "피해일시": "20250813 - 1400", "F_SHIM": 0.0, "F_AREA": 409.8891722, "F_AVR_HGT": 31.5510777, "ADM_CD": 1132010700, "F_YR": "2025", "F_ZONE_NM": "서울특별시 도봉구 창동 700-52 석정빌라연립 B01호", "TYPE": "주택", "TYPE2": "재난지원금" }, "geometry": { "type": "Polygon", "coordinates": [ [ [ 127.037834618839454, 37.652061608412993 ], [ 127.037866827741411, 37.652115657014541 ], [ 127.037919337549141, 37.652204026504862 ], [ 127.0379720214532, 37.652184639269919 ], [ 127.038038074459621, 37.652160112314775 ], [ 127.038045325640951, 37.652157587339225 ], [ 127.038098349347948, 37.652138019747483 ], [ 127.038136077667303, 37.652123952829285 ], [ 127.038158397562654, 37.65211592721969 ], [ 127.038106680632936, 37.652027287296022 ], [ 127.038076285931552, 37.651975760928018 ], [ 127.038073677481151, 37.65197143705452 ], [ 127.037834618839454, 37.652061608412993 ] ] ] } },
{ "type": "Feature", "properties": { "PNU": 1.1320105001072401e+18, "피해위치(": "서울특별시 도봉구 쌍문동 724-10 다온빌라 B02호", "피해일시": "20250813 - 1200", "F_SHIM": 0.0, "F_AREA": 144.8671566, "F_AVR_HGT": 36.3992355, "ADM_CD": 1132010500, "F_YR": "2025", "F_ZONE_NM": "서울특별시 도봉구 쌍문동 724-10 다온빌라 B02호", "TYPE": "주택", "TYPE2": "재난지원금" }, "geometry": { "type": "Polygon", "coordinates": [ [ [ 127.027067593119114, 37.645681467792421 ], [ 127.0270114787821, 37.645604536549484 ], [ 127.026998219836855, 37.645599313750452 ], [ 127.026871104680666, 37.645651147270712 ], [ 127.02693538002886, 37.64573645590206 ], [ 127.027067593119114, 37.645681467792421 ] ] ] } },
{ "type": "Feature", "properties": { "PNU": 1.13201080010567e+18, "피해위치(": "서울특별시 도봉구 도봉동 567-4 지하1층", "피해일시": "20250813 - 1520", "F_SHIM": 0.0, "F_AREA": 173.9060568, "F_AVR_HGT": 35.6071861, "ADM_CD": 1132010800, "F_YR": "2025", "F_ZONE_NM": "서울특별시 도봉구 도봉동 567-4 지하1층", "TYPE": "소상공인", "TYPE2": "재난지원금" }, "geometry": { "type": "Polygon", "coordinates": [ [ [ 127.0436154240912, 37.683894843057928 ], [ 127.043740916237695, 37.683885247917495 ], [ 127.043779572782427, 37.683882260871393 ], [ 127.043765908015985, 37.683775230479405 ], [ 127.043602099354203, 37.683787271943508 ], [ 127.0436154240912, 37.683894843057928 ] ] ] } },
{ "type": "Feature", "properties": { "PNU": 1.13201050010418e+18, "피해위치(": "서울특별시 도봉구 쌍문동 418-9 B1호", "피해일시": "20250813 - 1200", "F_SHIM": 0.0, "F_AREA": 165.1939871, "F_AVR_HGT": 36.7632835, "ADM_CD": 1132010500, "F_YR": "2025", "F_ZONE_NM": "서울특별시 도봉구 쌍문동 418-9 B1호", "TYPE": "주택", "TYPE2": "재난지원금" }, "geometry": { "type": "Polygon", "coordinates": [ [ [ 127.018415929509885, 37.648946359301945 ], [ 127.018553721384649, 37.648954538370091 ], [ 127.018573627920773, 37.648843328045075 ], [ 127.018424004058787, 37.648825393127105 ], [ 127.018415929509885, 37.648946359301945 ] ] ] } },
{ "type": "Feature", "properties": { "PNU": 1.13201050010478e+18, "피해위치(": "서울특별시 도봉구 쌍문동 478-30 101호(지하)", "피해일시": "20250813 - 1200", "F_SHIM": 0.0, "F_AREA": 257.2541483, "F_AVR_HGT": 55.3934258, "ADM_CD": 1132010500, "F_YR": "2025", "F_ZONE_NM": "서울특별시 도봉구 쌍문동 478-30 101호(지하)", "TYPE": "주택", "TYPE2": "재난지원금" }, "geometry": { "type": "Polygon", "coordinates": [ [ [ 127.017869225729015, 37.654284805874703 ], [ 127.017933939440823, 37.654315249845325 ], [ 127.018025402943209, 37.654371277731592 ], [ 127.018071628100515, 37.654324510652678 ], [ 127.018143458284214, 37.654251972064685 ], [ 127.018109912345182, 37.654240444305927 ], [ 127.018068399247966, 37.654226124632757 ], [ 127.018032394041995, 37.654213696221817 ], [ 127.017946942651349, 37.654184246266304 ], [ 127.017906612809654, 37.654242635056768 ], [ 127.017869225729015, 37.654284805874703 ] ] ] } },
{ "type": "Feature", "properties": { "PNU": 1.1320107001057801e+18, "피해위치(": "서울특별시 도봉구 창동 578-43 지하", "피해일시": "20250813 - 1200", "F_SHIM": 0.0, "F_AREA": 99.4437695, "F_AVR_HGT": 29.8726719, "ADM_CD": 1132010700, "F_YR": "2025", "F_ZONE_NM": "서울특별시 도봉구 창동 578-43 지하", "TYPE": "주택", "TYPE2": "재난지원금" }, "geometry": { "type": "Polygon", "coordinates": [ [ [ 127.037685861167304, 37.639268871539272 ], [ 127.037710666444838, 37.639253817612691 ], [ 127.037745552514409, 37.639232904233843 ], [ 127.037774208807747, 37.639215506570444 ], [ 127.037803997774276, 37.639197477867583 ], [ 127.037772030556098, 37.639162890164421 ], [ 127.037753213033255, 37.639142623954626 ], [ 127.037710511718089, 37.639168405010885 ], [ 127.037634170549353, 37.639215008928424 ], [ 127.037657408784867, 37.639239508396507 ], [ 127.037673845403134, 37.639256441734766 ], [ 127.037685861167304, 37.639268871539272 ] ] ] } },
{ "type": "Feature", "properties": { "PNU": 1.13201070010645e+18, "피해위치(": "서울특별시 도봉구 창동 645-8 한신빌라 8동 B01호", "피해일시": "20250813 - 1200", "F_SHIM": 0.0, "F_AREA": 433.9708077, "F_AVR_HGT": 34.5374191, "ADM_CD": 1132010700, "F_YR": "2025", "F_ZONE_NM": "서울특별시 도봉구 창동 645-8 한신빌라 8동 B01호", "TYPE": "주택", "TYPE2": "재난지원금" }, "geometry": { "type": "Polygon", "coordinates": [ [ [ 127.035095863560471, 37.642603702549316 ], [ 127.035205625882483, 37.642537809859746 ], [ 127.035223062549576, 37.642510775576156 ], [ 127.035231281576628, 37.64239526799993 ], [ 127.03508556927757, 37.642388372019902 ], [ 127.035060177113479, 37.642361620228726 ], [ 127.035050541686758, 37.642351441929058 ], [ 127.035033437338626, 37.642361627826752 ], [ 127.034927072999793, 37.642424726367921 ], [ 127.035016399123222, 37.6425191234134 ], [ 127.035058341707582, 37.642563529655419 ], [ 127.035095863560471, 37.642603702549316 ] ] ] } },
{ "type": "Feature", "properties": { "PNU": 1.13201050010138e+18, "피해위치(": "서울특별시 도봉구 쌍문동 138-15 지층", "피해일시": "20250813 - 1200", "F_SHIM": 0.0, "F_AREA": 153.7386872, "F_AVR_HGT": 44.9622124, "ADM_CD": 1132010500, "F_YR": "2025", "F_ZONE_NM": "서울특별시 도봉구 쌍문동 138-15 지층", "TYPE": "주택", "TYPE2": "재난지원금" }, "geometry": { "type": "Polygon", "coordinates": [ [ [ 127.032846134101291, 37.650535704795452 ], [ 127.032849986977524, 37.650535974065086 ], [ 127.032859353485875, 37.650443711677347 ], [ 127.032693112889589, 37.650430781669186 ], [ 127.032682160573927, 37.650525026609124 ], [ 127.032846134101291, 37.650535704795452 ] ] ] } },
{ "type": "Feature", "properties": { "PNU": 1.1320106001065e+18, "피해위치(": "서울특별시 도봉구 방학동 650-21 B01호", "피해일시": "20250813 - 1200", "F_SHIM": 0.0, "F_AREA": 132.7337607, "F_AVR_HGT": 25.8300694, "ADM_CD": 1132010600, "F_YR": "2025", "F_ZONE_NM": "서울특별시 도봉구 방학동 650-21 B01호", "TYPE": "주택", "TYPE2": "재난지원금" }, "geometry": { "type": "Polygon", "coordinates": [ [ [ 127.041611627614117, 37.668880489388386 ], [ 127.041589584452652, 37.668779407736011 ], [ 127.041461400435225, 37.668795038035739 ], [ 127.041478333895299, 37.668879273252628 ], [ 127.041482311432205, 37.668898823013599 ], [ 127.041611627614117, 37.668880489388386 ] ] ] } },
{ "type": "Feature", "properties": { "PNU": 1.1320106001065e+18, "피해위치(": "서울특별시 도봉구 방학동 650-20 지층 1호", "피해일시": "20250813 - 1200", "F_SHIM": 0.0, "F_AREA": 111.914512, "F_AVR_HGT": 25.8300694, "ADM_CD": 1132010600, "F_YR": "2025", "F_ZONE_NM": "서울특별시 도봉구 방학동 650-20 지층 1호", "TYPE": "주택", "TYPE2": "재난지원금" }, "geometry": { "type": "Polygon", "coordinates": [ [ [ 127.041343349449207, 37.668895716602648 ], [ 127.041478333895299, 37.668879273252628 ], [ 127.041461400435225, 37.668795038035739 ], [ 127.041349990215707, 37.668808590296479 ], [ 127.041330053261447, 37.668830400566854 ], [ 127.041343349449207, 37.668895716602648 ] ] ] } },
{ "type": "Feature", "properties": { "PNU": 1.13201060010649e+18, "피해위치(": "서울특별시 도봉구 방학동 649-1 B01호", "피해일시": "20250813 - 1200", "F_SHIM": 0.0, "F_AREA": 112.5921983, "F_AVR_HGT": 25.8300694, "ADM_CD": 1132010600, "F_YR": "2025", "F_ZONE_NM": "서울특별시 도봉구 방학동 649-1 B01호", "TYPE": "주택", "TYPE2": "재난지원금" }, "geometry": { "type": "Polygon", "coordinates": [ [ [ 127.041289779146808, 37.668761309541452 ], [ 127.041401302602708, 37.668747667201949 ], [ 127.04142135285818, 37.668725856880918 ], [ 127.041408735973789, 37.668659189163158 ], [ 127.041273186391578, 37.668677885056461 ], [ 127.041289779146808, 37.668761309541452 ] ] ] } },
{ "type": "Feature", "properties": { "PNU": 1.13201060010647e+18, "피해위치(": "서울특별시 도봉구 방학동 647-3 지하2호", "피해일시": "20250813 - 1200", "F_SHIM": 0.0, "F_AREA": 174.5653099, "F_AVR_HGT": 27.729493, "ADM_CD": 1132010600, "F_YR": "2025", "F_ZONE_NM": "서울특별시 도봉구 방학동 647-3 지하2호", "TYPE": "주택", "TYPE2": "재난지원금" }, "geometry": { "type": "Polygon", "coordinates": [ [ [ 127.039554685239182, 37.668500149144165 ], [ 127.039554182764391, 37.668403925410288 ], [ 127.039360930837617, 37.668402185614248 ], [ 127.039375936087609, 37.668488584092351 ], [ 127.039377641324393, 37.668498584343197 ], [ 127.039521928775201, 37.668499979506485 ], [ 127.039554685239182, 37.668500149144165 ] ] ] } },
{ "type": "Feature", "properties": { "PNU": 1.13201050010457e+18, "피해위치(": "서울특별시 도봉구 쌍문동 457 대광빌라 가동 B01호", "피해일시": "20250813 - 1200", "F_SHIM": 0.0, "F_AREA": 284.9876754, "F_AVR_HGT": 52.0049484, "ADM_CD": 1132010500, "F_YR": "2025", "F_ZONE_NM": "서울특별시 도봉구 쌍문동 457 대광빌라 가동 B01호", "TYPE": "주택", "TYPE2": "재난지원금" }, "geometry": { "type": "Polygon", "coordinates": [ [ [ 127.021998549094477, 37.651711967257839 ], [ 127.02207947202858, 37.65176141673458 ], [ 127.022113803007542, 37.651745103092331 ], [ 127.022220898219828, 37.651778690733487 ], [ 127.022265769919301, 37.651770033488191 ], [ 127.022320259477667, 37.651710469419825 ], [ 127.022131670489188, 37.651611845707492 ], [ 127.022121701947299, 37.651624371007017 ], [ 127.022035143411458, 37.651684661345357 ], [ 127.021998549094477, 37.651711967257839 ] ] ] } },
{ "type": "Feature", "properties": { "PNU": 1.13201050010518e+18, "피해위치(": "서울특별시 도봉구 쌍문동 518-12 지하 101, 102호", "피해일시": "20250813 - 1200", "F_SHIM": 0.0, "F_AREA": 119.5340635, "F_AVR_HGT": 52.7179001, "ADM_CD": 1132010500, "F_YR": "2025", "F_ZONE_NM": "서울특별시 도봉구 쌍문동 518-12 지하 101, 102호", "TYPE": "주택", "TYPE2": "재난지원금" }, "geometry": { "type": "Polygon", "coordinates": [ [ [ 127.014987366953505, 37.658897259359172 ], [ 127.014974546342998, 37.658817434496861 ], [ 127.014956065720938, 37.658773198763136 ], [ 127.014871523032937, 37.658777713232219 ], [ 127.014888544831663, 37.658902856638626 ], [ 127.014987594360576, 37.658901403815072 ], [ 127.014987366953505, 37.658897259359172 ] ] ] } },
{ "type": "Feature", "properties": { "PNU": 1.1320106001067e+18, "피해위치(": "서울특별시 도봉구 방학동 670-22 곽산아트빌라 101호", "피해일시": "20250813 - 1200", "F_SHIM": 0.0, "F_AREA": 258.588771, "F_AVR_HGT": 30.8275021, "ADM_CD": 1132010600, "F_YR": "2025", "F_ZONE_NM": "서울특별시 도봉구 방학동 670-22 곽산아트빌라 101호", "TYPE": "주택", "TYPE2": "재난지원금" }, "geometry": { "type": "Polygon", "coordinates": [ [ [ 127.033365257175916, 37.661993261048352 ], [ 127.033488684234982, 37.662008093734123 ], [ 127.033525658855396, 37.661808698200602 ], [ 127.033396111793422, 37.661793146427613 ], [ 127.033359136834164, 37.661992541921279 ], [ 127.033365257175916, 37.661993261048352 ] ] ] } },
{ "type": "Feature", "properties": { "PNU": 1.1320105001022001e+18, "피해위치(": "서울특별시 도봉구 쌍문동 220-7 유송맨션연립 A동 B02호", "피해일시": "20250813 - 1200", "F_SHIM": 0.0, "F_AREA": 519.310949, "F_AVR_HGT": 34.0641869, "ADM_CD": 1132010500, "F_YR": "2025", "F_ZONE_NM": "서울특별시 도봉구 쌍문동 220-7 유송맨션연립 A동 B02호", "TYPE": "주택", "TYPE2": "재난지원금" }, "geometry": { "type": "Polygon", "coordinates": [ [ [ 127.03238845098285, 37.659576297526279 ], [ 127.032478143481754, 37.659419504512918 ], [ 127.032391312034349, 37.659369703392343 ], [ 127.032388591219743, 37.65936754176613 ], [ 127.03233089193057, 37.659332869341561 ], [ 127.03229802922921, 37.659340085713325 ], [ 127.032195582419448, 37.659348491456001 ], [ 127.032155008559997, 37.659344267420003 ], [ 127.032140105469409, 37.659481759954232 ], [ 127.032146339256542, 37.659483289992274 ], [ 127.03223452169108, 37.659511377462316 ], [ 127.032278613602244, 37.65952704292593 ], [ 127.032357959694679, 37.659563151277275 ], [ 127.03238845098285, 37.659576297526279 ] ] ] } },
{ "type": "Feature", "properties": { "PNU": 1.13201050010503e+18, "피해위치(": "서울특별시 도봉구 쌍문동 503-1", "피해일시": "20250813 - 1501", "F_SHIM": 0.0, "F_AREA": 378.3715708, "F_AVR_HGT": 47.9110649, "ADM_CD": 1132010500, "F_YR": "2025", "F_ZONE_NM": "서울특별시 도봉구 쌍문동 503-1", "TYPE": "소상공인", "TYPE2": "재난지원금" }, "geometry": { "type": "Polygon", "coordinates": [ [ [ 127.013303431450737, 37.655464005616054 ], [ 127.013549908082027, 37.655444249394101 ], [ 127.013547967595073, 37.655357575810818 ], [ 127.013420026561377, 37.655367859897339 ], [ 127.013401877008917, 37.655256591330037 ], [ 127.013257615692837, 37.655255344404566 ], [ 127.013303431450737, 37.655464005616054 ] ] ] } },
{ "type": "Feature", "properties": { "PNU": 1.1320105001046002e+18, "피해위치(": "서울특별시 도봉구 쌍문동 460-175 B02호", "피해일시": "20250813 - 1200", "F_SHIM": 0.0, "F_AREA": 172.3756276, "F_AVR_HGT": 74.9064072, "ADM_CD": 1132010500, "F_YR": "2025", "F_ZONE_NM": "서울특별시 도봉구 쌍문동 460-175 B02호", "TYPE": "주택", "TYPE2": "재난지원금" }, "geometry": { "type": "Polygon", "coordinates": [ [ [ 127.0217065706602, 37.653126729002949 ], [ 127.021694420946787, 37.653036453365459 ], [ 127.021493055107925, 37.65305306556948 ], [ 127.021491355881167, 37.653055228197623 ], [ 127.02152140869002, 37.653140635555999 ], [ 127.0217065706602, 37.653126729002949 ] ] ] } },
{ "type": "Feature", "properties": { "PNU": 1.13201080010622e+18, "피해위치(": "서울특별시 도봉구 도봉동 622-84 b01호", "피해일시": "20250813 - 1200", "F_SHIM": 0.0, "F_AREA": 165.3208534, "F_AVR_HGT": 26.2939022, "ADM_CD": 1132010800, "F_YR": "2025", "F_ZONE_NM": "서울특별시 도봉구 도봉동 622-84 b01호", "TYPE": "주택", "TYPE2": "재난지원금" }, "geometry": { "type": "Polygon", "coordinates": [ [ [ 127.044281027250804, 37.670108839022213 ], [ 127.04435651256469, 37.670103045410762 ], [ 127.044432677892459, 37.670097161406375 ], [ 127.044419125176432, 37.669985085350483 ], [ 127.044353385888272, 37.669987631962449 ], [ 127.044279372536522, 37.669990541926254 ], [ 127.044279750462366, 37.670056583077468 ], [ 127.044281027250804, 37.670108839022213 ] ] ] } },
{ "type": "Feature", "properties": { "PNU": 1.1320105001063e+18, "피해위치(": "서울특별시 도봉구 쌍문동 630 지층", "피해일시": "20250813 - 1448", "F_SHIM": 0.0, "F_AREA": 449.1351379, "F_AVR_HGT": 30.9342258, "ADM_CD": 1132010500, "F_YR": "2025", "F_ZONE_NM": "서울특별시 도봉구 쌍문동 630 지층", "TYPE": "소상공인", "TYPE2": "재난지원금" }, "geometry": { "type": "Polygon", "coordinates": [ [ [ 127.039229062874412, 37.657325387263654 ], [ 127.039565822171681, 37.65723094711057 ], [ 127.039537919683454, 37.657183654942187 ], [ 127.039495612137799, 37.657111590604387 ], [ 127.039251654755986, 37.657180142945712 ], [ 127.039172337299902, 37.657202332260432 ], [ 127.039229062874412, 37.657325387263654 ] ] ] } },
{ "type": "Feature", "properties": { "PNU": 1.13201060010632e+18, "피해위치(": "서울특별시 도봉구 방학동 632-8 B02", "피해일시": "20250813 - 1200", "F_SHIM": 0.0, "F_AREA": 175.6610537, "F_AVR_HGT": 33.6570213, "ADM_CD": 1132010600, "F_YR": "2025", "F_ZONE_NM": "서울특별시 도봉구 방학동 632-8 B02", "TYPE": "주택", "TYPE2": "재난지원금" }, "geometry": { "type": "Polygon", "coordinates": [ [ [ 127.033505609350996, 37.665267451105549 ], [ 127.033609912939227, 37.665341212492898 ], [ 127.033715956461592, 37.66524432896891 ], [ 127.033611539526532, 37.665170477607582 ], [ 127.033505609350996, 37.665267451105549 ] ] ] } },
{ "type": "Feature", "properties": { "PNU": 1.13201060010314e+18, "피해위치(": "서울특별시 도봉구 방학동 314-23 이화빌라 B동 지층 101호", "피해일시": "20250813 - 1200", "F_SHIM": 0.0, "F_AREA": 177.3439153, "F_AVR_HGT": 36.2574928, "ADM_CD": 1132010600, "F_YR": "2025", "F_ZONE_NM": "서울특별시 도봉구 방학동 314-23 이화빌라 B동 지층 101호", "TYPE": "주택", "TYPE2": "재난지원금" }, "geometry": { "type": "Polygon", "coordinates": [ [ [ 127.031285514589754, 37.6646713175004 ], [ 127.03135138161835, 37.664715358462374 ], [ 127.031389246219106, 37.664739494968508 ], [ 127.031480344628193, 37.664676133437823 ], [ 127.031476132765334, 37.664630455155503 ], [ 127.031391106144596, 37.664572724319449 ], [ 127.031285514589754, 37.6646713175004 ] ] ] } },
{ "type": "Feature", "properties": { "PNU": 1.1350102001047501e+18, "피해위치(": "서울특별시 노원구 월계동 475-28 지층 2호", "피해일시": "20250822 - 1825", "F_SHIM": 0.0, "F_AREA": 196.5184742, "F_AVR_HGT": 20.2053799, "ADM_CD": 1135010200, "F_YR": "2025", "F_ZONE_NM": "서울특별시 노원구 월계동 475-28 지층 2호", "TYPE": "주택", "TYPE2": "재난지원금" }, "geometry": { "type": "Polygon", "coordinates": [ [ [ 127.05877449390772, 37.617902584411922 ], [ 127.058833378970121, 37.617869868255475 ], [ 127.058908295673163, 37.617828170508467 ], [ 127.058891381201903, 37.617808582405736 ], [ 127.05883143665443, 37.617744704981817 ], [ 127.058812959058827, 37.617725009509016 ], [ 127.058688166302389, 37.617804914923191 ], [ 127.05877449390772, 37.617902584411922 ] ] ] } },
{ "type": "Feature", "properties": { "PNU": 1.13501020010475e+18, "피해위치(": "서울특별시 노원구 월계동 475-14 이화빌라 b02호", "피해일시": "20250813 - 1200", "F_SHIM": 0.0, "F_AREA": 200.4189448, "F_AVR_HGT": 20.2053799, "ADM_CD": 1135010200, "F_YR": "2025", "F_ZONE_NM": "서울특별시 노원구 월계동 475-14 이화빌라 b02호", "TYPE": "주택", "TYPE2": "재난지원금" }, "geometry": { "type": "Polygon", "coordinates": [ [ [ 127.058891381201903, 37.617808582405736 ], [ 127.058924692229965, 37.617792862116325 ], [ 127.058996914061908, 37.617752472045154 ], [ 127.059052560674971, 37.617721307042309 ], [ 127.05897937066041, 37.617651543736208 ], [ 127.058939733505468, 37.617644832703512 ], [ 127.058836858421373, 37.617710356969965 ], [ 127.05883143665443, 37.617744704981817 ], [ 127.058891381201903, 37.617808582405736 ] ] ] } },
{ "type": "Feature", "properties": { "PNU": 1.13501020010479e+18, "피해위치(": "서울특별시 노원구 월계동 479-17 b02호", "피해일시": "20250813 - 1259", "F_SHIM": 0.0, "F_AREA": 199.1793986, "F_AVR_HGT": 23.0446743, "ADM_CD": 1135010200, "F_YR": "2025", "F_ZONE_NM": "서울특별시 노원구 월계동 479-17 b02호", "TYPE": "주택", "TYPE2": "재난지원금" }, "geometry": { "type": "Polygon", "coordinates": [ [ [ 127.059085928901254, 37.617427255759061 ], [ 127.05923179753907, 37.617300930103276 ], [ 127.059151858989566, 37.617233593836943 ], [ 127.059123988389658, 37.6172536722827 ], [ 127.059038304327075, 37.617329387437167 ], [ 127.059007510097587, 37.617347782446267 ], [ 127.059000421739384, 37.617350515870214 ], [ 127.059085928901254, 37.617427255759061 ] ] ] } },
{ "type": "Feature", "properties": { "PNU": 1.1290138001023401e+18, "피해위치(": "서울특별시 성북구 장위동 234-91", "피해일시": "20250813 - 1800", "F_SHIM": 0.0, "F_AREA": 122.4488633, "F_AVR_HGT": 30.7570129, "ADM_CD": 1129013800, "F_YR": "2025", "F_ZONE_NM": "서울특별시 성북구 장위동 234-91", "TYPE": "주택", "TYPE2": "재난지원금" }, "geometry": { "type": "Polygon", "coordinates": [ [ [ 127.046189886138293, 37.61550336428563 ], [ 127.046296517849314, 37.615455977328203 ], [ 127.046220021644331, 37.615402271822887 ], [ 127.046204296248021, 37.615375888045804 ], [ 127.046097343669317, 37.615397957476922 ], [ 127.046167670996624, 37.615477406421363 ], [ 127.046189886138293, 37.61550336428563 ] ] ] } },
{ "type": "Feature", "properties": { "PNU": 1.1350102001047501e+18, "피해위치(": "서울특별시 노원구 월계동 475-17 B01호", "피해일시": "20250822 - 1835", "F_SHIM": 0.0, "F_AREA": 158.7695178, "F_AVR_HGT": 23.0446743, "ADM_CD": 1135010200, "F_YR": "2025", "F_ZONE_NM": "서울특별시 노원구 월계동 475-17 B01호", "TYPE": "주택", "TYPE2": "재난지원금" }, "geometry": { "type": "Polygon", "coordinates": [ [ [ 127.059239107323393, 37.617555372459321 ], [ 127.059288153247977, 37.617513434844746 ], [ 127.0593328281049, 37.617472877851192 ], [ 127.059227198711142, 37.617388579746013 ], [ 127.059138660711852, 37.617464845965252 ], [ 127.059239107323393, 37.617555372459321 ] ] ] } },
{ "type": "Feature", "properties": { "PNU": 1.13501020010474e+18, "피해위치(": "서울특별시 노원구 월계동 474-7 그린빌라 B102호", "피해일시": "20250813 - 1211", "F_SHIM": 0.0, "F_AREA": 176.6675437, "F_AVR_HGT": 23.0446743, "ADM_CD": 1135010200, "F_YR": "2025", "F_ZONE_NM": "서울특별시 노원구 월계동 474-7 그린빌라 B102호", "TYPE": "주택", "TYPE2": "재난지원금" }, "geometry": { "type": "Polygon", "coordinates": [ [ [ 127.059642372933368, 37.617399079651413 ], [ 127.059756646622731, 37.617325656465155 ], [ 127.059676297796742, 37.617241184105481 ], [ 127.059662836653914, 37.61724912837753 ], [ 127.059575235177675, 37.6172762910209 ], [ 127.059533042534468, 37.617289538164812 ], [ 127.059642372933368, 37.617399079651413 ] ] ] } },
{ "type": "Feature", "properties": { "PNU": 1.13501020010475e+18, "피해위치(": "서울특별시 노원구 월계동 475-4 한전빌라 b02호", "피해일시": "20250813 - 0700", "F_SHIM": 0.0, "F_AREA": 234.4264057, "F_AVR_HGT": 21.1751255, "ADM_CD": 1135010200, "F_YR": "2025", "F_ZONE_NM": "서울특별시 노원구 월계동 475-4 한전빌라 b02호", "TYPE": "주택", "TYPE2": "재난지원금" }, "geometry": { "type": "Polygon", "coordinates": [ [ [ 127.059872531117321, 37.616878766880752 ], [ 127.060014075272363, 37.61675837984793 ], [ 127.059901366116122, 37.616672887540339 ], [ 127.059858661458335, 37.616726147608439 ], [ 127.059768088376728, 37.61680531647189 ], [ 127.059872531117321, 37.616878766880752 ] ] ] } },
{ "type": "Feature", "properties": { "PNU": 1.13051030010558e+18, "피해위치(": "서울특별시 강북구 수유동 558-22 201호", "피해일시": "20250822 - 2217", "F_SHIM": 0.0, "F_AREA": 141.875578, "F_AVR_HGT": 47.6840179, "ADM_CD": 1130510300, "F_YR": "2025", "F_ZONE_NM": "서울특별시 강북구 수유동 558-22 201호", "TYPE": "주택", "TYPE2": "재난지원금" }, "geometry": { "type": "Polygon", "coordinates": [ [ [ 127.011292173085636, 37.645213699421973 ], [ 127.011307852544263, 37.645108770407013 ], [ 127.011177036719261, 37.645098203722029 ], [ 127.011162434259177, 37.645208934919935 ], [ 127.011291482547065, 37.645218609800658 ], [ 127.011292173085636, 37.645213699421973 ] ] ] } },
{ "type": "Feature", "properties": { "PNU": 1.1305103001056e+18, "피해위치(": "서울특별시 강북구 수유동 560-42 B동 B01호", "피해일시": "20250822 - 2210", "F_SHIM": 0.0, "F_AREA": 196.9144651, "F_AVR_HGT": 56.0818794, "ADM_CD": 1130510300, "F_YR": "2025", "F_ZONE_NM": "서울특별시 강북구 수유동 560-42 B동 B01호", "TYPE": "주택", "TYPE2": "재난지원금" }, "geometry": { "type": "Polygon", "coordinates": [ [ [ 127.009318651876683, 37.645927212415664 ], [ 127.009336641964111, 37.645785929127534 ], [ 127.009209972403156, 37.645775855525045 ], [ 127.009187769580748, 37.645942609668367 ], [ 127.009225501724586, 37.645943102747488 ], [ 127.009318651876683, 37.645927212415664 ] ] ] } },
{ "type": "Feature", "properties": { "PNU": 1.1410118001001108e+18, "피해위치(": "서울특별시 서대문구 홍은동 11-804 ㅇㅇ빌라 ㅇㅇ호", "피해일시": "20250813 - 1100", "F_SHIM": 0.0, "F_AREA": 112.5452104, "F_AVR_HGT": 44.1380997, "ADM_CD": 1141011800, "F_YR": "2025", "F_ZONE_NM": "서울특별시 서대문구 홍은동 11-804 ㅇㅇ빌라 ㅇㅇ호", "TYPE": "주택", "TYPE2": "재난지원금" }, "geometry": { "type": "Polygon", "coordinates": [ [ [ 126.947037233059021, 37.599132567902927 ], [ 126.947084132602271, 37.599106785377224 ], [ 126.94714488053134, 37.599081892176891 ], [ 126.947058011815614, 37.599024522552405 ], [ 126.946956880505738, 37.599083958770784 ], [ 126.947003882250556, 37.599150905535708 ], [ 126.947037233059021, 37.599132567902927 ] ] ] } },
{ "type": "Feature", "properties": { "PNU": 1.13801030010433e+18, "피해위치(": "서울특별시 은평구 불광동 433-2 B01호", "피해일시": "20250813 - 1200", "F_SHIM": 0.0, "F_AREA": 250.8338943, "F_AVR_HGT": 33.9015823, "ADM_CD": 1138010300, "F_YR": "2025", "F_ZONE_NM": "서울특별시 은평구 불광동 433-2 B01호", "TYPE": "주택", "TYPE2": "재난지원금" }, "geometry": { "type": "Polygon", "coordinates": [ [ [ 126.926386867964524, 37.622812591545674 ], [ 126.926397181734757, 37.622806831842048 ], [ 126.926507661085367, 37.622770232248989 ], [ 126.926516614191101, 37.62276582313946 ], [ 126.926554015067012, 37.622745574862492 ], [ 126.926582920444901, 37.622725231081098 ], [ 126.926472621764049, 37.622694888070477 ], [ 126.926325068319272, 37.62265226789993 ], [ 126.92631496731795, 37.622671722624098 ], [ 126.926269911658522, 37.622756836480598 ], [ 126.926398441623419, 37.622793047655335 ], [ 126.926386867964524, 37.622812591545674 ] ] ] } },
{ "type": "Feature", "properties": { "PNU": 1.1380103001036e+18, "피해위치(": "서울특별시 은평구 불광동 360-1 지하", "피해일시": "20250813 - 1200", "F_SHIM": 0.0, "F_AREA": 208.8924473, "F_AVR_HGT": 31.8650719, "ADM_CD": 1138010300, "F_YR": "2025", "F_ZONE_NM": "서울특별시 은평구 불광동 360-1 지하", "TYPE": "주택", "TYPE2": "재난지원금" }, "geometry": { "type": "Polygon", "coordinates": [ [ [ 126.925489905513373, 37.621865898248245 ], [ 126.925592461156299, 37.621934438742272 ], [ 126.925698968559942, 37.621792693002163 ], [ 126.925682214065844, 37.621782951654161 ], [ 126.925578503368484, 37.621736484498662 ], [ 126.925489905513373, 37.621865898248245 ] ] ] } },
{ "type": "Feature", "properties": { "PNU": 1.1380103001036e+18, "피해위치(": "서울특별시 은평구 불광동 360-2 지하 B02호", "피해일시": "20250813 - 1200", "F_SHIM": 0.0, "F_AREA": 219.0939897, "F_AVR_HGT": 31.8650719, "ADM_CD": 1138010300, "F_YR": "2025", "F_ZONE_NM": "서울특별시 은평구 불광동 360-2 지하 B02호", "TYPE": "주택", "TYPE2": "재난지원금" }, "geometry": { "type": "Polygon", "coordinates": [ [ [ 126.925592461156299, 37.621934438742272 ], [ 126.925619530939755, 37.621936888801571 ], [ 126.925687468501778, 37.621962790597969 ], [ 126.925727789786393, 37.621966690714835 ], [ 126.925802836421155, 37.621907724714745 ], [ 126.925828471925428, 37.62187242275251 ], [ 126.925757158334989, 37.621824715158283 ], [ 126.925698968559942, 37.621792693002163 ], [ 126.925592461156299, 37.621934438742272 ] ] ] } },
{ "type": "Feature", "properties": { "PNU": 1.13801030010422e+18, "피해위치(": "서울특별시 은평구 불광동 422-17 지층", "피해일시": "20250813 - 1200", "F_SHIM": 0.0, "F_AREA": 156.2500187, "F_AVR_HGT": 33.9015823, "ADM_CD": 1138010300, "F_YR": "2025", "F_ZONE_NM": "서울특별시 은평구 불광동 422-17 지층", "TYPE": "주택", "TYPE2": "재난지원금" }, "geometry": { "type": "Polygon", "coordinates": [ [ [ 126.926010848954817, 37.622201036814964 ], [ 126.926161898477545, 37.622145633017162 ], [ 126.926132721621798, 37.622098403042216 ], [ 126.92599297428292, 37.622066779392412 ], [ 126.92596301780938, 37.622118476454339 ], [ 126.926010848954817, 37.622201036814964 ] ] ] } },
{ "type": "Feature", "properties": { "PNU": 1.13801030010421e+18, "피해위치(": "서울특별시 은평구 불광동 421-15 지하 101호", "피해일시": "20250813 - 1200", "F_SHIM": 0.0, "F_AREA": 206.3792923, "F_AVR_HGT": 33.9015823, "ADM_CD": 1138010300, "F_YR": "2025", "F_ZONE_NM": "서울특별시 은평구 불광동 421-15 지하 101호", "TYPE": "주택", "TYPE2": "재난지원금" }, "geometry": { "type": "Polygon", "coordinates": [ [ [ 126.925845514904097, 37.622379865482166 ], [ 126.925871330995335, 37.6223900631052 ], [ 126.925895268440712, 37.622353859063139 ], [ 126.925907522346279, 37.622333775067538 ], [ 126.925940885178235, 37.622274151581685 ], [ 126.925877815632745, 37.622250595600143 ], [ 126.925847807921201, 37.622240935878359 ], [ 126.92579187210292, 37.622219907168351 ], [ 126.925752388380758, 37.622283490993624 ], [ 126.925721755396083, 37.622331853932934 ], [ 126.925845514904097, 37.622379865482166 ] ] ] } },
{ "type": "Feature", "properties": { "PNU": 1.1380103001041201e+18, "피해위치(": "서울특별시 은평구 불광동 412-1 지층", "피해일시": "20250813 - 1200", "F_SHIM": 0.0, "F_AREA": 75.4833192, "F_AVR_HGT": 31.5544468, "ADM_CD": 1138010300, "F_YR": "2025", "F_ZONE_NM": "서울특별시 은평구 불광동 412-1 지층", "TYPE": "주택", "TYPE2": "재난지원금" }, "geometry": { "type": "Polygon", "coordinates": [ [ [ 126.924943973543122, 37.622043939248947 ], [ 126.924957014282782, 37.622029982524083 ], [ 126.925039390929456, 37.622003637233732 ], [ 126.925019596286674, 37.621976144520097 ], [ 126.924960044015606, 37.621947454742475 ], [ 126.924950881834178, 37.621934835081028 ], [ 126.924928461998689, 37.621926801811782 ], [ 126.92490657164349, 37.621954717975299 ], [ 126.924943973543122, 37.622043939248947 ] ] ] } },
{ "type": "Feature", "properties": { "PNU": 1.13801030010361e+18, "피해위치(": "서울특별시 은평구 불광동 361-5 반지하", "피해일시": "20250813 - 1200", "F_SHIM": 0.0, "F_AREA": 110.9122135, "F_AVR_HGT": 31.5544468, "ADM_CD": 1138010300, "F_YR": "2025", "F_ZONE_NM": "서울특별시 은평구 불광동 361-5 반지하", "TYPE": "주택", "TYPE2": "재난지원금" }, "geometry": { "type": "Polygon", "coordinates": [ [ [ 126.925347330554047, 37.621830848287885 ], [ 126.925291182621066, 37.621796124309377 ], [ 126.925233269765585, 37.621759362948659 ], [ 126.925218259651515, 37.621771876863711 ], [ 126.925226979391638, 37.621774098911729 ], [ 126.925169735168268, 37.621814605980269 ], [ 126.925255630577951, 37.621891695295218 ], [ 126.925347330554047, 37.621830848287885 ] ] ] } },
{ "type": "Feature", "properties": { "PNU": 1.13801030010422e+18, "피해위치(": "서울특별시 은평구 불광동 422-2 1층", "피해일시": "20250813 - 1200", "F_SHIM": 0.0, "F_AREA": 157.8414416, "F_AVR_HGT": 31.8650719, "ADM_CD": 1138010300, "F_YR": "2025", "F_ZONE_NM": "서울특별시 은평구 불광동 422-2 1층", "TYPE": "소상공인", "TYPE2": "재난지원금" }, "geometry": { "type": "Polygon", "coordinates": [ [ [ 126.925957655881433, 37.621820338811233 ], [ 126.926072470046961, 37.621864470184995 ], [ 126.926088957978024, 37.621801772530937 ], [ 126.926114247668465, 37.621772236555657 ], [ 126.926144883079516, 37.621720990375728 ], [ 126.926052255048759, 37.621692189918882 ], [ 126.926031274734655, 37.62171677324902 ], [ 126.926019809590912, 37.621741092369433 ], [ 126.925997352240387, 37.6217700895494 ], [ 126.925957655881433, 37.621820338811233 ] ] ] } },
{ "type": "Feature", "properties": { "PNU": 1.13801030010359e+18, "피해위치(": "서울특별시 은평구 불광동 359-27 지층 우측", "피해일시": "20250813 - 1200", "F_SHIM": 0.0, "F_AREA": 126.7383926, "F_AVR_HGT": 31.5544468, "ADM_CD": 1138010300, "F_YR": "2025", "F_ZONE_NM": "서울특별시 은평구 불광동 359-27 지층 우측", "TYPE": "주택", "TYPE2": "재난지원금" }, "geometry": { "type": "Polygon", "coordinates": [ [ [ 126.925045952778248, 37.621569098926258 ], [ 126.925122142876788, 37.621499772827832 ], [ 126.925096330146985, 37.621486691906199 ], [ 126.924984243064429, 37.62143535351025 ], [ 126.924925850440573, 37.621491266473541 ], [ 126.925045952778248, 37.621569098926258 ] ] ] } },
{ "type": "Feature", "properties": { "PNU": 1.13801030010361e+18, "피해위치(": "서울특별시 은평구 불광동 361-6 지하층", "피해일시": "20250813 - 1200", "F_SHIM": 0.0, "F_AREA": 177.4138583, "F_AVR_HGT": 31.5544468, "ADM_CD": 1138010300, "F_YR": "2025", "F_ZONE_NM": "서울특별시 은평구 불광동 361-6 지하층", "TYPE": "주택", "TYPE2": "재난지원금" }, "geometry": { "type": "Polygon", "coordinates": [ [ [ 126.925035600354079, 37.621833800087565 ], [ 126.925054837182088, 37.621852913325625 ], [ 126.925081542654794, 37.621879239236812 ], [ 126.925148310008964, 37.621830809752822 ], [ 126.925169735168268, 37.621814605980269 ], [ 126.925226979391638, 37.621774098911729 ], [ 126.925218259651515, 37.621771876863711 ], [ 126.925233269765585, 37.621759362948659 ], [ 126.92515919210976, 37.621712337950157 ], [ 126.925129137139805, 37.621749168572762 ], [ 126.925092680466719, 37.621732386742913 ], [ 126.925048124047407, 37.621771640597508 ], [ 126.92503837105042, 37.621782896524515 ], [ 126.925012403048271, 37.621810719967584 ], [ 126.925035600354079, 37.621833800087565 ] ] ] } },
{ "type": "Feature", "properties": { "PNU": 1.13801030010359e+18, "피해위치(": "서울특별시 은평구 불광동 359-26 지층우측", "피해일시": "20250813 - 1200", "F_SHIM": 0.0, "F_AREA": 146.3559651, "F_AVR_HGT": 31.5544468, "ADM_CD": 1138010300, "F_YR": "2025", "F_ZONE_NM": "서울특별시 은평구 불광동 359-26 지층우측", "TYPE": "주택", "TYPE2": "재난지원금" }, "geometry": { "type": "Polygon", "coordinates": [ [ [ 126.925169562302401, 37.621651348326132 ], [ 126.925236119696748, 37.62158643072361 ], [ 126.925198985654447, 37.621567486136684 ], [ 126.925216905542314, 37.621545153424812 ], [ 126.925122142876788, 37.621499772827832 ], [ 126.925045952778248, 37.621569098926258 ], [ 126.925169562302401, 37.621651348326132 ] ] ] } },
{ "type": "Feature", "properties": { "PNU": 1.13801030010359e+18, "피해위치(": "서울특별시 은평구 불광동 359-20 지하 BO2호 (좌측)", "피해일시": "20250813 - 1200", "F_SHIM": 0.0, "F_AREA": 129.7786338, "F_AVR_HGT": 31.5544468, "ADM_CD": 1138010300, "F_YR": "2025", "F_ZONE_NM": "서울특별시 은평구 불광동 359-20 지하 BO2호 (좌측)", "TYPE": "주택", "TYPE2": "재난지원금" }, "geometry": { "type": "Polygon", "coordinates": [ [ [ 126.925122142876788, 37.621499772827832 ], [ 126.925216905542314, 37.621545153424812 ], [ 126.925276233611982, 37.621460409567 ], [ 126.925157918683198, 37.621406904960182 ], [ 126.925096330146985, 37.621486691906199 ], [ 126.925122142876788, 37.621499772827832 ] ] ] } },
{ "type": "Feature", "properties": { "PNU": 1.13801030010359e+18, "피해위치(": "서울특별시 은평구 불광동 359-25 지하층", "피해일시": "20250813 - 1200", "F_SHIM": 0.0, "F_AREA": 128.3397039, "F_AVR_HGT": 31.5544468, "ADM_CD": 1138010300, "F_YR": "2025", "F_ZONE_NM": "서울특별시 은평구 불광동 359-25 지하층", "TYPE": "주택", "TYPE2": "재난지원금" }, "geometry": { "type": "Polygon", "coordinates": [ [ [ 126.925169562302401, 37.621651348326132 ], [ 126.92528332187905, 37.621729176431487 ], [ 126.925349674667629, 37.621642725215722 ], [ 126.925321597960149, 37.621628111216552 ], [ 126.925236119696748, 37.62158643072361 ], [ 126.925169562302401, 37.621651348326132 ] ] ] } },
{ "type": "Feature", "properties": { "PNU": 1.1380103001036e+18, "피해위치(": "서울특별시 은평구 불광동 360-4 지하 101호", "피해일시": "20250813 - 1200", "F_SHIM": 0.0, "F_AREA": 143.5674146, "F_AVR_HGT": 31.5544468, "ADM_CD": 1138010300, "F_YR": "2025", "F_ZONE_NM": "서울특별시 은평구 불광동 360-4 지하 101호", "TYPE": "주택", "TYPE2": "재난지원금" }, "geometry": { "type": "Polygon", "coordinates": [ [ [ 126.92528332187905, 37.621729176431487 ], [ 126.925382481624013, 37.621795102074053 ], [ 126.925466523161248, 37.621690732706348 ], [ 126.925445464359527, 37.621680988550494 ], [ 126.925349674667629, 37.621642725215722 ], [ 126.92528332187905, 37.621729176431487 ] ] ] } },
{ "type": "Feature", "properties": { "PNU": 1.13801030010359e+18, "피해위치(": "서울특별시 은평구 불광동 359-16 지층 뒤쪽", "피해일시": "20250813 - 1200", "F_SHIM": 0.0, "F_AREA": 157.9258527, "F_AVR_HGT": 31.5544468, "ADM_CD": 1138010300, "F_YR": "2025", "F_ZONE_NM": "서울특별시 은평구 불광동 359-16 지층 뒤쪽", "TYPE": "주택", "TYPE2": "재난지원금" }, "geometry": { "type": "Polygon", "coordinates": [ [ [ 126.925349674667629, 37.621642725215722 ], [ 126.925445464359527, 37.621680988550494 ], [ 126.925517373599732, 37.621588324060589 ], [ 126.92539815946455, 37.621527611277756 ], [ 126.925321597960149, 37.621628111216552 ], [ 126.925349674667629, 37.621642725215722 ] ] ] } },
{ "type": "Feature", "properties": { "PNU": 1.1380103001035601e+18, "피해위치(": "서울특별시 은평구 불광동 356-21 지층 우호", "피해일시": "20250813 - 1200", "F_SHIM": 0.0, "F_AREA": 193.7712769, "F_AVR_HGT": 31.5544468, "ADM_CD": 1138010300, "F_YR": "2025", "F_ZONE_NM": "서울특별시 은평구 불광동 356-21 지층 우호", "TYPE": "주택", "TYPE2": "재난지원금" }, "geometry": { "type": "Polygon", "coordinates": [ [ [ 126.925411770891415, 37.621509240068178 ], [ 126.925467926466041, 37.621536305667185 ], [ 126.925520443781821, 37.621465432386643 ], [ 126.925565022226493, 37.621404104358952 ], [ 126.925449534393323, 37.621355106762927 ], [ 126.92535448088762, 37.62148388557187 ], [ 126.925411770891415, 37.621509240068178 ] ] ] } },
{ "type": "Feature", "properties": { "PNU": 1.1380103001036e+18, "피해위치(": "서울특별시 은평구 불광동 360-3 지층 102", "피해일시": "20250813 - 1200", "F_SHIM": 0.0, "F_AREA": 175.8802052, "F_AVR_HGT": 31.5544468, "ADM_CD": 1138010300, "F_YR": "2025", "F_ZONE_NM": "서울특별시 은평구 불광동 360-3 지층 102", "TYPE": "주택", "TYPE2": "재난지원금" }, "geometry": { "type": "Polygon", "coordinates": [ [ [ 126.925382481624013, 37.621795102074053 ], [ 126.925489905513373, 37.621865898248245 ], [ 126.925578503368484, 37.621736484498662 ], [ 126.925570805771471, 37.621731614253783 ], [ 126.925466523161248, 37.621690732706348 ], [ 126.925382481624013, 37.621795102074053 ] ] ] } },
{ "type": "Feature", "properties": { "PNU": 1.1380103001035601e+18, "피해위치(": "서울특별시 은평구 불광동 356-17 지하 우측", "피해일시": "20250813 - 1200", "F_SHIM": 0.0, "F_AREA": 110.5144394, "F_AVR_HGT": 31.8650719, "ADM_CD": 1138010300, "F_YR": "2025", "F_ZONE_NM": "서울특별시 은평구 불광동 356-17 지하 우측", "TYPE": "주택", "TYPE2": "재난지원금" }, "geometry": { "type": "Polygon", "coordinates": [ [ [ 126.925520443781821, 37.621465432386643 ], [ 126.925633893295199, 37.621514068209777 ], [ 126.925688679910195, 37.621439232001947 ], [ 126.92557591175752, 37.621388974905599 ], [ 126.925565022226493, 37.621404104358952 ], [ 126.925520443781821, 37.621465432386643 ] ] ] } },
{ "type": "Feature", "properties": { "PNU": 1.13801070010592e+18, "피해위치(": "서울특별시 은평구 응암동 592-47 203호", "피해일시": "20250813 - 1200", "F_SHIM": 0.0, "F_AREA": 391.4590092, "F_AVR_HGT": 14.3276182, "ADM_CD": 1138010700, "F_YR": "2025", "F_ZONE_NM": "서울특별시 은평구 응암동 592-47 203호", "TYPE": "주택", "TYPE2": "재난지원금" }, "geometry": { "type": "Polygon", "coordinates": [ [ [ 126.914307646786739, 37.588246568216299 ], [ 126.914341364228434, 37.588266054395781 ], [ 126.914350411164264, 37.588275341221156 ], [ 126.914378796062181, 37.588304373891823 ], [ 126.914402795642999, 37.588297670258569 ], [ 126.914479008693462, 37.588275436112603 ], [ 126.91448244049451, 37.588274429539915 ], [ 126.914536804711801, 37.588259288015728 ], [ 126.914510947287184, 37.588189055206023 ], [ 126.914481713046726, 37.588111548951744 ], [ 126.914451464699539, 37.588029897410557 ], [ 126.914432908531055, 37.588019432297159 ], [ 126.914308552746803, 37.588052316538089 ], [ 126.91434524176907, 37.588144964887981 ], [ 126.914374477876649, 37.588220759305599 ], [ 126.914307646786739, 37.588246568216299 ] ] ] } },
{ "type": "Feature", "properties": { "PNU": 1.1380103001045201e+18, "피해위치(": "서울특별시 은평구 불광동 452-2 가동 지층 나호", "피해일시": "20250813 - 1200", "F_SHIM": 0.0, "F_AREA": 185.7582822, "F_AVR_HGT": 49.1490532, "ADM_CD": 1138010300, "F_YR": "2025", "F_ZONE_NM": "서울특별시 은평구 불광동 452-2 가동 지층 나호", "TYPE": "주택", "TYPE2": "재난지원금" }, "geometry": { "type": "Polygon", "coordinates": [ [ [ 126.926918153024872, 37.626548028688141 ], [ 126.926856339653952, 37.62646516258561 ], [ 126.926817783668241, 37.626517241804699 ], [ 126.926765500235405, 37.626578475272417 ], [ 126.926734906848566, 37.626586204307642 ], [ 126.926714040319837, 37.626586524443745 ], [ 126.926701375396831, 37.626586723639505 ], [ 126.9266707266205, 37.626649682639957 ], [ 126.926701579742115, 37.626608887854289 ], [ 126.92684098116905, 37.62665537658016 ], [ 126.926881470399508, 37.626607199816959 ], [ 126.926918153024872, 37.626548028688141 ] ] ] } },
{ "type": "Feature", "properties": { "PNU": 1.13801030010359e+18, "피해위치(": "서울특별시 은평구 불광동 359-29 지층", "피해일시": "20250813 - 1200", "F_SHIM": 0.0, "F_AREA": 118.7650457, "F_AVR_HGT": 31.5544468, "ADM_CD": 1138010300, "F_YR": "2025", "F_ZONE_NM": "서울특별시 은평구 불광동 359-29 지층", "TYPE": "주택", "TYPE2": "재난지원금" }, "geometry": { "type": "Polygon", "coordinates": [ [ [ 126.924791713798356, 37.621402522917172 ], [ 126.924904003297286, 37.621477197005802 ], [ 126.924969993297026, 37.621413360358972 ], [ 126.924854872487089, 37.621338234003041 ], [ 126.924791713798356, 37.621402522917172 ] ] ] } },
{ "type": "Feature", "properties": { "PNU": 1.13801040010431e+18, "피해위치(": "서울특별시 은평구 갈현동 431-17", "피해일시": "20250813 - 1200", "F_SHIM": 0.0, "F_AREA": 263.2869804, "F_AVR_HGT": 27.0397583, "ADM_CD": 1138010400, "F_YR": "2025", "F_ZONE_NM": "서울특별시 은평구 갈현동 431-17", "TYPE": "소상공인", "TYPE2": "재난지원금" }, "geometry": { "type": "Polygon", "coordinates": [ [ [ 126.917867845414335, 37.619761908655413 ], [ 126.917566104398588, 37.619753225166576 ], [ 126.9176118957065, 37.619827048001724 ], [ 126.917637924688407, 37.619867772785163 ], [ 126.917676843835494, 37.619868142815015 ], [ 126.917677923110645, 37.619855196498371 ], [ 126.917848858620104, 37.619865462853589 ], [ 126.917867845414335, 37.619761908655413 ] ] ] } },
{ "type": "Feature", "properties": { "PNU": 1.13801010010377e+18, "피해위치(": "서울특별시 은평구 수색동 377-10 지층 가호", "피해일시": "20250813 - 1200", "F_SHIM": 0.0, "F_AREA": 206.8590317, "F_AVR_HGT": 19.9394356, "ADM_CD": 1138010100, "F_YR": "2025", "F_ZONE_NM": "서울특별시 은평구 수색동 377-10 지층 가호", "TYPE": "주택", "TYPE2": "재난지원금" }, "geometry": { "type": "Polygon", "coordinates": [ [ [ 126.892518244597582, 37.583233127313399 ], [ 126.892557213942922, 37.583216945549857 ], [ 126.89263334023731, 37.583185211002117 ], [ 126.89256914919099, 37.58310649574036 ], [ 126.892518295590989, 37.583042839217086 ], [ 126.89244169642555, 37.583088358333249 ], [ 126.892449948696338, 37.583096835221994 ], [ 126.892414480612644, 37.583118786493898 ], [ 126.892508410457211, 37.583222486603653 ], [ 126.892518244597582, 37.583233127313399 ] ] ] } },
{ "type": "Feature", "properties": { "PNU": 1.13801010010377e+18, "피해위치(": "서울특별시 은평구 수색동 377-9 단독주택", "피해일시": "20250823 - 1406", "F_SHIM": 0.0, "F_AREA": 95.6703357, "F_AVR_HGT": 14.5852877, "ADM_CD": 1138010100, "F_YR": "2025", "F_ZONE_NM": "서울특별시 은평구 수색동 377-9 단독주택", "TYPE": "주택", "TYPE2": "재난지원금" }, "geometry": { "type": "Polygon", "coordinates": [ [ [ 126.892709241612351, 37.583152395015127 ], [ 126.89264901313642, 37.583073593350079 ], [ 126.892594669548004, 37.582996418857476 ], [ 126.892518295590989, 37.583042839217086 ], [ 126.89256914919099, 37.58310649574036 ], [ 126.892625907238454, 37.58308059972596 ], [ 126.892687717677418, 37.583161475127795 ], [ 126.892709241612351, 37.583152395015127 ] ] ] } },
{ "type": "Feature", "properties": { "PNU": 1.13801010010377e+18, "피해위치(": "서울특별시 은평구 수색동 377-6 지층 101호", "피해일시": "20250813 - 1200", "F_SHIM": 0.0, "F_AREA": 173.0063818, "F_AVR_HGT": 14.5852877, "ADM_CD": 1138010100, "F_YR": "2025", "F_ZONE_NM": "서울특별시 은평구 수색동 377-6 지층 101호", "TYPE": "주택", "TYPE2": "재난지원금" }, "geometry": { "type": "Polygon", "coordinates": [ [ [ 126.892709241612351, 37.583152395015127 ], [ 126.892869312454764, 37.583084247744509 ], [ 126.892800832087147, 37.582996608902505 ], [ 126.89264901313642, 37.583073593350079 ], [ 126.892709241612351, 37.583152395015127 ] ] ] } },
{ "type": "Feature", "properties": { "PNU": 1.13801010010377e+18, "피해위치(": "서울특별시 은평구 수색동 377-3 1층 우측", "피해일시": "20250813 - 1200", "F_SHIM": 0.0, "F_AREA": 67.7212713, "F_AVR_HGT": 15.2954069, "ADM_CD": 1138010100, "F_YR": "2025", "F_ZONE_NM": "서울특별시 은평구 수색동 377-3 1층 우측", "TYPE": "주택", "TYPE2": "재난지원금" }, "geometry": { "type": "Polygon", "coordinates": [ [ [ 126.892913877805299, 37.582800748596668 ], [ 126.89296406838649, 37.582853322220025 ], [ 126.893043067356018, 37.58279203772021 ], [ 126.89300894745827, 37.582743353140906 ], [ 126.892913877805299, 37.582800748596668 ] ] ] } },
{ "type": "Feature", "properties": { "PNU": 1.13801010010377e+18, "피해위치(": "서울특별시 은평구 수색동 377-1 B01호", "피해일시": "20250813 - 1200", "F_SHIM": 0.0, "F_AREA": 134.0954741, "F_AVR_HGT": 15.2954069, "ADM_CD": 1138010100, "F_YR": "2025", "F_ZONE_NM": "서울특별시 은평구 수색동 377-1 B01호", "TYPE": "주택", "TYPE2": "재난지원금" }, "geometry": { "type": "Polygon", "coordinates": [ [ [ 126.893008836283983, 37.582897962164296 ], [ 126.893000437410791, 37.582912460311512 ], [ 126.893055551373465, 37.583005132278025 ], [ 126.893162947776503, 37.58295720837377 ], [ 126.89308295008864, 37.582848385960276 ], [ 126.893008836283983, 37.582897962164296 ] ] ] } },
{ "type": "Feature", "properties": { "PNU": 1.1380104001001203e+18, "피해위치(": "서울특별시 은평구 갈현동 12-302 지층", "피해일시": "20250813 - 1200", "F_SHIM": 0.0, "F_AREA": 139.5810281, "F_AVR_HGT": 82.8011871, "ADM_CD": 1138010400, "F_YR": "2025", "F_ZONE_NM": "서울특별시 은평구 갈현동 12-302 지층", "TYPE": "주택", "TYPE2": "재난지원금" }, "geometry": { "type": "Polygon", "coordinates": [ [ [ 126.915474805944783, 37.629088207398517 ], [ 126.915375447526074, 37.628997316258875 ], [ 126.915286901736337, 37.629058878522301 ], [ 126.915383540793997, 37.629150218239829 ], [ 126.915474805944783, 37.629088207398517 ] ] ] } },
{ "type": "Feature", "properties": { "PNU": 1.1380104001001202e+18, "피해위치(": "서울특별시 은평구 갈현동 12-222 b02호", "피해일시": "20250813 - 1200", "F_SHIM": 0.0, "F_AREA": 227.6386488, "F_AVR_HGT": 78.8042923, "ADM_CD": 1138010400, "F_YR": "2025", "F_ZONE_NM": "서울특별시 은평구 갈현동 12-222 b02호", "TYPE": "주택", "TYPE2": "재난지원금" }, "geometry": { "type": "Polygon", "coordinates": [ [ [ 126.916400305239591, 37.628916431327831 ], [ 126.91662880211922, 37.628813614071881 ], [ 126.916536344733942, 37.628729936698896 ], [ 126.916439637752219, 37.628796809727042 ], [ 126.916343384348238, 37.62886314241527 ], [ 126.916400305239591, 37.628916431327831 ] ] ] } },
{ "type": "Feature", "properties": { "PNU": 1.1380104001001203e+18, "피해위치(": "서울특별시 은평구 갈현동 12-341 102", "피해일시": "20250813 - 1200", "F_SHIM": 0.0, "F_AREA": 162.0058744, "F_AVR_HGT": 83.0412918, "ADM_CD": 1138010400, "F_YR": "2025", "F_ZONE_NM": "서울특별시 은평구 갈현동 12-341 102", "TYPE": "주택", "TYPE2": "재난지원금" }, "geometry": { "type": "Polygon", "coordinates": [ [ [ 126.914728546148751, 37.628846108495651 ], [ 126.914615384441731, 37.628741421585865 ], [ 126.914524685420005, 37.628803432183346 ], [ 126.91463977218045, 37.628908751281415 ], [ 126.914728546148751, 37.628846108495651 ] ] ] } },
{ "type": "Feature", "properties": { "PNU": 1.13801030010239e+18, "피해위치(": "서울특별시 은평구 불광동 239-4 201호", "피해일시": "20250813 - 1200", "F_SHIM": 0.0, "F_AREA": 283.6093952, "F_AVR_HGT": 35.2114464, "ADM_CD": 1138010300, "F_YR": "2025", "F_ZONE_NM": "서울특별시 은평구 불광동 239-4 201호", "TYPE": "주택", "TYPE2": "재난지원금" }, "geometry": { "type": "Polygon", "coordinates": [ [ [ 126.93272100649699, 37.616959813202847 ], [ 126.932676899730254, 37.616887348641676 ], [ 126.932665945136776, 37.616852474301474 ], [ 126.932461348423047, 37.616895061234317 ], [ 126.932462370031232, 37.616904909550072 ], [ 126.932464828739569, 37.616928489650938 ], [ 126.932495957920381, 37.616948870023322 ], [ 126.932524191712517, 37.617038263807231 ], [ 126.932536200615971, 37.617035297591663 ], [ 126.932578797142043, 37.617025952285424 ], [ 126.932642933234945, 37.616995896983703 ], [ 126.93272100649699, 37.616959813202847 ] ] ] } },
{ "type": "Feature", "properties": { "PNU": 1.13801030010359e+18, "피해위치(": "서울특별시 은평구 불광동 359-22 지층", "피해일시": "20250813 - 1200", "F_SHIM": 0.0, "F_AREA": 142.1384431, "F_AVR_HGT": 31.5544468, "ADM_CD": 1138010300, "F_YR": "2025", "F_ZONE_NM": "서울특별시 은평구 불광동 359-22 지층", "TYPE": "소상공인", "TYPE2": "재난지원금" }, "geometry": { "type": "Polygon", "coordinates": [ [ [ 126.925276233611982, 37.621460409567 ], [ 126.925280318315714, 37.621453654857042 ], [ 126.925222805261413, 37.621424966527037 ], [ 126.925177183715761, 37.621398358116103 ], [ 126.925121464383267, 37.621387960788169 ], [ 126.925108674674433, 37.621378131826894 ], [ 126.925102447553215, 37.621375343766807 ], [ 126.925044931683786, 37.621349529473768 ], [ 126.924984243064429, 37.62143535351025 ], [ 126.925096330146985, 37.621486691906199 ], [ 126.925157918683198, 37.621406904960182 ], [ 126.925276233611982, 37.621460409567 ] ] ] } },
{ "type": "Feature", "properties": { "PNU": 1.1380103001035601e+18, "피해위치(": "서울특별시 은평구 불광동 356-23 지상", "피해일시": "20250813 - 1200", "F_SHIM": 0.0, "F_AREA": 117.3475789, "F_AVR_HGT": 31.5544468, "ADM_CD": 1138010300, "F_YR": "2025", "F_ZONE_NM": "서울특별시 은평구 불광동 356-23 지상", "TYPE": "주택", "TYPE2": "재난지원금" }, "geometry": { "type": "Polygon", "coordinates": [ [ [ 126.925335572126869, 37.621476305135403 ], [ 126.92539013853181, 37.621395522456496 ], [ 126.925278729912307, 37.621345265952982 ], [ 126.925222805261413, 37.621424966527037 ], [ 126.925280318315714, 37.621453654857042 ], [ 126.925285185713122, 37.621456901529037 ], [ 126.925335572126869, 37.621476305135403 ] ] ] } },
{ "type": "Feature", "properties": { "PNU": 1.13801030010102e+18, "피해위치(": "서울특별시 은평구 불광동 102-21 지층 오른쪽", "피해일시": "20250813 - 1200", "F_SHIM": 0.0, "F_AREA": 163.1498339, "F_AVR_HGT": 39.5350967, "ADM_CD": 1138010300, "F_YR": "2025", "F_ZONE_NM": "서울특별시 은평구 불광동 102-21 지층 오른쪽", "TYPE": "주택", "TYPE2": "재난지원금" }, "geometry": { "type": "Polygon", "coordinates": [ [ [ 126.927488891259372, 37.624310175457936 ], [ 126.927575574133371, 37.624283741011659 ], [ 126.927623734618393, 37.624265661493482 ], [ 126.927580681449456, 37.624159409048538 ], [ 126.927442440051607, 37.624203830733677 ], [ 126.927488891259372, 37.624310175457936 ] ] ] } },
{ "type": "Feature", "properties": { "PNU": 1.13801030010448e+18, "피해위치(": "서울특별시 은평구 불광동 448-44 지층 좌측", "피해일시": "20250813 - 1200", "F_SHIM": 0.0, "F_AREA": 227.8411239, "F_AVR_HGT": 60.7525345, "ADM_CD": 1138010300, "F_YR": "2025", "F_ZONE_NM": "서울특별시 은평구 불광동 448-44 지층 좌측", "TYPE": "주택", "TYPE2": "재난지원금" }, "geometry": { "type": "Polygon", "coordinates": [ [ [ 126.925306812663507, 37.626224989059935 ], [ 126.925442545958759, 37.626312291424853 ], [ 126.925554577868823, 37.626202714440616 ], [ 126.925493670377151, 37.626166455854154 ], [ 126.925397528180014, 37.62613494970126 ], [ 126.925306812663507, 37.626224989059935 ] ] ] } },
{ "type": "Feature", "properties": { "PNU": 1.1380102001007501e+18, "피해위치(": "서울특별시 은평구 녹번동 75-23 B01호", "피해일시": "20250813 - 1200", "F_SHIM": 0.0, "F_AREA": 318.5622453, "F_AVR_HGT": 30.3022076, "ADM_CD": 1138010200, "F_YR": "2025", "F_ZONE_NM": "서울특별시 은평구 녹번동 75-23 B01호", "TYPE": "주택", "TYPE2": "재난지원금" }, "geometry": { "type": "Polygon", "coordinates": [ [ [ 126.93122689726583, 37.601820817616904 ], [ 126.931410602389548, 37.601793536998947 ], [ 126.931388294373633, 37.601672071247805 ], [ 126.931383538703287, 37.601671527832217 ], [ 126.931378823886149, 37.601627466964835 ], [ 126.931225945223829, 37.601629087883467 ], [ 126.931229058792425, 37.601689906085838 ], [ 126.931191456648435, 37.601695920272277 ], [ 126.93122689726583, 37.601820817616904 ] ] ] } },
{ "type": "Feature", "properties": { "PNU": 1.1380102001007501e+18, "피해위치(": "서울특별시 은평구 녹번동 75-24 101호", "피해일시": "20250813 - 1200", "F_SHIM": 0.0, "F_AREA": 201.4330913, "F_AVR_HGT": 30.3022076, "ADM_CD": 1138010200, "F_YR": "2025", "F_ZONE_NM": "서울특별시 은평구 녹번동 75-24 101호", "TYPE": "주택", "TYPE2": "재난지원금" }, "geometry": { "type": "Polygon", "coordinates": [ [ [ 126.931410602389548, 37.601793536998947 ], [ 126.931583885867425, 37.601769673655383 ], [ 126.931607968304817, 37.60168950044195 ], [ 126.931535727446288, 37.601681168587106 ], [ 126.931464055012071, 37.601670494469793 ], [ 126.931388294373633, 37.601672071247805 ], [ 126.931410602389548, 37.601793536998947 ] ] ] } },
{ "type": "Feature", "properties": { "PNU": 1.1380102001004401e+18, "피해위치(": "서울특별시 은평구 녹번동 44-26 지층1호", "피해일시": "20250813 - 1200", "F_SHIM": 0.0, "F_AREA": 191.4828065, "F_AVR_HGT": 32.5706001, "ADM_CD": 1138010200, "F_YR": "2025", "F_ZONE_NM": "서울특별시 은평구 녹번동 44-26 지층1호", "TYPE": "주택", "TYPE2": "재난지원금" }, "geometry": { "type": "Polygon", "coordinates": [ [ [ 126.932687743368632, 37.601557240091097 ], [ 126.932635400050827, 37.6014619756549 ], [ 126.93262112776047, 37.601429243622846 ], [ 126.932615364617945, 37.601416013828455 ], [ 126.932561644325105, 37.601438696236038 ], [ 126.932514052789031, 37.601458787371406 ], [ 126.932502804428722, 37.601462492844419 ], [ 126.932511260591752, 37.601490284103583 ], [ 126.932562117652353, 37.601600684239592 ], [ 126.932687743368632, 37.601557240091097 ] ] ] } },
{ "type": "Feature", "properties": { "PNU": 1.1380103001007601e+18, "피해위치(": "서울특별시 은평구 불광동 76-25 지층 B01호", "피해일시": "20250813 - 1200", "F_SHIM": 0.0, "F_AREA": 140.2001802, "F_AVR_HGT": 49.1490532, "ADM_CD": 1138010300, "F_YR": "2025", "F_ZONE_NM": "서울특별시 은평구 불광동 76-25 지층 B01호", "TYPE": "주택", "TYPE2": "재난지원금" }, "geometry": { "type": "Polygon", "coordinates": [ [ [ 126.926923157785325, 37.626833642214407 ], [ 126.926928437762314, 37.626877883622761 ], [ 126.926935198585625, 37.626913927057409 ], [ 126.927115844644476, 37.626837007391337 ], [ 126.927070261083401, 37.626768324037471 ], [ 126.926923157785325, 37.626833642214407 ] ] ] } },
{ "type": "Feature", "properties": { "PNU": 1.1380103001044503e+18, "피해위치(": "서울특별시 은평구 불광동 445-297 우진베스트빌라 B01호", "피해일시": "20250813 - 1200", "F_SHIM": 0.0, "F_AREA": 158.3600069, "F_AVR_HGT": 64.0486961, "ADM_CD": 1138010300, "F_YR": "2025", "F_ZONE_NM": "서울특별시 은평구 불광동 445-297 우진베스트빌라 B01호", "TYPE": "주택", "TYPE2": "재난지원금" }, "geometry": { "type": "Polygon", "coordinates": [ [ [ 126.924019747650959, 37.625771138462873 ], [ 126.924053143876677, 37.625791432423178 ], [ 126.924136273314588, 37.625698866305754 ], [ 126.924024423967964, 37.625631309562621 ], [ 126.923938463527236, 37.625722882663936 ], [ 126.924019747650959, 37.625771138462873 ] ] ] } },
{ "type": "Feature", "properties": { "PNU": 1.1380103001007601e+18, "피해위치(": "서울특별시 은평구 불광동 76-26 B02", "피해일시": "20250813 - 1200", "F_SHIM": 0.0, "F_AREA": 159.7382532, "F_AVR_HGT": 49.1490532, "ADM_CD": 1138010300, "F_YR": "2025", "F_ZONE_NM": "서울특별시 은평구 불광동 76-26 B02", "TYPE": "주택", "TYPE2": "재난지원금" }, "geometry": { "type": "Polygon", "coordinates": [ [ [ 126.926926462371782, 37.626791505513623 ], [ 126.926923157785325, 37.626833642214407 ], [ 126.927070261083401, 37.626768324037471 ], [ 126.92697253143092, 37.626623475002688 ], [ 126.926941443159308, 37.626673009207501 ], [ 126.926930635352633, 37.626719222602155 ], [ 126.926926462371782, 37.626791505513623 ] ] ] } },
{ "type": "Feature", "properties": { "PNU": 1.13801030010454e+18, "피해위치(": "서울특별시 은평구 불광동 454-6 지층", "피해일시": "20250813 - 1200", "F_SHIM": 0.0, "F_AREA": 162.0510936, "F_AVR_HGT": 49.1490532, "ADM_CD": 1138010300, "F_YR": "2025", "F_ZONE_NM": "서울특별시 은평구 불광동 454-6 지층", "TYPE": "주택", "TYPE2": "재난지원금" }, "geometry": { "type": "Polygon", "coordinates": [ [ [ 126.926809080485356, 37.626735561543107 ], [ 126.926926462371782, 37.626791505513623 ], [ 126.926930635352633, 37.626719222602155 ], [ 126.926941443159308, 37.626673009207501 ], [ 126.92697253143092, 37.626623475002688 ], [ 126.926938844237341, 37.626575773903525 ], [ 126.926934960137942, 37.626585700238024 ], [ 126.926884967400099, 37.626621887987689 ], [ 126.926843076389574, 37.626678488019131 ], [ 126.926809080485356, 37.626735561543107 ] ] ] } },
{ "type": "Feature", "properties": { "PNU": 1.13801030010098e+18, "피해위치(": "서울특별시 은평구 불광동 98-6 지층", "피해일시": "20250813 - 1200", "F_SHIM": 0.0, "F_AREA": 199.0799389, "F_AVR_HGT": 46.5593544, "ADM_CD": 1138010300, "F_YR": "2025", "F_ZONE_NM": "서울특별시 은평구 불광동 98-6 지층", "TYPE": "소상공인", "TYPE2": "재난지원금" }, "geometry": { "type": "Polygon", "coordinates": [ [ [ 126.927678892909299, 37.625647437924933 ], [ 126.927800364933987, 37.625609762844135 ], [ 126.927849655450075, 37.625595287861103 ], [ 126.927808186293277, 37.625489847393034 ], [ 126.927746431201243, 37.625508368973712 ], [ 126.92763391019065, 37.625544157548184 ], [ 126.927678892909299, 37.625647437924933 ] ] ] } },
{ "type": "Feature", "properties": { "PNU": 1.13801030010095e+18, "피해위치(": "서울특별시 은평구 불광동 95 전원빌라 102호", "피해일시": "20250813 - 1200", "F_SHIM": 0.0, "F_AREA": 934.8907759, "F_AVR_HGT": 46.8263794, "ADM_CD": 1138010300, "F_YR": "2025", "F_ZONE_NM": "서울특별시 은평구 불광동 95 전원빌라 102호", "TYPE": "주택", "TYPE2": "재난지원금" }, "geometry": { "type": "Polygon", "coordinates": [ [ [ 126.927553003525944, 37.625570145162101 ], [ 126.927621586556441, 37.625520183783429 ], [ 126.927665925865242, 37.625472279446001 ], [ 126.927693180581542, 37.625403641881036 ], [ 126.927700953267333, 37.625333100066875 ], [ 126.927605133022368, 37.62531979569097 ], [ 126.927464765131788, 37.62530180522625 ], [ 126.927341960859735, 37.625346750028989 ], [ 126.92733804885637, 37.625293679890547 ], [ 126.927320831653532, 37.625292587890776 ], [ 126.927308516043198, 37.625260685479709 ], [ 126.927245963140109, 37.625284161683531 ], [ 126.927235945247517, 37.625288281862765 ], [ 126.927234670283369, 37.625294560885735 ], [ 126.927441577564565, 37.625643775366669 ], [ 126.927454607472484, 37.625640900412129 ], [ 126.927506054211406, 37.625622552715363 ], [ 126.927553003525944, 37.625570145162101 ] ] ] } },
{ "type": "Feature", "properties": { "PNU": 1.1380104001049e+18, "피해위치(": "서울특별시 은평구 갈현동 490-2 1층 101호", "피해일시": "20250813 - 1200", "F_SHIM": 0.0, "F_AREA": 487.9686215, "F_AVR_HGT": 24.3741127, "ADM_CD": 1138010400, "F_YR": "2025", "F_ZONE_NM": "서울특별시 은평구 갈현동 490-2 1층 101호", "TYPE": "소상공인", "TYPE2": "재난지원금" }, "geometry": { "type": "Polygon", "coordinates": [ [ [ 126.913364279065092, 37.614354099050004 ], [ 126.913419094934625, 37.614452436996501 ], [ 126.913424859056619, 37.614462802579247 ], [ 126.913486455182124, 37.614574389972191 ], [ 126.913676701932928, 37.614506417580046 ], [ 126.913614990302221, 37.614396542062629 ], [ 126.913605812522263, 37.614380344599844 ], [ 126.913553729882111, 37.614288378710974 ], [ 126.913468658343007, 37.614317894472805 ], [ 126.913364279065092, 37.614354099050004 ] ] ] } },
{ "type": "Feature", "properties": { "PNU": 1.13801030010443e+18, "피해위치(": "서울특별시 은평구 불광동 443-1 1층(반지하)", "피해일시": "20250813 - 1200", "F_SHIM": 0.0, "F_AREA": 189.9789064, "F_AVR_HGT": 52.7451645, "ADM_CD": 1138010300, "F_YR": "2025", "F_ZONE_NM": "서울특별시 은평구 불광동 443-1 1층(반지하)", "TYPE": "주택", "TYPE2": "재난지원금" }, "geometry": { "type": "Polygon", "coordinates": [ [ [ 126.925997720089484, 37.625538346542214 ], [ 126.926015618185062, 37.625538267897696 ], [ 126.926048923159755, 37.625537208027986 ], [ 126.926097868942122, 37.625527869137784 ], [ 126.926122147684296, 37.625378952783549 ], [ 126.92593470015845, 37.625351172803065 ], [ 126.925928439657838, 37.625380991206349 ], [ 126.926016101182796, 37.625396724367477 ], [ 126.925997720089484, 37.625538346542214 ] ] ] } },
{ "type": "Feature", "properties": { "PNU": 1.1380102001015601e+18, "피해위치(": "서울특별시 은평구 녹번동 156-35 지층층 1호", "피해일시": "20250822 - 1524", "F_SHIM": 0.0, "F_AREA": 168.3307788, "F_AVR_HGT": 20.4872795, "ADM_CD": 1138010200, "F_YR": "2025", "F_ZONE_NM": "서울특별시 은평구 녹번동 156-35 지층층 1호", "TYPE": "소상공인", "TYPE2": "재난지원금" }, "geometry": { "type": "Polygon", "coordinates": [ [ [ 126.923618661540203, 37.602176074062001 ], [ 126.923657177700079, 37.602054466795721 ], [ 126.923524372855752, 37.602026538742031 ], [ 126.923486875116907, 37.602148687228457 ], [ 126.923618661540203, 37.602176074062001 ] ] ] } },
{ "type": "Feature", "properties": { "PNU": 1.1380102001015601e+18, "피해위치(": "서울특별시 은평구 녹번동 156-34 지하 102호", "피해일시": "20250813 - 1200", "F_SHIM": 0.0, "F_AREA": 192.9265904, "F_AVR_HGT": 20.172876, "ADM_CD": 1138010200, "F_YR": "2025", "F_ZONE_NM": "서울특별시 은평구 녹번동 156-34 지하 102호", "TYPE": "주택", "TYPE2": "재난지원금" }, "geometry": { "type": "Polygon", "coordinates": [ [ [ 126.923486875116907, 37.602148687228457 ], [ 126.923524372855752, 37.602026538742031 ], [ 126.923347979341514, 37.601989301554674 ], [ 126.923360184442217, 37.602121573917067 ], [ 126.923486875116907, 37.602148687228457 ] ] ] } },
{ "type": "Feature", "properties": { "PNU": 1.13801020010075e+18, "피해위치(": "서울특별시 은평구 녹번동 75-7 지층", "피해일시": "20250813 - 1200", "F_SHIM": 0.0, "F_AREA": 106.817537, "F_AVR_HGT": 39.0467125, "ADM_CD": 1138010200, "F_YR": "2025", "F_ZONE_NM": "서울특별시 은평구 녹번동 75-7 지층", "TYPE": "주택", "TYPE2": "재난지원금" }, "geometry": { "type": "Polygon", "coordinates": [ [ [ 126.93189054812143, 37.602011138183535 ], [ 126.93187296639293, 37.601920849324564 ], [ 126.931822908914256, 37.601925324690669 ], [ 126.931760150074396, 37.601949253759827 ], [ 126.931784895071345, 37.602008372859856 ], [ 126.931777725449578, 37.602046209904685 ], [ 126.93189054812143, 37.602011138183535 ] ] ] } },
{ "type": "Feature", "properties": { "PNU": 1.1380102001007501e+18, "피해위치(": "서울특별시 은평구 녹번동 75-26 102호", "피해일시": "20250822 - 1905", "F_SHIM": 0.0, "F_AREA": 206.8592986, "F_AVR_HGT": 33.2558113, "ADM_CD": 1138010200, "F_YR": "2025", "F_ZONE_NM": "서울특별시 은평구 녹번동 75-26 102호", "TYPE": "주택", "TYPE2": "재난지원금" }, "geometry": { "type": "Polygon", "coordinates": [ [ [ 126.931325523388963, 37.601950077260476 ], [ 126.931346325172115, 37.601866658613488 ], [ 126.931321992737423, 37.601850967041848 ], [ 126.931114721424649, 37.601890486834087 ], [ 126.931182903014189, 37.602000717692313 ], [ 126.931325523388963, 37.601950077260476 ] ] ] } },
{ "type": "Feature", "properties": { "PNU": 1.13801020010086e+18, "피해위치(": "서울특별시 은평구 녹번동 86-56 그린빌라 b02호", "피해일시": "20250813 - 1200", "F_SHIM": 0.0, "F_AREA": 145.3598235, "F_AVR_HGT": 46.4950233, "ADM_CD": 1138010200, "F_YR": "2025", "F_ZONE_NM": "서울특별시 은평구 녹번동 86-56 그린빌라 b02호", "TYPE": "주택", "TYPE2": "재난지원금" }, "geometry": { "type": "Polygon", "coordinates": [ [ [ 126.929851615573398, 37.604684719054525 ], [ 126.929866732512451, 37.604686313961963 ], [ 126.929922407016051, 37.604636649555466 ], [ 126.929943297809984, 37.60461640814033 ], [ 126.929865115897314, 37.604553499154257 ], [ 126.929856629318166, 37.60454627713203 ], [ 126.929745704398727, 37.604652084179655 ], [ 126.929803488524882, 37.604681689549444 ], [ 126.929851615573398, 37.604684719054525 ] ] ] } },
{ "type": "Feature", "properties": { "PNU": 1.1380102001007501e+18, "피해위치(": "서울특별시 은평구 녹번동 75-21 101호", "피해일시": "20250813 - 1200", "F_SHIM": 0.0, "F_AREA": 228.9227112, "F_AVR_HGT": 33.2558113, "ADM_CD": 1138010200, "F_YR": "2025", "F_ZONE_NM": "서울특별시 은평구 녹번동 75-21 101호", "TYPE": "주택", "TYPE2": "재난지원금" }, "geometry": { "type": "Polygon", "coordinates": [ [ [ 126.930841864656983, 37.601876854065068 ], [ 126.930982992834629, 37.601931402906096 ], [ 126.930985363605174, 37.601927169703295 ], [ 126.931021630263331, 37.601896467853841 ], [ 126.931059361568572, 37.601873695516943 ], [ 126.931003644006125, 37.601755993874093 ], [ 126.930959013375372, 37.601769842338385 ], [ 126.930922193650972, 37.601786668701621 ], [ 126.930886759224805, 37.601775565412026 ], [ 126.930844655070729, 37.60187194537918 ], [ 126.930841864656983, 37.601876854065068 ] ] ] } },
{ "type": "Feature", "properties": { "PNU": 1.1380102001007501e+18, "피해위치(": "서울특별시 은평구 녹번동 75-22 B-2호", "피해일시": "20250813 - 1200", "F_SHIM": 0.0, "F_AREA": 231.7786985, "F_AVR_HGT": 33.2558113, "ADM_CD": 1138010200, "F_YR": "2025", "F_ZONE_NM": "서울특별시 은평구 녹번동 75-22 B-2호", "TYPE": "주택", "TYPE2": "재난지원금" }, "geometry": { "type": "Polygon", "coordinates": [ [ [ 126.931059361568572, 37.601873695516943 ], [ 126.93122689726583, 37.601820817616904 ], [ 126.931191456648435, 37.601695920272277 ], [ 126.931183065093379, 37.601708258737965 ], [ 126.931100268607395, 37.601725508240975 ], [ 126.931063453864439, 37.601737108950431 ], [ 126.931003644006125, 37.601755993874093 ], [ 126.931059361568572, 37.601873695516943 ] ] ] } },
{ "type": "Feature", "properties": { "PNU": 1.13801020010105e+18, "피해위치(": "서울특별시 은평구 녹번동 105-5 지층", "피해일시": "20250813 - 1200", "F_SHIM": 0.0, "F_AREA": 111.810557, "F_AVR_HGT": 26.0252186, "ADM_CD": 1138010200, "F_YR": "2025", "F_ZONE_NM": "서울특별시 은평구 녹번동 105-5 지층", "TYPE": "주택", "TYPE2": "재난지원금" }, "geometry": { "type": "Polygon", "coordinates": [ [ [ 126.928254984552282, 37.606366719674476 ], [ 126.928256872327921, 37.606335636960509 ], [ 126.928258035394535, 37.606304463698258 ], [ 126.928259091130883, 37.606267253788388 ], [ 126.92821592635481, 37.6062843456492 ], [ 126.928124649622575, 37.606282036467633 ], [ 126.928124061422622, 37.60630438046055 ], [ 126.928123208038969, 37.606366097210511 ], [ 126.928254984552282, 37.606366719674476 ] ] ] } },
{ "type": "Feature", "properties": { "PNU": 1.13801020010157e+18, "피해위치(": "서울특별시 은평구 녹번동 157-12 지하 2호", "피해일시": "20250813 - 1200", "F_SHIM": 0.0, "F_AREA": 173.9909174, "F_AVR_HGT": 20.6162125, "ADM_CD": 1138010200, "F_YR": "2025", "F_ZONE_NM": "서울특별시 은평구 녹번동 157-12 지하 2호", "TYPE": "주택", "TYPE2": "재난지원금" }, "geometry": { "type": "Polygon", "coordinates": [ [ [ 126.924360453010934, 37.602786706855042 ], [ 126.924485445588402, 37.602814718964829 ], [ 126.924494421498935, 37.602785983473979 ], [ 126.924522370055229, 37.602698155893421 ], [ 126.924528051374949, 37.602679599355092 ], [ 126.924465553599774, 37.602667125008743 ], [ 126.924403847901118, 37.602655281834714 ], [ 126.924401462155373, 37.602662668334439 ], [ 126.924389648244571, 37.602698069236553 ], [ 126.924360453010934, 37.602786706855042 ] ] ] } },
{ "type": "Feature", "properties": { "PNU": 1.1380102001016e+18, "피해위치(": "서울특별시 은평구 녹번동 160-8 지층 1호", "피해일시": "20250813 - 1200", "F_SHIM": 0.0, "F_AREA": 156.7516223, "F_AVR_HGT": 20.277227, "ADM_CD": 1138010200, "F_YR": "2025", "F_ZONE_NM": "서울특별시 은평구 녹번동 160-8 지층 1호", "TYPE": "주택", "TYPE2": "재난지원금" }, "geometry": { "type": "Polygon", "coordinates": [ [ [ 126.923173602573073, 37.602728802701918 ], [ 126.923199309223705, 37.602728549468047 ], [ 126.923196171169479, 37.602697283285003 ], [ 126.923188433479638, 37.602624658941465 ], [ 126.923186972552045, 37.60261393627728 ], [ 126.923046200558986, 37.60262339318389 ], [ 126.923052238222425, 37.602697187684022 ], [ 126.9230552588091, 37.602732418116787 ], [ 126.923173602573073, 37.602728802701918 ] ] ] } },
{ "type": "Feature", "properties": { "PNU": 1.13801020010154e+18, "피해위치(": "서울특별시 은평구 녹번동 154-16 지하 1층", "피해일시": "20250813 - 1200", "F_SHIM": 0.0, "F_AREA": 146.7470595, "F_AVR_HGT": 21.0026413, "ADM_CD": 1138010200, "F_YR": "2025", "F_ZONE_NM": "서울특별시 은평구 녹번동 154-16 지하 1층", "TYPE": "주택", "TYPE2": "재난지원금" }, "geometry": { "type": "Polygon", "coordinates": [ [ [ 126.924193755857019, 37.604101491800741 ], [ 126.924238199266995, 37.604052237165448 ], [ 126.924135656233602, 37.603996399159513 ], [ 126.924115378508461, 37.604002872937059 ], [ 126.924046104105884, 37.604081122867321 ], [ 126.924153170872117, 37.604142910400228 ], [ 126.924193755857019, 37.604101491800741 ] ] ] } },
{ "type": "Feature", "properties": { "PNU": 1.1380102001015601e+18, "피해위치(": "서울특별시 은평구 녹번동 156-27 가동 101호", "피해일시": "20250813 - 1200", "F_SHIM": 0.0, "F_AREA": 395.2819278, "F_AVR_HGT": 20.4872795, "ADM_CD": 1138010200, "F_YR": "2025", "F_ZONE_NM": "서울특별시 은평구 녹번동 156-27 가동 101호", "TYPE": "소상공인", "TYPE2": "재난지원금" }, "geometry": { "type": "Polygon", "coordinates": [ [ [ 126.924163242343624, 37.602290766954077 ], [ 126.924204251914588, 37.602166368098651 ], [ 126.924251622796334, 37.602022782456416 ], [ 126.92410953420908, 37.601992596525832 ], [ 126.92407976803652, 37.60208573862527 ], [ 126.92405079439763, 37.602178971334119 ], [ 126.924023643231465, 37.60226193402702 ], [ 126.924107425651854, 37.602278927484001 ], [ 126.924163242343624, 37.602290766954077 ] ] ] } },
{ "type": "Feature", "properties": { "PNU": 1.1380102001016e+18, "피해위치(": "서울특별시 은평구 녹번동 160-23 지하 1층", "피해일시": "20250813 - 1200", "F_SHIM": 0.0, "F_AREA": 119.9407267, "F_AVR_HGT": 20.172876, "ADM_CD": 1138010200, "F_YR": "2025", "F_ZONE_NM": "서울특별시 은평구 녹번동 160-23 지하 1층", "TYPE": "주택", "TYPE2": "재난지원금" }, "geometry": { "type": "Polygon", "coordinates": [ [ [ 126.923302202577872, 37.602231095017075 ], [ 126.923293351929075, 37.602139819592757 ], [ 126.923159944190999, 37.602146848863221 ], [ 126.923169586907377, 37.602238575314487 ], [ 126.923302202577872, 37.602231095017075 ] ] ] } },
{ "type": "Feature", "properties": { "PNU": 1.1380102001003501e+18, "피해위치(": "서울특별시 은평구 녹번동 35-69 지상 1호", "피해일시": "20250813 - 1200", "F_SHIM": 0.0, "F_AREA": 392.198207, "F_AVR_HGT": 50.0107094, "ADM_CD": 1138010200, "F_YR": "2025", "F_ZONE_NM": "서울특별시 은평구 녹번동 35-69 지상 1호", "TYPE": "주택", "TYPE2": "재난지원금" }, "geometry": { "type": "Polygon", "coordinates": [ [ [ 126.933512854039066, 37.603641601511519 ], [ 126.933647808156337, 37.603430128465611 ], [ 126.933475942867744, 37.603385430867164 ], [ 126.933356971379652, 37.603579974475451 ], [ 126.933512854039066, 37.603641601511519 ] ] ] } },
{ "type": "Feature", "properties": { "PNU": 1.1380103001023802e+18, "피해위치(": "서울특별시 은평구 불광동 238-98 지층 1호", "피해일시": "20250813 - 1200", "F_SHIM": 0.0, "F_AREA": 208.967351, "F_AVR_HGT": 34.1928497, "ADM_CD": 1138010300, "F_YR": "2025", "F_ZONE_NM": "서울특별시 은평구 불광동 238-98 지층 1호", "TYPE": "주택", "TYPE2": "재난지원금" }, "geometry": { "type": "Polygon", "coordinates": [ [ [ 126.931921350101604, 37.615989168338949 ], [ 126.931873455471091, 37.615850479146943 ], [ 126.931857595929856, 37.615853262826683 ], [ 126.931732413631948, 37.615880758877971 ], [ 126.931777362059691, 37.616020617660276 ], [ 126.931921350101604, 37.615989168338949 ] ] ] } },
{ "type": "Feature", "properties": { "PNU": 1.1380103001023802e+18, "피해위치(": "서울특별시 은평구 불광동 238-102 B02호", "피해일시": "20250813 - 1200", "F_SHIM": 0.0, "F_AREA": 215.9977769, "F_AVR_HGT": 34.1928497, "ADM_CD": 1138010300, "F_YR": "2025", "F_ZONE_NM": "서울특별시 은평구 불광동 238-102 B02호", "TYPE": "주택", "TYPE2": "재난지원금" }, "geometry": { "type": "Polygon", "coordinates": [ [ [ 126.932117219544935, 37.615950631616009 ], [ 126.932261884803978, 37.615921434728847 ], [ 126.932218409544916, 37.615779865129987 ], [ 126.932106937107335, 37.615802324136745 ], [ 126.93207023269629, 37.615809780682824 ], [ 126.932092256725596, 37.615876916708018 ], [ 126.932117219544935, 37.615950631616009 ] ] ] } },
{ "type": "Feature", "properties": { "PNU": 1.13801030010242e+18, "피해위치(": "서울특별시 은평구 불광동 242-18 지층", "피해일시": "20250813 - 1200", "F_SHIM": 0.0, "F_AREA": 164.9606541, "F_AVR_HGT": 35.3763977, "ADM_CD": 1138010300, "F_YR": "2025", "F_ZONE_NM": "서울특별시 은평구 불광동 242-18 지층", "TYPE": "주택", "TYPE2": "재난지원금" }, "geometry": { "type": "Polygon", "coordinates": [ [ [ 126.931801195381695, 37.613542934214202 ], [ 126.931874954404947, 37.613514506761206 ], [ 126.931956531014208, 37.613483200730542 ], [ 126.931940417650111, 37.613394264394465 ], [ 126.931887735574009, 37.613411532160669 ], [ 126.931767186238019, 37.613454888263306 ], [ 126.931753137176557, 37.613460015551333 ], [ 126.931785025739615, 37.613514453657743 ], [ 126.931801195381695, 37.613542934214202 ] ] ] } },
{ "type": "Feature", "properties": { "PNU": 1.13801030010221e+18, "피해위치(": "서울특별시 은평구 불광동 221-26 지층 2호", "피해일시": "20250813 - 1200", "F_SHIM": 0.0, "F_AREA": 166.6699839, "F_AVR_HGT": 37.1432396, "ADM_CD": 1138010300, "F_YR": "2025", "F_ZONE_NM": "서울특별시 은평구 불광동 221-26 지층 2호", "TYPE": "주택", "TYPE2": "재난지원금" }, "geometry": { "type": "Polygon", "coordinates": [ [ [ 126.931833404783333, 37.617744496941384 ], [ 126.931962557020526, 37.617714300191601 ], [ 126.931970147480783, 37.617712592802349 ], [ 126.931922235788008, 37.617590932191618 ], [ 126.931802826855176, 37.61761879210507 ], [ 126.931833404783333, 37.617744496941384 ] ] ] } },
{ "type": "Feature", "properties": { "PNU": 1.13801030010221e+18, "피해위치(": "서울특별시 은평구 불광동 221-52 지층 2호", "피해일시": "20250813 - 1200", "F_SHIM": 0.0, "F_AREA": 257.5735169, "F_AVR_HGT": 37.1432396, "ADM_CD": 1138010300, "F_YR": "2025", "F_ZONE_NM": "서울특별시 은평구 불광동 221-52 지층 2호", "TYPE": "주택", "TYPE2": "재난지원금" }, "geometry": { "type": "Polygon", "coordinates": [ [ [ 126.932514401072083, 37.617704983671032 ], [ 126.932695077890855, 37.617687159668542 ], [ 126.932728532902587, 37.617642283317394 ], [ 126.932729373054528, 37.617590954948746 ], [ 126.932724528079703, 37.617563292023284 ], [ 126.932714906410794, 37.617556799354382 ], [ 126.932500124304255, 37.617588028055508 ], [ 126.932513657247071, 37.617651915485965 ], [ 126.932514401072083, 37.617704983671032 ] ] ] } },
{ "type": "Feature", "properties": { "PNU": 1.13801030010239e+18, "피해위치(": "서울특별시 은평구 불광동 239-50 지하 1호", "피해일시": "20250813 - 1200", "F_SHIM": 0.0, "F_AREA": 103.6017355, "F_AVR_HGT": 34.1928497, "ADM_CD": 1138010300, "F_YR": "2025", "F_ZONE_NM": "서울특별시 은평구 불광동 239-50 지하 1호", "TYPE": "주택", "TYPE2": "재난지원금" }, "geometry": { "type": "Polygon", "coordinates": [ [ [ 126.93258672527287, 37.615922165506255 ], [ 126.932712020009888, 37.615895299300938 ], [ 126.932687739775318, 37.61581771069865 ], [ 126.932560294728091, 37.615842863758665 ], [ 126.93258672527287, 37.615922165506255 ] ] ] } },
{ "type": "Feature", "properties": { "PNU": 1.13801030010239e+18, "피해위치(": "서울특별시 은평구 불광동 239-53 1층", "피해일시": "20250813 - 1200", "F_SHIM": 0.0, "F_AREA": 106.9960792, "F_AVR_HGT": 40.9995972, "ADM_CD": 1138010300, "F_YR": "2025", "F_ZONE_NM": "서울특별시 은평구 불광동 239-53 1층", "TYPE": "소상공인", "TYPE2": "재난지원금" }, "geometry": { "type": "Polygon", "coordinates": [ [ [ 126.932732865795444, 37.615889635274414 ], [ 126.932829046478318, 37.615868338052088 ], [ 126.932858299233274, 37.615859624571605 ], [ 126.932858992648079, 37.615782987551157 ], [ 126.932829119160616, 37.615789322081433 ], [ 126.932708583050371, 37.615814749617151 ], [ 126.932732865795444, 37.615889635274414 ] ] ] } },
{ "type": "Feature", "properties": { "PNU": 1.13801030010239e+18, "피해위치(": "서울특별시 은평구 불광동 239-39 지하1층", "피해일시": "20250813 - 1200", "F_SHIM": 0.0, "F_AREA": 114.9258868, "F_AVR_HGT": 34.1928497, "ADM_CD": 1138010300, "F_YR": "2025", "F_ZONE_NM": "서울특별시 은평구 불광동 239-39 지하1층", "TYPE": "주택", "TYPE2": "재난지원금" }, "geometry": { "type": "Polygon", "coordinates": [ [ [ 126.932397468062092, 37.615792313578865 ], [ 126.932534543155654, 37.615764283185619 ], [ 126.932508114803483, 37.615682728973532 ], [ 126.932371716845253, 37.61571355277372 ], [ 126.932397468062092, 37.615792313578865 ] ] ] } },
{ "type": "Feature", "properties": { "PNU": 1.1380103001023601e+18, "피해위치(": "서울특별시 은평구 불광동 236-4 지하 101호", "피해일시": "20250813 - 1200", "F_SHIM": 0.0, "F_AREA": 186.4961995, "F_AVR_HGT": 34.2784668, "ADM_CD": 1138010300, "F_YR": "2025", "F_ZONE_NM": "서울특별시 은평구 불광동 236-4 지하 101호", "TYPE": "주택", "TYPE2": "재난지원금" }, "geometry": { "type": "Polygon", "coordinates": [ [ [ 126.931304485096703, 37.61576674721767 ], [ 126.931398497458673, 37.615775146196853 ], [ 126.931402479792339, 37.615755867574606 ], [ 126.931417422127979, 37.61564424493335 ], [ 126.931356379866784, 37.615637000811297 ], [ 126.931316742553847, 37.615631751550424 ], [ 126.931222175085281, 37.61562367652845 ], [ 126.931206226326367, 37.615661093768963 ], [ 126.93129369387664, 37.61566739865669 ], [ 126.931282876188035, 37.615764815269955 ], [ 126.931304485096703, 37.61576674721767 ] ] ] } },
{ "type": "Feature", "properties": { "PNU": 1.1380103001023e+18, "피해위치(": "서울특별시 은평구 불광동 230-13 102호", "피해일시": "20250813 - 1200", "F_SHIM": 0.0, "F_AREA": 361.8240642, "F_AVR_HGT": 39.7982422, "ADM_CD": 1138010300, "F_YR": "2025", "F_ZONE_NM": "서울특별시 은평구 불광동 230-13 102호", "TYPE": "주택", "TYPE2": "재난지원금" }, "geometry": { "type": "Polygon", "coordinates": [ [ [ 126.931399345262577, 37.617525932260435 ], [ 126.931398671840697, 37.617519354702665 ], [ 126.93134025590038, 37.617367414664827 ], [ 126.931327685392986, 37.617365244835511 ], [ 126.931107200277381, 37.617438543400183 ], [ 126.931184873728469, 37.617587701990814 ], [ 126.93134646079173, 37.617514278177389 ], [ 126.931399345262577, 37.617525932260435 ] ] ] } },
{ "type": "Feature", "properties": { "PNU": 1.13801030010239e+18, "피해위치(": "서울특별시 은평구 불광동 239-48 지층", "피해일시": "20250813 - 1200", "F_SHIM": 0.0, "F_AREA": 109.8103691, "F_AVR_HGT": 34.1928497, "ADM_CD": 1138010300, "F_YR": "2025", "F_ZONE_NM": "서울특별시 은평구 불광동 239-48 지층", "TYPE": "주택", "TYPE2": "재난지원금" }, "geometry": { "type": "Polygon", "coordinates": [ [ [ 126.932534543155654, 37.615764283185619 ], [ 126.93266198874197, 37.615738409368682 ], [ 126.932634203091922, 37.615654692038632 ], [ 126.932508114803483, 37.615682728973532 ], [ 126.932534543155654, 37.615764283185619 ] ] ] } },
{ "type": "Feature", "properties": { "PNU": 1.1380103001024e+18, "피해위치(": "서울특별시 은평구 불광동 240-1 1층 우 대광부동산", "피해일시": "20250813 - 1200", "F_SHIM": 0.0, "F_AREA": 66.3316428, "F_AVR_HGT": 40.9995972, "ADM_CD": 1138010300, "F_YR": "2025", "F_ZONE_NM": "서울특별시 은평구 불광동 240-1 1층 우 대광부동산", "TYPE": "소상공인", "TYPE2": "재난지원금" }, "geometry": { "type": "Polygon", "coordinates": [ [ [ 126.932834816587857, 37.61570284025278 ], [ 126.932859307816571, 37.615748173837453 ], [ 126.932853739650284, 37.615657153519052 ], [ 126.932842893877421, 37.615602583811118 ], [ 126.932837017280349, 37.615576019477174 ], [ 126.932829314083733, 37.615577411514032 ], [ 126.932775163886831, 37.615588552145375 ], [ 126.932788039928624, 37.615627662211708 ], [ 126.932803063016948, 37.615672179411277 ], [ 126.932812013407869, 37.615669391582067 ], [ 126.932829208251988, 37.615692466699741 ], [ 126.932834816587857, 37.61570284025278 ] ] ] } },
{ "type": "Feature", "properties": { "PNU": 1.13801030010239e+18, "피해위치(": "서울특별시 은평구 불광동 239-55 지하 2호", "피해일시": "20250813 - 1200", "F_SHIM": 0.0, "F_AREA": 117.587467, "F_AVR_HGT": 40.9995972, "ADM_CD": 1138010300, "F_YR": "2025", "F_ZONE_NM": "서울특별시 은평구 불광동 239-55 지하 2호", "TYPE": "주택", "TYPE2": "재난지원금" }, "geometry": { "type": "Polygon", "coordinates": [ [ [ 126.932684191574978, 37.615734998594327 ], [ 126.932829197726804, 37.615703909149573 ], [ 126.932834816587857, 37.61570284025278 ], [ 126.932829208251988, 37.615692466699741 ], [ 126.932812013407869, 37.615669391582067 ], [ 126.932803063016948, 37.615672179411277 ], [ 126.932788039928624, 37.615627662211708 ], [ 126.932656406399843, 37.615650740681211 ], [ 126.932684191574978, 37.615734998594327 ] ] ] } },
{ "type": "Feature", "properties": { "PNU": 1.13801030010239e+18, "피해위치(": "서울특별시 은평구 불광동 239-40 지하", "피해일시": "20250813 - 1200", "F_SHIM": 0.0, "F_AREA": 109.8833894, "F_AVR_HGT": 34.1928497, "ADM_CD": 1138010300, "F_YR": "2025", "F_ZONE_NM": "서울특별시 은평구 불광동 239-40 지하", "TYPE": "주택", "TYPE2": "재난지원금" }, "geometry": { "type": "Polygon", "coordinates": [ [ [ 126.932371716845253, 37.61571355277372 ], [ 126.932508114803483, 37.615682728973532 ], [ 126.932482474605308, 37.615606310806058 ], [ 126.932346076776184, 37.615637134577149 ], [ 126.932371716845253, 37.61571355277372 ] ] ] } },
{ "type": "Feature", "properties": { "PNU": 1.13801030010242e+18, "피해위치(": "서울특별시 은평구 불광동 242-27 좌측, b02호", "피해일시": "20250813 - 1233", "F_SHIM": 0.0, "F_AREA": 156.8379609, "F_AVR_HGT": 35.3763977, "ADM_CD": 1138010300, "F_YR": "2025", "F_ZONE_NM": "서울특별시 은평구 불광동 242-27 좌측, b02호", "TYPE": "주택", "TYPE2": "재난지원금" }, "geometry": { "type": "Polygon", "coordinates": [ [ [ 126.931698547477112, 37.613336999343126 ], [ 126.93182521312005, 37.613293196431208 ], [ 126.931764491996304, 37.613186664584305 ], [ 126.931639411293546, 37.613231369351524 ], [ 126.931698547477112, 37.613336999343126 ] ] ] } },
{ "type": "Feature", "properties": { "PNU": 1.13801030010221e+18, "피해위치(": "서울특별시 은평구 불광동 221-60 지층 우호", "피해일시": "20250813 - 1200", "F_SHIM": 0.0, "F_AREA": 176.0893491, "F_AVR_HGT": 37.1432396, "ADM_CD": 1138010300, "F_YR": "2025", "F_ZONE_NM": "서울특별시 은평구 불광동 221-60 지층 우호", "TYPE": "주택", "TYPE2": "재난지원금" }, "geometry": { "type": "Polygon", "coordinates": [ [ [ 126.931587188207146, 37.617354587132219 ], [ 126.931726255829219, 37.617379446424103 ], [ 126.931736202771489, 37.617280164252293 ], [ 126.931714824892964, 37.617248707388391 ], [ 126.931702716471975, 37.617236897380543 ], [ 126.931640216106842, 37.61721289430595 ], [ 126.931617889062665, 37.617227476967983 ], [ 126.931606110419807, 37.617226388813975 ], [ 126.931606665951904, 37.617237921694013 ], [ 126.931606843727266, 37.617241606809749 ], [ 126.931614250889339, 37.617242070697721 ], [ 126.931597876729413, 37.617310265223722 ], [ 126.931587188207146, 37.617354587132219 ] ] ] } },
{ "type": "Feature", "properties": { "PNU": 1.13801030010239e+18, "피해위치(": "서울특별시 은평구 불광동 239-57 B02호(지층 안쪽)", "피해일시": "20250813 - 1200", "F_SHIM": 0.0, "F_AREA": 104.2110746, "F_AVR_HGT": 40.9995972, "ADM_CD": 1138010300, "F_YR": "2025", "F_ZONE_NM": "서울특별시 은평구 불광동 239-57 B02호(지층 안쪽)", "TYPE": "주택", "TYPE2": "재난지원금" }, "geometry": { "type": "Polygon", "coordinates": [ [ [ 126.932788039928624, 37.615627662211708 ], [ 126.932775163886831, 37.615588552145375 ], [ 126.932762966443264, 37.615550523649738 ], [ 126.932632011625842, 37.615574683664782 ], [ 126.932656406399843, 37.615650740681211 ], [ 126.932788039928624, 37.615627662211708 ] ] ] } },
{ "type": "Feature", "properties": { "PNU": 1.1380103001023802e+18, "피해위치(": "서울특별시 은평구 불광동 238-127 1층 4호", "피해일시": "20250813 - 1200", "F_SHIM": 0.0, "F_AREA": 107.1792313, "F_AVR_HGT": 32.953405, "ADM_CD": 1138010300, "F_YR": "2025", "F_ZONE_NM": "서울특별시 은평구 불광동 238-127 1층 4호", "TYPE": "주택", "TYPE2": "재난지원금" }, "geometry": { "type": "Polygon", "coordinates": [ [ [ 126.931580877156662, 37.615627493574081 ], [ 126.931577262429414, 37.615617130152771 ], [ 126.93159742771428, 37.615612457002072 ], [ 126.931652031915732, 37.615600506297312 ], [ 126.9316254989958, 37.615510752898508 ], [ 126.931619742216796, 37.615489756636109 ], [ 126.931529220790651, 37.615515380938596 ], [ 126.93155878959486, 37.615628741855367 ], [ 126.931580877156662, 37.615627493574081 ] ] ] } },
{ "type": "Feature", "properties": { "PNU": 1.13801030010239e+18, "피해위치(": "서울특별시 은평구 불광동 239-46 지하1층", "피해일시": "20250813 - 1200", "F_SHIM": 0.0, "F_AREA": 105.3617671, "F_AVR_HGT": 34.632753, "ADM_CD": 1138010300, "F_YR": "2025", "F_ZONE_NM": "서울특별시 은평구 불광동 239-46 지하1층", "TYPE": "주택", "TYPE2": "재난지원금" }, "geometry": { "type": "Polygon", "coordinates": [ [ [ 126.932482474605308, 37.615606310806058 ], [ 126.932609808671828, 37.615578274625541 ], [ 126.932586322570344, 37.61549951518689 ], [ 126.932456722362701, 37.615528631193349 ], [ 126.932482474605308, 37.615606310806058 ] ] ] } },
{ "type": "Feature", "properties": { "PNU": 1.13801030010239e+18, "피해위치(": "서울특별시 은평구 불광동 239-42", "피해일시": "20250824 - 1024", "F_SHIM": 0.0, "F_AREA": 114.0198711, "F_AVR_HGT": 34.632753, "ADM_CD": 1138010300, "F_YR": "2025", "F_ZONE_NM": "서울특별시 은평구 불광동 239-42", "TYPE": "소상공인", "TYPE2": "재난지원금" }, "geometry": { "type": "Polygon", "coordinates": [ [ [ 126.932456722362701, 37.615528631193349 ], [ 126.932433802670985, 37.615449962153292 ], [ 126.932293893445092, 37.615481324397884 ], [ 126.932300332164161, 37.615499978477366 ], [ 126.932320324163967, 37.615559995523384 ], [ 126.932456722362701, 37.615528631193349 ] ] ] } },
{ "type": "Feature", "properties": { "PNU": 1.13801030010239e+18, "피해위치(": "서울특별시 은평구 불광동 239-45 지층 좌측", "피해일시": "20250813 - 1200", "F_SHIM": 0.0, "F_AREA": 106.4637973, "F_AVR_HGT": 34.632753, "ADM_CD": 1138010300, "F_YR": "2025", "F_ZONE_NM": "서울특별시 은평구 불광동 239-45 지층 좌측", "TYPE": "주택", "TYPE2": "재난지원금" }, "geometry": { "type": "Polygon", "coordinates": [ [ [ 126.932456722362701, 37.615528631193349 ], [ 126.932586322570344, 37.61549951518689 ], [ 126.932561251416146, 37.615420124129805 ], [ 126.932433802670985, 37.615449962153292 ], [ 126.932456722362701, 37.615528631193349 ] ] ] } },
{ "type": "Feature", "properties": { "PNU": 1.13801030010234e+18, "피해위치(": "서울특별시 은평구 불광동 234-2 지하101호", "피해일시": "20250813 - 1200", "F_SHIM": 0.0, "F_AREA": 211.1450338, "F_AVR_HGT": 36.646257, "ADM_CD": 1138010300, "F_YR": "2025", "F_ZONE_NM": "서울특별시 은평구 불광동 234-2 지하101호", "TYPE": "주택", "TYPE2": "재난지원금" }, "geometry": { "type": "Polygon", "coordinates": [ [ [ 126.931642613933818, 37.61705918844283 ], [ 126.931635576794761, 37.616965932786272 ], [ 126.931627928878541, 37.616908085303471 ], [ 126.93159371453477, 37.616916804547202 ], [ 126.931599895878804, 37.61696834429916 ], [ 126.931605101963655, 37.617033245014483 ], [ 126.931502053407286, 37.617044725481364 ], [ 126.931514891665174, 37.617087448586332 ], [ 126.931519450082988, 37.617118219776422 ], [ 126.931514839675387, 37.61719123250564 ], [ 126.931631140002708, 37.617168227325536 ], [ 126.931622125484324, 37.617118280634521 ], [ 126.931651109340223, 37.617082889261695 ], [ 126.931642613933818, 37.61705918844283 ] ] ] } },
{ "type": "Feature", "properties": { "PNU": 1.1380103001024e+18, "피해위치(": "서울특별시 은평구 불광동 240-9 B02호", "피해일시": "20250813 - 1200", "F_SHIM": 0.0, "F_AREA": 269.111766, "F_AVR_HGT": 34.632753, "ADM_CD": 1138010300, "F_YR": "2025", "F_ZONE_NM": "서울특별시 은평구 불광동 240-9 B02호", "TYPE": "주택", "TYPE2": "재난지원금" }, "geometry": { "type": "Polygon", "coordinates": [ [ [ 126.932284012232529, 37.615388607674753 ], [ 126.932425850345652, 37.615353372353056 ], [ 126.93236246679038, 37.615183770631489 ], [ 126.932220627799225, 37.615220267250848 ], [ 126.93223486322762, 37.61525874749146 ], [ 126.932238099204724, 37.61531118647634 ], [ 126.932256522217415, 37.615353092899213 ], [ 126.932281758163683, 37.615376533209222 ], [ 126.932284012232529, 37.615388607674753 ] ] ] } },
{ "type": "Feature", "properties": { "PNU": 1.1380103001033101e+18, "피해위치(": "서울특별시 은평구 불광동 331-40 102호", "피해일시": "20250813 - 1200", "F_SHIM": 0.0, "F_AREA": 372.0301202, "F_AVR_HGT": 41.7817131, "ADM_CD": 1138010300, "F_YR": "2025", "F_ZONE_NM": "서울특별시 은평구 불광동 331-40 102호", "TYPE": "주택", "TYPE2": "재난지원금" }, "geometry": { "type": "Polygon", "coordinates": [ [ [ 126.926540792653341, 37.619094345227587 ], [ 126.926545106816732, 37.619084437186039 ], [ 126.926563961249414, 37.61903282299577 ], [ 126.926519639309959, 37.618953778868594 ], [ 126.926491144530729, 37.618905107822037 ], [ 126.926471221147111, 37.618893292312151 ], [ 126.926371966539108, 37.618924493164741 ], [ 126.926359029536584, 37.61894872129465 ], [ 126.926345414637893, 37.618971237128768 ], [ 126.926338981426724, 37.619060790466293 ], [ 126.926364554393984, 37.619086394593758 ], [ 126.926393179652308, 37.619117947128181 ], [ 126.926400539312368, 37.619120744851863 ], [ 126.926449238544038, 37.619127082702676 ], [ 126.926540792653341, 37.619094345227587 ] ] ] } },
{ "type": "Feature", "properties": { "PNU": 1.1380103001024e+18, "피해위치(": "서울특별시 은평구 불광동 240-8 B102호", "피해일시": "20250813 - 1200", "F_SHIM": 0.0, "F_AREA": 156.294331, "F_AVR_HGT": 34.632753, "ADM_CD": 1138010300, "F_YR": "2025", "F_ZONE_NM": "서울특별시 은평구 불광동 240-8 B102호", "TYPE": "주택", "TYPE2": "재난지원금" }, "geometry": { "type": "Polygon", "coordinates": [ [ [ 126.932425850345652, 37.615353372353056 ], [ 126.93244704692529, 37.615347915807391 ], [ 126.932418336239579, 37.615260593956258 ], [ 126.932543170674947, 37.615228177615151 ], [ 126.932513369578047, 37.615144125708568 ], [ 126.932383538929244, 37.615178106798545 ], [ 126.93236246679038, 37.615183770631489 ], [ 126.932425850345652, 37.615353372353056 ] ] ] } },
{ "type": "Feature", "properties": { "PNU": 1.1380103001023802e+18, "피해위치(": "서울특별시 은평구 불광동 238-184 장미빌라 A동 102호", "피해일시": "20250813 - 1200", "F_SHIM": 0.0, "F_AREA": 187.9625978, "F_AVR_HGT": 35.2114464, "ADM_CD": 1138010300, "F_YR": "2025", "F_ZONE_NM": "서울특별시 은평구 불광동 238-184 장미빌라 A동 102호", "TYPE": "주택", "TYPE2": "재난지원금" }, "geometry": { "type": "Polygon", "coordinates": [ [ [ 126.931789927974933, 37.616876556715418 ], [ 126.93179003577167, 37.616882413152986 ], [ 126.931873221606494, 37.616878461921345 ], [ 126.931888952164542, 37.616844179882186 ], [ 126.931904493369771, 37.616818601201722 ], [ 126.93193408340224, 37.616788796194818 ], [ 126.931965703121335, 37.616768722967258 ], [ 126.931971270487267, 37.616750075949632 ], [ 126.931786674476342, 37.616721856422423 ], [ 126.931789927974933, 37.616876556715418 ] ] ] } },
{ "type": "Feature", "properties": { "PNU": 1.13801030010323e+18, "피해위치(": "서울특별시 은평구 불광동 323-8 지층 1호", "피해일시": "20250813 - 1200", "F_SHIM": 0.0, "F_AREA": 184.8514578, "F_AVR_HGT": 31.7216679, "ADM_CD": 1138010300, "F_YR": "2025", "F_ZONE_NM": "서울특별시 은평구 불광동 323-8 지층 1호", "TYPE": "주택", "TYPE2": "재난지원금" }, "geometry": { "type": "Polygon", "coordinates": [ [ [ 126.923476382967152, 37.618803143790814 ], [ 126.923504379531224, 37.618784692206994 ], [ 126.923555367085783, 37.618768598356446 ], [ 126.923590023403349, 37.6187722251682 ], [ 126.923634224048229, 37.61874729719495 ], [ 126.923574404959723, 37.618651663693299 ], [ 126.92356897665239, 37.618643461187261 ], [ 126.923414519932152, 37.618712554346878 ], [ 126.923422664307438, 37.618723011108031 ], [ 126.923476382967152, 37.618803143790814 ] ] ] } },
{ "type": "Feature", "properties": { "PNU": 1.13801030010238e+18, "피해위치(": "서울특별시 은평구 불광동 238-23 지하 2호", "피해일시": "20250813 - 1200", "F_SHIM": 0.0, "F_AREA": 308.7791517, "F_AVR_HGT": 35.2114464, "ADM_CD": 1138010300, "F_YR": "2025", "F_ZONE_NM": "서울특별시 은평구 불광동 238-23 지하 2호", "TYPE": "주택", "TYPE2": "재난지원금" }, "geometry": { "type": "Polygon", "coordinates": [ [ [ 126.931982513945314, 37.616717647272857 ], [ 126.932012525098699, 37.616722079757629 ], [ 126.932039918405096, 37.616618483116028 ], [ 126.932033332268617, 37.616514776365932 ], [ 126.932019513874948, 37.616514858326937 ], [ 126.931894331619006, 37.616541183271593 ], [ 126.931863858577358, 37.616546300878916 ], [ 126.931849221972442, 37.616694954044007 ], [ 126.931982513945314, 37.616717647272857 ] ] ] } },
{ "type": "Feature", "properties": { "PNU": 1.13801030010008e+18, "피해위치(": "서울특별시 은평구 불광동 8-59 B03호", "피해일시": "20250813 - 1200", "F_SHIM": 0.0, "F_AREA": 177.3152685, "F_AVR_HGT": 64.622644, "ADM_CD": 1138010300, "F_YR": "2025", "F_ZONE_NM": "서울특별시 은평구 불광동 8-59 B03호", "TYPE": "주택", "TYPE2": "재난지원금" }, "geometry": { "type": "Polygon", "coordinates": [ [ [ 126.934273199657071, 37.614190732484531 ], [ 126.934276237501763, 37.614087391691228 ], [ 126.934270687705009, 37.614087388528915 ], [ 126.934110532442375, 37.614091711966239 ], [ 126.934111558763931, 37.614209470772863 ], [ 126.934273199657071, 37.614190732484531 ] ] ] } },
{ "type": "Feature", "properties": { "PNU": 1.13801030010008e+18, "피해위치(": "서울특별시 은평구 불광동 8-7 B02호", "피해일시": "20250813 - 1200", "F_SHIM": 0.0, "F_AREA": 271.7339975, "F_AVR_HGT": 40.9995972, "ADM_CD": 1138010300, "F_YR": "2025", "F_ZONE_NM": "서울특별시 은평구 불광동 8-7 B02호", "TYPE": "주택", "TYPE2": "재난지원금" }, "geometry": { "type": "Polygon", "coordinates": [ [ [ 126.933278671684988, 37.616399727035692 ], [ 126.933301555509289, 37.61639496506838 ], [ 126.933304270651135, 37.6163984804625 ], [ 126.933424442968516, 37.61631323600345 ], [ 126.933391313894816, 37.616213018819323 ], [ 126.933201797117036, 37.616240749564433 ], [ 126.93317980905988, 37.616256864388077 ], [ 126.933180746450361, 37.616259820147611 ], [ 126.933248027290773, 37.616344659391963 ], [ 126.933278671684988, 37.616399727035692 ] ] ] } },
{ "type": "Feature", "properties": { "PNU": 1.13801030010008e+18, "피해위치(": "서울특별시 은평구 불광동 8-61 지하1층", "피해일시": "20250813 - 1200", "F_SHIM": 0.0, "F_AREA": 221.9893279, "F_AVR_HGT": 64.622644, "ADM_CD": 1138010300, "F_YR": "2025", "F_ZONE_NM": "서울특별시 은평구 불광동 8-61 지하1층", "TYPE": "주택", "TYPE2": "재난지원금" }, "geometry": { "type": "Polygon", "coordinates": [ [ [ 126.933937468404807, 37.614092694164846 ], [ 126.934102385609307, 37.614082877698436 ], [ 126.934094120525387, 37.61395412278484 ], [ 126.93394382413392, 37.613953045741987 ], [ 126.933921378810851, 37.613974746531163 ], [ 126.933937468404807, 37.614092694164846 ] ] ] } },
{ "type": "Feature", "properties": { "PNU": 1.13801030010242e+18, "피해위치(": "서울특별시 은평구 불광동 242-9 지층", "피해일시": "20250813 - 1200", "F_SHIM": 0.0, "F_AREA": 167.866672, "F_AVR_HGT": 35.3763977, "ADM_CD": 1138010300, "F_YR": "2025", "F_ZONE_NM": "서울특별시 은평구 불광동 242-9 지층", "TYPE": "주택", "TYPE2": "재난지원금" }, "geometry": { "type": "Polygon", "coordinates": [ [ [ 126.931969218734622, 37.613723680064467 ], [ 126.931981115879637, 37.613718551483004 ], [ 126.931959810161572, 37.613610601392331 ], [ 126.931834043332984, 37.613661702923686 ], [ 126.931799485084028, 37.613676458602811 ], [ 126.931849682656221, 37.613773073419168 ], [ 126.931969218734622, 37.613723680064467 ] ] ] } },
{ "type": "Feature", "properties": { "PNU": 1.1380103001032e+18, "피해위치(": "서울특별시 은평구 불광동 320-31 지층", "피해일시": "20250813 - 1200", "F_SHIM": 0.0, "F_AREA": 87.9169886, "F_AVR_HGT": 30.6431347, "ADM_CD": 1138010300, "F_YR": "2025", "F_ZONE_NM": "서울특별시 은평구 불광동 320-31 지층", "TYPE": "주택", "TYPE2": "재난지원금" }, "geometry": { "type": "Polygon", "coordinates": [ [ [ 126.923737164769747, 37.619310297531982 ], [ 126.923923695468588, 37.619398365004614 ], [ 126.923908032238359, 37.61929845402279 ], [ 126.923812271810434, 37.619301066916499 ], [ 126.923737164769747, 37.619310297531982 ] ] ] } },
{ "type": "Feature", "properties": { "PNU": 1.13801030010377e+18, "피해위치(": "서울특별시 은평구 불광동 377-2 B02호", "피해일시": "20250813 - 1200", "F_SHIM": 0.0, "F_AREA": 167.5048838, "F_AVR_HGT": 38.4939819, "ADM_CD": 1138010300, "F_YR": "2025", "F_ZONE_NM": "서울특별시 은평구 불광동 377-2 B02호", "TYPE": "주택", "TYPE2": "재난지원금" }, "geometry": { "type": "Polygon", "coordinates": [ [ [ 126.922856981652998, 37.622409175181829 ], [ 126.922934593899669, 37.622390486514426 ], [ 126.922932903518927, 37.622382196375476 ], [ 126.922915884846077, 37.622300826573081 ], [ 126.922896108365691, 37.62225675549027 ], [ 126.922878885950382, 37.622261339010947 ], [ 126.922753559421849, 37.622304862844096 ], [ 126.922821090398841, 37.622393474204742 ], [ 126.922856981652998, 37.622409175181829 ] ] ] } },
{ "type": "Feature", "properties": { "PNU": 1.13801030010194e+18, "피해위치(": "서울특별시 은평구 불광동 194-8 B01호", "피해일시": "20250813 - 1200", "F_SHIM": 0.0, "F_AREA": 194.0069491, "F_AVR_HGT": 44.0798203, "ADM_CD": 1138010300, "F_YR": "2025", "F_ZONE_NM": "서울특별시 은평구 불광동 194-8 B01호", "TYPE": "주택", "TYPE2": "재난지원금" }, "geometry": { "type": "Polygon", "coordinates": [ [ [ 126.930556727576828, 37.622323327931241 ], [ 126.930594764068516, 37.622348037643377 ], [ 126.930624751563613, 37.622379680051885 ], [ 126.930753007523705, 37.622395803483734 ], [ 126.930780506723096, 37.622256231178142 ], [ 126.930741766898677, 37.622256496262729 ], [ 126.930673114326311, 37.622265735158052 ], [ 126.930639678782711, 37.62228661781041 ], [ 126.930615990399005, 37.622301559843756 ], [ 126.930556727576828, 37.622323327931241 ] ] ] } },
{ "type": "Feature", "properties": { "PNU": 1.13801030010138e+18, "피해위치(": "서울특별시 은평구 불광동 138-5 지층 좌측", "피해일시": "20250813 - 1200", "F_SHIM": 0.0, "F_AREA": 209.5859156, "F_AVR_HGT": 36.496019, "ADM_CD": 1138010300, "F_YR": "2025", "F_ZONE_NM": "서울특별시 은평구 불광동 138-5 지층 좌측", "TYPE": "주택", "TYPE2": "재난지원금" }, "geometry": { "type": "Polygon", "coordinates": [ [ [ 126.928094045332585, 37.621400479356552 ], [ 126.928113418782658, 37.621396527097829 ], [ 126.928173913588552, 37.621388996481784 ], [ 126.928219002919747, 37.62138190675654 ], [ 126.928244831193894, 37.621379670347252 ], [ 126.928314260518391, 37.621386380688818 ], [ 126.928336347540636, 37.621387475564148 ], [ 126.928337667011277, 37.621312514855546 ], [ 126.928338712953604, 37.621285486107219 ], [ 126.928219767027585, 37.621295863651554 ], [ 126.928161420664864, 37.621307269840365 ], [ 126.928098890747265, 37.621311015068379 ], [ 126.928098085261112, 37.621323808481748 ], [ 126.928094045332585, 37.621400479356552 ] ] ] } },
{ "type": "Feature", "properties": { "PNU": 1.13801030010367e+18, "피해위치(": "서울특별시 은평구 불광동 367-1 1층 102호", "피해일시": "20250813 - 1200", "F_SHIM": 0.0, "F_AREA": 60.9612648, "F_AVR_HGT": 32.1816307, "ADM_CD": 1138010300, "F_YR": "2025", "F_ZONE_NM": "서울특별시 은평구 불광동 367-1 1층 102호", "TYPE": "소상공인", "TYPE2": "재난지원금" }, "geometry": { "type": "Polygon", "coordinates": [ [ [ 126.924447487686763, 37.621284630630754 ], [ 126.924400507332535, 37.621257930933652 ], [ 126.924327763609654, 37.621356910070723 ], [ 126.924346012046016, 37.621367598617454 ], [ 126.924386224552975, 37.621366768977481 ], [ 126.924447487686763, 37.621284630630754 ] ] ] } },
{ "type": "Feature", "properties": { "PNU": 1.1380103001035301e+18, "피해위치(": "서울특별시 은평구 불광동 353-54 지층 2호", "피해일시": "20250813 - 1200", "F_SHIM": 0.0, "F_AREA": 179.7907304, "F_AVR_HGT": 32.4443871, "ADM_CD": 1138010300, "F_YR": "2025", "F_ZONE_NM": "서울특별시 은평구 불광동 353-54 지층 2호", "TYPE": "주택", "TYPE2": "재난지원금" }, "geometry": { "type": "Polygon", "coordinates": [ [ [ 126.925364833707988, 37.620318114304958 ], [ 126.925506132660075, 37.620379832438744 ], [ 126.925573744444876, 37.620279146402751 ], [ 126.925435276837135, 37.620217970762425 ], [ 126.925399092864282, 37.620267681526364 ], [ 126.925364833707988, 37.620318114304958 ] ] ] } },
{ "type": "Feature", "properties": { "PNU": 1.1380103001035301e+18, "피해위치(": "서울특별시 은평구 불광동 353-57 지층(왼쪽)", "피해일시": "20250813 - 1200", "F_SHIM": 0.0, "F_AREA": 163.8851177, "F_AVR_HGT": 32.4443871, "ADM_CD": 1138010300, "F_YR": "2025", "F_ZONE_NM": "서울특별시 은평구 불광동 353-57 지층(왼쪽)", "TYPE": "주택", "TYPE2": "재난지원금" }, "geometry": { "type": "Polygon", "coordinates": [ [ [ 126.925340672968446, 37.620351525069957 ], [ 126.925364833707988, 37.620318114304958 ], [ 126.925399092864282, 37.620267681526364 ], [ 126.925241940036457, 37.620202349096758 ], [ 126.925185335844418, 37.620282770013787 ], [ 126.925340672968446, 37.620351525069957 ] ] ] } },
{ "type": "Feature", "properties": { "PNU": 1.13801030010189e+18, "피해위치(": "서울특별시 은평구 불광동 189-8 1층", "피해일시": "20250813 - 1200", "F_SHIM": 0.0, "F_AREA": 238.4535534, "F_AVR_HGT": 45.7849518, "ADM_CD": 1138010300, "F_YR": "2025", "F_ZONE_NM": "서울특별시 은평구 불광동 189-8 1층", "TYPE": "소상공인", "TYPE2": "재난지원금" }, "geometry": { "type": "Polygon", "coordinates": [ [ [ 126.931707010652616, 37.622335546584011 ], [ 126.931782569909331, 37.622329464598195 ], [ 126.931860062791955, 37.622314824397726 ], [ 126.931856381056235, 37.62229091022143 ], [ 126.93183619359128, 37.622159661588448 ], [ 126.931690510687986, 37.622173810952937 ], [ 126.931707010652616, 37.622335546584011 ] ] ] } },
{ "type": "Feature", "properties": { "PNU": 1.1380103001018801e+18, "피해위치(": "서울특별시 은평구 불광동 188-2", "피해일시": "20250813 - 1200", "F_SHIM": 0.0, "F_AREA": 55.4665833, "F_AVR_HGT": 46.5988747, "ADM_CD": 1138010300, "F_YR": "2025", "F_ZONE_NM": "서울특별시 은평구 불광동 188-2", "TYPE": "소상공인", "TYPE2": "재난지원금" }, "geometry": { "type": "Polygon", "coordinates": [ [ [ 126.932766704795441, 37.622315536302928 ], [ 126.932774314703593, 37.622293196438136 ], [ 126.932734005986248, 37.62227506325587 ], [ 126.932641275409267, 37.622231131452196 ], [ 126.932633350752837, 37.622226261535666 ], [ 126.932614730658628, 37.622273101613047 ], [ 126.932766704795441, 37.622315536302928 ] ] ] } },
{ "type": "Feature", "properties": { "PNU": 1.1380103001002301e+18, "피해위치(": "서울특별시 은평구 불광동 23-85 B02", "피해일시": "20250822 - 1758", "F_SHIM": 0.0, "F_AREA": 108.2222572, "F_AVR_HGT": 53.9149681, "ADM_CD": 1138010300, "F_YR": "2025", "F_ZONE_NM": "서울특별시 은평구 불광동 23-85 B02", "TYPE": "주택", "TYPE2": "재난지원금" }, "geometry": { "type": "Polygon", "coordinates": [ [ [ 126.934636589351314, 37.621523027878609 ], [ 126.93463997288454, 37.621488792560072 ], [ 126.934669086872717, 37.621485475430916 ], [ 126.934678890809693, 37.621415655041503 ], [ 126.934525507676753, 37.621467338369669 ], [ 126.934536627001236, 37.621534954213359 ], [ 126.934636589351314, 37.621523027878609 ] ] ] } },
{ "type": "Feature", "properties": { "PNU": 1.13801030010368e+18, "피해위치(": "서울특별시 은평구 불광동 368-5 지층 102호", "피해일시": "20250813 - 1200", "F_SHIM": 0.0, "F_AREA": 145.315344, "F_AVR_HGT": 29.8235813, "ADM_CD": 1138010300, "F_YR": "2025", "F_ZONE_NM": "서울특별시 은평구 불광동 368-5 지층 102호", "TYPE": "주택", "TYPE2": "재난지원금" }, "geometry": { "type": "Polygon", "coordinates": [ [ [ 126.923553086505862, 37.621288908391158 ], [ 126.923609507647484, 37.621277773504019 ], [ 126.923645648757685, 37.621270769716162 ], [ 126.923661668688439, 37.621224199626887 ], [ 126.923649565221666, 37.621208244296838 ], [ 126.923599120505799, 37.621136763293705 ], [ 126.923522739718095, 37.621170769874958 ], [ 126.92350676066404, 37.62117814734772 ], [ 126.923553086505862, 37.621288908391158 ] ] ] } },
{ "type": "Feature", "properties": { "PNU": 1.1380103001035301e+18, "피해위치(": "서울특별시 은평구 불광동 353-65 지하 좌측", "피해일시": "20250813 - 1200", "F_SHIM": 0.0, "F_AREA": 140.3062287, "F_AVR_HGT": 32.4443871, "ADM_CD": 1138010300, "F_YR": "2025", "F_ZONE_NM": "서울특별시 은평구 불광동 353-65 지하 좌측", "TYPE": "주택", "TYPE2": "재난지원금" }, "geometry": { "type": "Polygon", "coordinates": [ [ [ 126.925133228265366, 37.620285799628597 ], [ 126.925192670999749, 37.620198803418241 ], [ 126.925066885054832, 37.620142590937022 ], [ 126.925033419270719, 37.620192393448363 ], [ 126.925007327840476, 37.620230668186657 ], [ 126.925133228265366, 37.620285799628597 ] ] ] } },
{ "type": "Feature", "properties": { "PNU": 1.1380103001035301e+18, "피해위치(": "서울특별시 은평구 불광동 353-80 지하 101호", "피해일시": "20250813 - 1200", "F_SHIM": 0.0, "F_AREA": 149.911736, "F_AVR_HGT": 32.4443871, "ADM_CD": 1138010300, "F_YR": "2025", "F_ZONE_NM": "서울특별시 은평구 불광동 353-80 지하 101호", "TYPE": "주택", "TYPE2": "재난지원금" }, "geometry": { "type": "Polygon", "coordinates": [ [ [ 126.925435276837135, 37.620217970762425 ], [ 126.925573744444876, 37.620279146402751 ], [ 126.925632844743689, 37.620194222004066 ], [ 126.925563331914518, 37.620159579648664 ], [ 126.925487345494474, 37.620141871506647 ], [ 126.925451839471549, 37.620193294586343 ], [ 126.925435276837135, 37.620217970762425 ] ] ] } },
{ "type": "Feature", "properties": { "PNU": 1.13801030010377e+18, "피해위치(": "서울특별시 은평구 불광동 377-4 B2호", "피해일시": "20250813 - 1200", "F_SHIM": 0.0, "F_AREA": 178.0933471, "F_AVR_HGT": 38.4939819, "ADM_CD": 1138010300, "F_YR": "2025", "F_ZONE_NM": "서울특별시 은평구 불광동 377-4 B2호", "TYPE": "주택", "TYPE2": "재난지원금" }, "geometry": { "type": "Polygon", "coordinates": [ [ [ 126.922753559421849, 37.622304862844096 ], [ 126.922878885950382, 37.622261339010947 ], [ 126.922924940827187, 37.622198841700403 ], [ 126.922884859112955, 37.622182597363313 ], [ 126.92284886237843, 37.622159598387981 ], [ 126.922696101952525, 37.622223826402319 ], [ 126.922753559421849, 37.622304862844096 ] ] ] } },
{ "type": "Feature", "properties": { "PNU": 1.13801030010377e+18, "피해위치(": "서울특별시 은평구 불광동 377-19 지하 101호", "피해일시": "20250813 - 1200", "F_SHIM": 0.0, "F_AREA": 181.4037219, "F_AVR_HGT": 38.4939819, "ADM_CD": 1138010300, "F_YR": "2025", "F_ZONE_NM": "서울특별시 은평구 불광동 377-19 지하 101호", "TYPE": "주택", "TYPE2": "재난지원금" }, "geometry": { "type": "Polygon", "coordinates": [ [ [ 126.922475289891338, 37.622263411908605 ], [ 126.922482854609527, 37.62228666225208 ], [ 126.922492592893605, 37.622289732105045 ], [ 126.922645925231564, 37.622220549348789 ], [ 126.922574773968691, 37.622128061250756 ], [ 126.922430504870235, 37.622196078716648 ], [ 126.922475289891338, 37.622263411908605 ] ] ] } },
{ "type": "Feature", "properties": { "PNU": 1.13801030010177e+18, "피해위치(": "서울특별시 은평구 불광동 177-39 1층", "피해일시": "20250813 - 1200", "F_SHIM": 0.0, "F_AREA": 187.741424, "F_AVR_HGT": 45.7849518, "ADM_CD": 1138010300, "F_YR": "2025", "F_ZONE_NM": "서울특별시 은평구 불광동 177-39 1층", "TYPE": "소상공인", "TYPE2": "재난지원금" }, "geometry": { "type": "Polygon", "coordinates": [ [ [ 126.932009501331947, 37.622282026755499 ], [ 126.93214590298696, 37.622260303311606 ], [ 126.932149314504301, 37.622245979738729 ], [ 126.932130959359611, 37.622129292065502 ], [ 126.931991392326182, 37.622144526573265 ], [ 126.932006768145214, 37.622261230532473 ], [ 126.932009501331947, 37.622282026755499 ] ] ] } },
{ "type": "Feature", "properties": { "PNU": 1.13801030010205e+18, "피해위치(": "서울특별시 은평구 불광동 205-8 지층 좌", "피해일시": "20250813 - 1200", "F_SHIM": 0.0, "F_AREA": 131.9999735, "F_AVR_HGT": 41.3410812, "ADM_CD": 1138010300, "F_YR": "2025", "F_ZONE_NM": "서울특별시 은평구 불광동 205-8 지층 좌", "TYPE": "주택", "TYPE2": "재난지원금" }, "geometry": { "type": "Polygon", "coordinates": [ [ [ 126.929345138557707, 37.621517027080863 ], [ 126.929433783178126, 37.621449147380716 ], [ 126.92944636545036, 37.62143978487525 ], [ 126.929313440322204, 37.62138123002174 ], [ 126.929249265370871, 37.621446151386913 ], [ 126.929345138557707, 37.621517027080863 ] ] ] } },
{ "type": "Feature", "properties": { "PNU": 1.1380103001035301e+18, "피해위치(": "서울특별시 은평구 불광동 353-79 B02호", "피해일시": "20250813 - 1200", "F_SHIM": 0.0, "F_AREA": 143.3896177, "F_AVR_HGT": 32.4443871, "ADM_CD": 1138010300, "F_YR": "2025", "F_ZONE_NM": "서울특별시 은평구 불광동 353-79 B02호", "TYPE": "주택", "TYPE2": "재난지원금" }, "geometry": { "type": "Polygon", "coordinates": [ [ [ 126.925487345494474, 37.620141871506647 ], [ 126.925490296669665, 37.620135836841598 ], [ 126.925496422715412, 37.620126560693599 ], [ 126.925499486242245, 37.620121427080775 ], [ 126.925373358455829, 37.620067106763379 ], [ 126.925355147962478, 37.620041597275474 ], [ 126.925295255312932, 37.620125800241375 ], [ 126.925451839471549, 37.620193294586343 ], [ 126.925487345494474, 37.620141871506647 ] ] ] } },
{ "type": "Feature", "properties": { "PNU": 1.1380103001001601e+18, "피해위치(": "서울특별시 은평구 불광동 16-66 지하 101호", "피해일시": "20250813 - 1200", "F_SHIM": 0.0, "F_AREA": 170.7120033, "F_AVR_HGT": 48.7127167, "ADM_CD": 1138010300, "F_YR": "2025", "F_ZONE_NM": "서울특별시 은평구 불광동 16-66 지하 101호", "TYPE": "주택", "TYPE2": "재난지원금" }, "geometry": { "type": "Polygon", "coordinates": [ [ [ 126.932020348406112, 37.621216083885407 ], [ 126.932176647904484, 37.621233204353132 ], [ 126.932202345661963, 37.621127354308065 ], [ 126.932040611344789, 37.621108068322584 ], [ 126.932020348406112, 37.621216083885407 ] ] ] } },
{ "type": "Feature", "properties": { "PNU": 1.13801030010439e+18, "피해위치(": "서울특별시 은평구 불광동 439-21 B01호", "피해일시": "20250813 - 1200", "F_SHIM": 0.0, "F_AREA": 103.4933943, "F_AVR_HGT": 49.3030106, "ADM_CD": 1138010300, "F_YR": "2025", "F_ZONE_NM": "서울특별시 은평구 불광동 439-21 B01호", "TYPE": "주택", "TYPE2": "재난지원금" }, "geometry": { "type": "Polygon", "coordinates": [ [ [ 126.925443688431756, 37.623868475910704 ], [ 126.925486776747263, 37.623937068219767 ], [ 126.925612562571743, 37.623888586404817 ], [ 126.925572303866261, 37.623822158313047 ], [ 126.925443688431756, 37.623868475910704 ] ] ] } },
{ "type": "Feature", "properties": { "PNU": 1.13801030010146e+18, "피해위치(": "서울특별시 은평구 불광동 146-5 지하", "피해일시": "20250813 - 1200", "F_SHIM": 0.0, "F_AREA": 176.4146073, "F_AVR_HGT": 38.2702499, "ADM_CD": 1138010300, "F_YR": "2025", "F_ZONE_NM": "서울특별시 은평구 불광동 146-5 지하", "TYPE": "소상공인", "TYPE2": "재난지원금" }, "geometry": { "type": "Polygon", "coordinates": [ [ [ 126.929502600669338, 37.622090326646877 ], [ 126.92963972717051, 37.622139693846336 ], [ 126.929681372183879, 37.62206313592413 ], [ 126.929675740947516, 37.622029435851758 ], [ 126.929591497720835, 37.621996138379146 ], [ 126.929551525589176, 37.621982329017492 ], [ 126.929491730693016, 37.622085905211733 ], [ 126.929502600669338, 37.622090326646877 ] ] ] } },
{ "type": "Feature", "properties": { "PNU": 1.13801030010353e+18, "피해위치(": "서울특별시 은평구 불광동 353-2 지층 1호", "피해일시": "20250813 - 1200", "F_SHIM": 0.0, "F_AREA": 138.5229843, "F_AVR_HGT": 33.6191193, "ADM_CD": 1138010300, "F_YR": "2025", "F_ZONE_NM": "서울특별시 은평구 불광동 353-2 지층 1호", "TYPE": "주택", "TYPE2": "재난지원금" }, "geometry": { "type": "Polygon", "coordinates": [ [ [ 126.926338030676519, 37.621006195063558 ], [ 126.926401115181918, 37.621036499152879 ], [ 126.926462824607455, 37.621060053994128 ], [ 126.926463391781212, 37.621059243472942 ], [ 126.92647938681813, 37.621035647971027 ], [ 126.926520793066672, 37.620973867070084 ], [ 126.926459992764819, 37.620947429701282 ], [ 126.926395342272116, 37.620919998772123 ], [ 126.926376171368503, 37.620947826846617 ], [ 126.926338030676519, 37.621006195063558 ] ] ] } },
{ "type": "Feature", "properties": { "PNU": 1.1380103001039101e+18, "피해위치(": "서울특별시 은평구 불광동 391-89 지상 101호", "피해일시": "20250813 - 1200", "F_SHIM": 0.0, "F_AREA": 151.2202255, "F_AVR_HGT": 43.6421066, "ADM_CD": 1138010300, "F_YR": "2025", "F_ZONE_NM": "서울특별시 은평구 불광동 391-89 지상 101호", "TYPE": "주택", "TYPE2": "재난지원금" }, "geometry": { "type": "Polygon", "coordinates": [ [ [ 126.921368964487442, 37.622763700471062 ], [ 126.921495242235594, 37.62278531958529 ], [ 126.92150905919209, 37.622787671501307 ], [ 126.921530472244598, 37.622678036795698 ], [ 126.921495363340185, 37.622672336820607 ], [ 126.921396831849492, 37.622656412720076 ], [ 126.921381933268464, 37.622711993047623 ], [ 126.921368964487442, 37.622763700471062 ] ] ] } },
{ "type": "Feature", "properties": { "PNU": 1.13801030010143e+18, "피해위치(": "서울특별시 은평구 불광동 143-6 지층", "피해일시": "20250813 - 1200", "F_SHIM": 0.0, "F_AREA": 142.446597, "F_AVR_HGT": 36.496019, "ADM_CD": 1138010300, "F_YR": "2025", "F_ZONE_NM": "서울특별시 은평구 불광동 143-6 지층", "TYPE": "주택", "TYPE2": "재난지원금" }, "geometry": { "type": "Polygon", "coordinates": [ [ [ 126.928609590430227, 37.622052567819239 ], [ 126.928618651760516, 37.622053114005254 ], [ 126.928623291420834, 37.621941755769065 ], [ 126.928488048412561, 37.621936536563354 ], [ 126.928492104122157, 37.621959153666218 ], [ 126.928485735975073, 37.621984557355425 ], [ 126.928477754674105, 37.622037890419129 ], [ 126.928609590430227, 37.622052567819239 ] ] ] } },
{ "type": "Feature", "properties": { "PNU": 1.13801030010141e+18, "피해위치(": "서울특별시 은평구 불광동 141-1 101호", "피해일시": "20250813 - 1200", "F_SHIM": 0.0, "F_AREA": 523.94653, "F_AVR_HGT": 41.3410812, "ADM_CD": 1138010300, "F_YR": "2025", "F_ZONE_NM": "서울특별시 은평구 불광동 141-1 101호", "TYPE": "소상공인", "TYPE2": "재난지원금" }, "geometry": { "type": "Polygon", "coordinates": [ [ [ 126.929106273415456, 37.621956829200755 ], [ 126.92930543789204, 37.622042634425547 ], [ 126.929359056528313, 37.622000861762778 ], [ 126.929384347344197, 37.621968892442389 ], [ 126.929405454693736, 37.621928991937622 ], [ 126.929354407306121, 37.621888867130025 ], [ 126.929297576430642, 37.621855586207261 ], [ 126.929254346897679, 37.621813483984653 ], [ 126.929164707959103, 37.621737926947873 ], [ 126.929125333509774, 37.621692042925538 ], [ 126.929122234521685, 37.621733936586864 ], [ 126.929115235498855, 37.621826102529212 ], [ 126.929108462567669, 37.621918719098367 ], [ 126.929106273415456, 37.621956829200755 ] ] ] } },
{ "type": "Feature", "properties": { "PNU": 1.13801030010352e+18, "피해위치(": "서울특별시 은평구 불광동 352-3 102호", "피해일시": "20250813 - 1200", "F_SHIM": 0.0, "F_AREA": 139.938517, "F_AVR_HGT": 38.7873894, "ADM_CD": 1138010300, "F_YR": "2025", "F_ZONE_NM": "서울특별시 은평구 불광동 352-3 102호", "TYPE": "주택", "TYPE2": "재난지원금" }, "geometry": { "type": "Polygon", "coordinates": [ [ [ 126.926749512307779, 37.62095013623982 ], [ 126.926763805542123, 37.620929152462459 ], [ 126.926770724936745, 37.620919336164114 ], [ 126.926805892928016, 37.620865569931816 ], [ 126.926673760364537, 37.620810436326252 ], [ 126.926618058722966, 37.620895543590834 ], [ 126.926749512307779, 37.62095013623982 ] ] ] } },
{ "type": "Feature", "properties": { "PNU": 1.13801030010353e+18, "피해위치(": "서울특별시 은평구 불광동 353-9 지층", "피해일시": "20250823 - 1731", "F_SHIM": 0.0, "F_AREA": 133.9015835, "F_AVR_HGT": 33.6191193, "ADM_CD": 1138010300, "F_YR": "2025", "F_ZONE_NM": "서울특별시 은평구 불광동 353-9 지층", "TYPE": "주택", "TYPE2": "재난지원금" }, "geometry": { "type": "Polygon", "coordinates": [ [ [ 126.926376171368503, 37.620947826846617 ], [ 126.926395342272116, 37.620919998772123 ], [ 126.926431871150058, 37.620864882047833 ], [ 126.926304381083355, 37.620811643040618 ], [ 126.926302580822465, 37.620810894079838 ], [ 126.926247663391962, 37.620892965366792 ], [ 126.926376171368503, 37.620947826846617 ] ] ] } },
{ "type": "Feature", "properties": { "PNU": 1.13801030010353e+18, "피해위치(": "서울특별시 은평구 불광동 353-13 지층 좌측", "피해일시": "20250813 - 1200", "F_SHIM": 0.0, "F_AREA": 136.6686319, "F_AVR_HGT": 33.6191193, "ADM_CD": 1138010300, "F_YR": "2025", "F_ZONE_NM": "서울특별시 은평구 불광동 353-13 지층 좌측", "TYPE": "주택", "TYPE2": "재난지원금" }, "geometry": { "type": "Polygon", "coordinates": [ [ [ 126.926058277697891, 37.62088869990697 ], [ 126.9261684448132, 37.620934359887947 ], [ 126.926233219337064, 37.620838717159529 ], [ 126.9261203387249, 37.620788190212807 ], [ 126.926102865366843, 37.620817460896021 ], [ 126.926094582450801, 37.620831420791674 ], [ 126.926076430445448, 37.620859699959055 ], [ 126.926058277697891, 37.62088869990697 ] ] ] } },
{ "type": "Feature", "properties": { "PNU": 1.13801030010367e+18, "피해위치(": "서울특별시 은평구 불광동 367-32 지층", "피해일시": "20250813 - 1200", "F_SHIM": 0.0, "F_AREA": 99.389498, "F_AVR_HGT": 29.8235813, "ADM_CD": 1138010300, "F_YR": "2025", "F_ZONE_NM": "서울특별시 은평구 불광동 367-32 지층", "TYPE": "주택", "TYPE2": "재난지원금" }, "geometry": { "type": "Polygon", "coordinates": [ [ [ 126.923817793726272, 37.62086291948701 ], [ 126.923924451197522, 37.620905515919667 ], [ 126.923953628891539, 37.62084111503588 ], [ 126.92393461062882, 37.620830200676465 ], [ 126.923942322817254, 37.620820835555158 ], [ 126.923871456651554, 37.620780695339604 ], [ 126.923815326041293, 37.620839582481672 ], [ 126.923817793726272, 37.62086291948701 ] ] ] } },
{ "type": "Feature", "properties": { "PNU": 1.13801030010376e+18, "피해위치(": "서울특별시 은평구 불광동 376-9 지층 우", "피해일시": "20250813 - 1200", "F_SHIM": 0.0, "F_AREA": 187.4204088, "F_AVR_HGT": 37.9390923, "ADM_CD": 1138010300, "F_YR": "2025", "F_ZONE_NM": "서울특별시 은평구 불광동 376-9 지층 우", "TYPE": "주택", "TYPE2": "재난지원금" }, "geometry": { "type": "Polygon", "coordinates": [ [ [ 126.922260045434072, 37.621966484809782 ], [ 126.922328520765106, 37.621911480917646 ], [ 126.922392460399749, 37.621860888744877 ], [ 126.922308600778265, 37.621789564984091 ], [ 126.922287858658976, 37.621801984580458 ], [ 126.922174064753946, 37.621865877687377 ], [ 126.922260045434072, 37.621966484809782 ] ] ] } },
{ "type": "Feature", "properties": { "PNU": 1.13801030010353e+18, "피해위치(": "서울특별시 은평구 불광동 353-8 지하 우측", "피해일시": "20250813 - 1200", "F_SHIM": 0.0, "F_AREA": 129.2194756, "F_AVR_HGT": 33.6191193, "ADM_CD": 1138010300, "F_YR": "2025", "F_ZONE_NM": "서울특별시 은평구 불광동 353-8 지하 우측", "TYPE": "주택", "TYPE2": "재난지원금" }, "geometry": { "type": "Polygon", "coordinates": [ [ [ 126.926451043642146, 37.620835432200955 ], [ 126.926484170314666, 37.620784277607207 ], [ 126.926354868099409, 37.620730947403608 ], [ 126.926302580822465, 37.620810894079838 ], [ 126.926304381083355, 37.620811643040618 ], [ 126.926431871150058, 37.620864882047833 ], [ 126.926451043642146, 37.620835432200955 ] ] ] } },
{ "type": "Feature", "properties": { "PNU": 1.13801030010353e+18, "피해위치(": "서울특별시 은평구 불광동 353-14 지층", "피해일시": "20250813 - 1200", "F_SHIM": 0.0, "F_AREA": 132.9227299, "F_AVR_HGT": 33.6191193, "ADM_CD": 1138010300, "F_YR": "2025", "F_ZONE_NM": "서울특별시 은평구 불광동 353-14 지층", "TYPE": "주택", "TYPE2": "재난지원금" }, "geometry": { "type": "Polygon", "coordinates": [ [ [ 126.926233219337064, 37.620838717159529 ], [ 126.926293597082463, 37.620744747413966 ], [ 126.926235152507161, 37.620718888057247 ], [ 126.926180114834082, 37.62069560764931 ], [ 126.926165139580192, 37.620718843371222 ], [ 126.926148359848156, 37.620745501662547 ], [ 126.9261203387249, 37.620788190212807 ], [ 126.926233219337064, 37.620838717159529 ] ] ] } },
{ "type": "Feature", "properties": { "PNU": 1.13801030010387e+18, "피해위치(": "서울특별시 은평구 불광동 387-9 b02", "피해일시": "20250813 - 1200", "F_SHIM": 0.0, "F_AREA": 126.0794021, "F_AVR_HGT": 38.4939819, "ADM_CD": 1138010300, "F_YR": "2025", "F_ZONE_NM": "서울특별시 은평구 불광동 387-9 b02", "TYPE": "주택", "TYPE2": "재난지원금" }, "geometry": { "type": "Polygon", "coordinates": [ [ [ 126.922939229962708, 37.622613482073191 ], [ 126.922956554187451, 37.622512223492762 ], [ 126.922895847342375, 37.622504614832195 ], [ 126.922755071146199, 37.622589843729166 ], [ 126.922804894619006, 37.622606094607754 ], [ 126.922853496781855, 37.622598919179836 ], [ 126.922918278719393, 37.622609233515519 ], [ 126.922939229962708, 37.622613482073191 ] ] ] } },
{ "type": "Feature", "properties": { "PNU": 1.13801030010104e+18, "피해위치(": "서울특별시 은평구 불광동 104-16 지하 우측", "피해일시": "20250813 - 1200", "F_SHIM": 0.0, "F_AREA": 142.321391, "F_AVR_HGT": 35.9785095, "ADM_CD": 1138010300, "F_YR": "2025", "F_ZONE_NM": "서울특별시 은평구 불광동 104-16 지하 우측", "TYPE": "주택", "TYPE2": "재난지원금" }, "geometry": { "type": "Polygon", "coordinates": [ [ [ 126.926670903825837, 37.623320834451157 ], [ 126.926674409845461, 37.623326332650336 ], [ 126.92679814148336, 37.623291272858701 ], [ 126.926753262672136, 37.623199975200293 ], [ 126.926620268013295, 37.623209711539985 ], [ 126.926639481834556, 37.623252520264202 ], [ 126.926670903825837, 37.623320834451157 ] ] ] } },
{ "type": "Feature", "properties": { "PNU": 1.13801030010314e+18, "피해위치(": "서울특별시 은평구 불광동 314-16 지층 2호", "피해일시": "20250813 - 1200", "F_SHIM": 0.0, "F_AREA": 124.4529371, "F_AVR_HGT": 29.8235813, "ADM_CD": 1138010300, "F_YR": "2025", "F_ZONE_NM": "서울특별시 은평구 불광동 314-16 지층 2호", "TYPE": "주택", "TYPE2": "재난지원금" }, "geometry": { "type": "Polygon", "coordinates": [ [ [ 126.923693986318014, 37.620744989724749 ], [ 126.923696585545997, 37.620750757710603 ], [ 126.923722988071404, 37.620740864339751 ], [ 126.923769796664146, 37.620725290215915 ], [ 126.923775677484642, 37.620723329954011 ], [ 126.923773644888882, 37.620717292049186 ], [ 126.923746546521883, 37.620634023644151 ], [ 126.923737852526855, 37.620607258808761 ], [ 126.923660614325371, 37.620627678139464 ], [ 126.923563027270745, 37.620653183525469 ], [ 126.923548434454176, 37.62065652553003 ], [ 126.923552133808045, 37.620671790574917 ], [ 126.923653878014491, 37.620646215862699 ], [ 126.923682688124856, 37.620717232090406 ], [ 126.923693986318014, 37.620744989724749 ] ] ] } },
{ "type": "Feature", "properties": { "PNU": 1.13801030010353e+18, "피해위치(": "서울특별시 은평구 불광동 353-15 지하 2호", "피해일시": "20250813 - 1200", "F_SHIM": 0.0, "F_AREA": 132.8461572, "F_AVR_HGT": 33.6191193, "ADM_CD": 1138010300, "F_YR": "2025", "F_ZONE_NM": "서울특별시 은평구 불광동 353-15 지하 2호", "TYPE": "주택", "TYPE2": "재난지원금" }, "geometry": { "type": "Polygon", "coordinates": [ [ [ 126.926293597082463, 37.620744747413966 ], [ 126.926309673627955, 37.620718935574999 ], [ 126.926353466969474, 37.620648777136914 ], [ 126.926243868061121, 37.620601586023014 ], [ 126.926202463063021, 37.620662105459495 ], [ 126.926180114834082, 37.62069560764931 ], [ 126.926235152507161, 37.620718888057247 ], [ 126.926293597082463, 37.620744747413966 ] ] ] } },
{ "type": "Feature", "properties": { "PNU": 1.1380103001014001e+18, "피해위치(": "서울특별시 은평구 불광동 140-15 지하 좌측", "피해일시": "20250813 - 1200", "F_SHIM": 0.0, "F_AREA": 122.8170083, "F_AVR_HGT": 41.3410812, "ADM_CD": 1138010300, "F_YR": "2025", "F_ZONE_NM": "서울특별시 은평구 불광동 140-15 지하 좌측", "TYPE": "주택", "TYPE2": "재난지원금" }, "geometry": { "type": "Polygon", "coordinates": [ [ [ 126.928669975353429, 37.621809881153382 ], [ 126.928806574085314, 37.62181852470929 ], [ 126.928813573137489, 37.621726719177246 ], [ 126.928678107036177, 37.621718346622465 ], [ 126.928671384090805, 37.621794015768359 ], [ 126.928669975353429, 37.621809881153382 ] ] ] } },
{ "type": "Feature", "properties": { "PNU": 1.13801030010353e+18, "피해위치(": "서울특별시 은평구 불광동 353-33 지층 우측", "피해일시": "20250813 - 1200", "F_SHIM": 0.0, "F_AREA": 137.3052622, "F_AVR_HGT": 33.6191193, "ADM_CD": 1138010300, "F_YR": "2025", "F_ZONE_NM": "서울특별시 은평구 불광동 353-33 지층 우측", "TYPE": "주택", "TYPE2": "재난지원금" }, "geometry": { "type": "Polygon", "coordinates": [ [ [ 126.925852695935589, 37.620648006616207 ], [ 126.925887976543862, 37.620595412001407 ], [ 126.925919966771801, 37.620548221147722 ], [ 126.925815919928354, 37.620499681722421 ], [ 126.925744341680968, 37.620602437600581 ], [ 126.925852695935589, 37.620648006616207 ] ] ] } },
{ "type": "Feature", "properties": { "PNU": 1.1380103001035301e+18, "피해위치(": "서울특별시 은평구 불광동 353-52 B04호", "피해일시": "20250813 - 1200", "F_SHIM": 0.0, "F_AREA": 205.7994913, "F_AVR_HGT": 30.6285301, "ADM_CD": 1138010300, "F_YR": "2025", "F_ZONE_NM": "서울특별시 은평구 불광동 353-52 B04호", "TYPE": "주택", "TYPE2": "재난지원금" }, "geometry": { "type": "Polygon", "coordinates": [ [ [ 126.925209878270763, 37.620540916661561 ], [ 126.9253340792919, 37.620597037865664 ], [ 126.925355938666769, 37.620598944033866 ], [ 126.925430580440761, 37.620491595368769 ], [ 126.925288037109453, 37.620428164479769 ], [ 126.925278734463504, 37.620442303856287 ], [ 126.925215777474477, 37.620532000774105 ], [ 126.925209878270763, 37.620540916661561 ] ] ] } },
{ "type": "Feature", "properties": { "PNU": 1.13801030010353e+18, "피해위치(": "서울특별시 은평구 불광동 353-41 지층 우측", "피해일시": "20250813 - 1200", "F_SHIM": 0.0, "F_AREA": 133.829875, "F_AVR_HGT": 33.6191193, "ADM_CD": 1138010300, "F_YR": "2025", "F_ZONE_NM": "서울특별시 은평구 불광동 353-41 지층 우측", "TYPE": "주택", "TYPE2": "재난지원금" }, "geometry": { "type": "Polygon", "coordinates": [ [ [ 126.925603848198733, 37.620527746160235 ], [ 126.925710049195729, 37.620574214902099 ], [ 126.925777997130169, 37.620477042790327 ], [ 126.925669759185794, 37.620428770839624 ], [ 126.92566749010939, 37.620432373301263 ], [ 126.925606456727365, 37.620524504310296 ], [ 126.925603848198733, 37.620527746160235 ] ] ] } },
{ "type": "Feature", "properties": { "PNU": 1.13801030010345e+18, "피해위치(": "서울특별시 은평구 불광동 345-14 지하", "피해일시": "20250813 - 1200", "F_SHIM": 0.0, "F_AREA": 133.045312, "F_AVR_HGT": 33.6191193, "ADM_CD": 1138010300, "F_YR": "2025", "F_ZONE_NM": "서울특별시 은평구 불광동 345-14 지하", "TYPE": "주택", "TYPE2": "재난지원금" }, "geometry": { "type": "Polygon", "coordinates": [ [ [ 126.926333328898608, 37.620512265838457 ], [ 126.926418131543471, 37.620549350116043 ], [ 126.926483016782143, 37.620455599372399 ], [ 126.9263719476413, 37.620406335187113 ], [ 126.926310012340323, 37.620495132360439 ], [ 126.926333328898608, 37.620512265838457 ] ] ] } },
{ "type": "Feature", "properties": { "PNU": 1.13801030010377e+18, "피해위치(": "서울특별시 은평구 불광동 377-21 지하 101호( B01호)", "피해일시": "20250813 - 1200", "F_SHIM": 0.0, "F_AREA": 179.1190407, "F_AVR_HGT": 38.4939819, "ADM_CD": 1138010300, "F_YR": "2025", "F_ZONE_NM": "서울특별시 은평구 불광동 377-21 지하 101호( B01호)", "TYPE": "주택", "TYPE2": "재난지원금" }, "geometry": { "type": "Polygon", "coordinates": [ [ [ 126.922630810129021, 37.622482003555362 ], [ 126.922753762934391, 37.622434063469214 ], [ 126.922796704721208, 37.622423640759294 ], [ 126.922717751176947, 37.622317903143575 ], [ 126.9226060045401, 37.622373509014984 ], [ 126.92261743309075, 37.622384959099136 ], [ 126.922598742641995, 37.622385216894706 ], [ 126.922598489712513, 37.622410173863145 ], [ 126.922630810129021, 37.622482003555362 ] ] ] } },
{ "type": "Feature", "properties": { "PNU": 1.13801030010353e+18, "피해위치(": "서울특별시 은평구 불광동 353-46 지층 좌", "피해일시": "20250813 - 1200", "F_SHIM": 0.0, "F_AREA": 132.2516608, "F_AVR_HGT": 33.6191193, "ADM_CD": 1138010300, "F_YR": "2025", "F_ZONE_NM": "서울특별시 은평구 불광동 353-46 지층 좌", "TYPE": "주택", "TYPE2": "재난지원금" }, "geometry": { "type": "Polygon", "coordinates": [ [ [ 126.925492554183165, 37.620477309729417 ], [ 126.925606456727365, 37.620524504310296 ], [ 126.92566749010939, 37.620432373301263 ], [ 126.925556534904857, 37.620383018323786 ], [ 126.925492554183165, 37.620477309729417 ] ] ] } },
{ "type": "Feature", "properties": { "PNU": 1.1380103001035301e+18, "피해위치(": "서울특별시 은평구 불광동 353-15 B02호", "피해일시": "20250813 - 1200", "F_SHIM": 0.0, "F_AREA": 201.3894192, "F_AVR_HGT": 32.4443871, "ADM_CD": 1138010300, "F_YR": "2025", "F_ZONE_NM": "서울특별시 은평구 불광동 353-15 B02호", "TYPE": "주택", "TYPE2": "재난지원금" }, "geometry": { "type": "Polygon", "coordinates": [ [ [ 126.925430580440761, 37.620491595368769 ], [ 126.925506132660075, 37.620379832438744 ], [ 126.925364833707988, 37.620318114304958 ], [ 126.925340672968446, 37.620351525069957 ], [ 126.925288037109453, 37.620428164479769 ], [ 126.925430580440761, 37.620491595368769 ] ] ] } },
{ "type": "Feature", "properties": { "PNU": 1.13801040010399e+18, "피해위치(": "서울특별시 은평구 갈현동 399-25 1층 이모네 포차", "피해일시": "20250813 - 1200", "F_SHIM": 0.0, "F_AREA": 195.6553847, "F_AVR_HGT": 25.7942101, "ADM_CD": 1138010400, "F_YR": "2025", "F_ZONE_NM": "서울특별시 은평구 갈현동 399-25 1층 이모네 포차", "TYPE": "소상공인", "TYPE2": "재난지원금" }, "geometry": { "type": "Polygon", "coordinates": [ [ [ 126.919217696653234, 37.61944012670871 ], [ 126.919349805308926, 37.619509774435002 ], [ 126.919424663623786, 37.619418377051559 ], [ 126.919437593349116, 37.619402889187178 ], [ 126.919310693590546, 37.619334686754954 ], [ 126.919217696653234, 37.61944012670871 ] ] ] } },
{ "type": "Feature", "properties": { "PNU": 1.138010400104e+18, "피해위치(": "서울특별시 은평구 갈현동 400-6 지층", "피해일시": "20250813 - 1200", "F_SHIM": 0.0, "F_AREA": 500.3479841, "F_AVR_HGT": 26.2982479, "ADM_CD": 1138010400, "F_YR": "2025", "F_ZONE_NM": "서울특별시 은평구 갈현동 400-6 지층", "TYPE": "소상공인", "TYPE2": "재난지원금" }, "geometry": { "type": "Polygon", "coordinates": [ [ [ 126.918548013549469, 37.619369561508059 ], [ 126.918357947273307, 37.619268337749375 ], [ 126.918178784148139, 37.619344254081831 ], [ 126.918176354308386, 37.619390112254777 ], [ 126.918419061096401, 37.619518132493539 ], [ 126.918548013549469, 37.619369561508059 ] ] ] } },
{ "type": "Feature", "properties": { "PNU": 1.138010400104e+18, "피해위치(": "서울특별시 은평구 갈현동 400-8 지층 우", "피해일시": "20250813 - 1200", "F_SHIM": 0.0, "F_AREA": 186.7120559, "F_AVR_HGT": 25.7942101, "ADM_CD": 1138010400, "F_YR": "2025", "F_ZONE_NM": "서울특별시 은평구 갈현동 400-8 지층 우", "TYPE": "주택", "TYPE2": "재난지원금" }, "geometry": { "type": "Polygon", "coordinates": [ [ [ 126.918727215880992, 37.619462308124611 ], [ 126.918789144159518, 37.619387209812437 ], [ 126.918667225460354, 37.619322073512741 ], [ 126.918654094049018, 37.619315036647606 ], [ 126.918667251353938, 37.619298738145055 ], [ 126.918716363983805, 37.619238226749289 ], [ 126.918694627942429, 37.619227760126101 ], [ 126.9186672916438, 37.619262428673196 ], [ 126.918631447741078, 37.619308263392341 ], [ 126.918573937767334, 37.619382553846201 ], [ 126.918667103890286, 37.619431632612205 ], [ 126.918678763722966, 37.619437857560641 ], [ 126.918727215880992, 37.619462308124611 ] ] ] } },
{ "type": "Feature", "properties": { "PNU": 1.13801040010399e+18, "피해위치(": "서울특별시 은평구 갈현동 399-5 1층", "피해일시": "20250823 - 2007", "F_SHIM": 0.0, "F_AREA": 226.4935461, "F_AVR_HGT": 25.7942101, "ADM_CD": 1138010400, "F_YR": "2025", "F_ZONE_NM": "서울특별시 은평구 갈현동 399-5 1층", "TYPE": "소상공인", "TYPE2": "재난지원금" }, "geometry": { "type": "Polygon", "coordinates": [ [ [ 126.919117965119327, 37.619386899284457 ], [ 126.919217696653234, 37.61944012670871 ], [ 126.919310693590546, 37.619334686754954 ], [ 126.919336325811912, 37.619304350586944 ], [ 126.919272321443771, 37.619208162403517 ], [ 126.919196447408112, 37.619296225358482 ], [ 126.919117965119327, 37.619386899284457 ] ] ] } },
{ "type": "Feature", "properties": { "PNU": 1.1380104001043601e+18, "피해위치(": "서울특별시 은평구 갈현동 436-13 지층 좌 우", "피해일시": "20250813 - 1200", "F_SHIM": 0.0, "F_AREA": 96.2248317, "F_AVR_HGT": 42.7702423, "ADM_CD": 1138010400, "F_YR": "2025", "F_ZONE_NM": "서울특별시 은평구 갈현동 436-13 지층 좌 우", "TYPE": "주택", "TYPE2": "재난지원금" }, "geometry": { "type": "Polygon", "coordinates": [ [ [ 126.915775707787162, 37.624337384012627 ], [ 126.915819037825372, 37.624385257492563 ], [ 126.915829692043147, 37.624379859353567 ], [ 126.915950969084108, 37.624318050075637 ], [ 126.915949045963245, 37.624315796232693 ], [ 126.915905267631928, 37.624263687871625 ], [ 126.915829776101177, 37.624306627812523 ], [ 126.915775707787162, 37.624337384012627 ] ] ] } },
{ "type": "Feature", "properties": { "PNU": 1.13801040010426e+18, "피해위치(": "서울특별시 은평구 갈현동 426-1 1층", "피해일시": "20250824 - 0951", "F_SHIM": 0.0, "F_AREA": 150.2047141, "F_AVR_HGT": 32.5921227, "ADM_CD": 1138010400, "F_YR": "2025", "F_ZONE_NM": "서울특별시 은평구 갈현동 426-1 1층", "TYPE": "소상공인", "TYPE2": "재난지원금" }, "geometry": { "type": "Polygon", "coordinates": [ [ [ 126.917555537147365, 37.622804385872598 ], [ 126.917658734724128, 37.622800314748574 ], [ 126.917695238193105, 37.622774392471285 ], [ 126.917687974611297, 37.622686001211122 ], [ 126.917550340226967, 37.622691489429286 ], [ 126.917555537147365, 37.622804385872598 ] ] ] } },
{ "type": "Feature", "properties": { "PNU": 1.1380104001025201e+18, "피해위치(": "서울특별시 은평구 갈현동 252-4 1층", "피해일시": "20250813 - 1200", "F_SHIM": 0.0, "F_AREA": 231.4256038, "F_AVR_HGT": 39.180143, "ADM_CD": 1138010400, "F_YR": "2025", "F_ZONE_NM": "서울특별시 은평구 갈현동 252-4 1층", "TYPE": "소상공인", "TYPE2": "재난지원금" }, "geometry": { "type": "Polygon", "coordinates": [ [ [ 126.914272902080569, 37.62110708151323 ], [ 126.914377736709, 37.621057244690029 ], [ 126.914412421072754, 37.621037358642397 ], [ 126.914337726171894, 37.620982163515748 ], [ 126.91427593117011, 37.620938240127373 ], [ 126.914130003748895, 37.621063728745519 ], [ 126.914253319968068, 37.62109517410007 ], [ 126.914272902080569, 37.62110708151323 ] ] ] } },
{ "type": "Feature", "properties": { "PNU": 1.13801040010399e+18, "피해위치(": "서울특별시 은평구 갈현동 399-13 2층", "피해일시": "20250813 - 1200", "F_SHIM": 0.0, "F_AREA": 176.5719325, "F_AVR_HGT": 25.7942101, "ADM_CD": 1138010400, "F_YR": "2025", "F_ZONE_NM": "서울특별시 은평구 갈현동 399-13 2층", "TYPE": "소상공인", "TYPE2": "재난지원금" }, "geometry": { "type": "Polygon", "coordinates": [ [ [ 126.918853298041071, 37.61924562069035 ], [ 126.918968424022552, 37.619307688714692 ], [ 126.919092320076587, 37.619223533673271 ], [ 126.919024441451981, 37.619148614790127 ], [ 126.918989188068039, 37.619172826507686 ], [ 126.918910192642699, 37.619215297499856 ], [ 126.918853298041071, 37.61924562069035 ] ] ] } },
{ "type": "Feature", "properties": { "PNU": 1.13801040010407e+18, "피해위치(": "서울특별시 은평구 갈현동 407-31 1층", "피해일시": "20250813 - 1200", "F_SHIM": 0.0, "F_AREA": 145.8461896, "F_AVR_HGT": 32.5921227, "ADM_CD": 1138010400, "F_YR": "2025", "F_ZONE_NM": "서울특별시 은평구 갈현동 407-31 1층", "TYPE": "소상공인", "TYPE2": "재난지원금" }, "geometry": { "type": "Polygon", "coordinates": [ [ [ 126.917776236302544, 37.622667233404862 ], [ 126.917894615438215, 37.622660469908077 ], [ 126.917884220635102, 37.622535766959487 ], [ 126.917766523361337, 37.622540728970741 ], [ 126.917776236302544, 37.622667233404862 ] ] ] } },
{ "type": "Feature", "properties": { "PNU": 1.1380104001045201e+18, "피해위치(": "서울특별시 은평구 갈현동 452-27 B01호", "피해일시": "20250813 - 1200", "F_SHIM": 0.0, "F_AREA": 161.0793131, "F_AVR_HGT": 26.2982479, "ADM_CD": 1138010400, "F_YR": "2025", "F_ZONE_NM": "서울특별시 은평구 갈현동 452-27 B01호", "TYPE": "주택", "TYPE2": "재난지원금" }, "geometry": { "type": "Polygon", "coordinates": [ [ [ 126.917536607425248, 37.619190632193536 ], [ 126.917473393781776, 37.619098507017164 ], [ 126.917470334208076, 37.619099676112327 ], [ 126.917467845846033, 37.61909652090943 ], [ 126.91733876990736, 37.619152199578366 ], [ 126.917403338191136, 37.619248290104217 ], [ 126.917536607425248, 37.619190632193536 ] ] ] } },
{ "type": "Feature", "properties": { "PNU": 1.1380104001045201e+18, "피해위치(": "서울특별시 은평구 갈현동 452-23", "피해일시": "20250813 - 1200", "F_SHIM": 0.0, "F_AREA": 138.5884765, "F_AVR_HGT": 26.2982479, "ADM_CD": 1138010400, "F_YR": "2025", "F_ZONE_NM": "서울특별시 은평구 갈현동 452-23", "TYPE": "소상공인", "TYPE2": "재난지원금" }, "geometry": { "type": "Polygon", "coordinates": [ [ [ 126.917729459697526, 37.619230502505651 ], [ 126.917865786907143, 37.619172846394122 ], [ 126.917811621438446, 37.619092260358293 ], [ 126.917674954831526, 37.619149645872938 ], [ 126.917729459697526, 37.619230502505651 ] ] ] } },
{ "type": "Feature", "properties": { "PNU": 1.13801040010399e+18, "피해위치(": "서울특별시 은평구 갈현동 399-10 지하", "피해일시": "20250813 - 1200", "F_SHIM": 0.0, "F_AREA": 336.357562, "F_AVR_HGT": 25.7942101, "ADM_CD": 1138010400, "F_YR": "2025", "F_ZONE_NM": "서울특별시 은평구 갈현동 399-10 지하", "TYPE": "소상공인", "TYPE2": "재난지원금" }, "geometry": { "type": "Polygon", "coordinates": [ [ [ 126.919234666450237, 37.619150473422884 ], [ 126.919186720553782, 37.619077820979349 ], [ 126.919142393480399, 37.61901048682482 ], [ 126.91902295025676, 37.619063020630392 ], [ 126.918982468893844, 37.619000734593129 ], [ 126.918945299664827, 37.619016205450372 ], [ 126.918928641408115, 37.619023221438596 ], [ 126.91896018387537, 37.619077032027086 ], [ 126.919024441451981, 37.619148614790127 ], [ 126.919092320076587, 37.619223533673271 ], [ 126.919234666450237, 37.619150473422884 ] ] ] } },
{ "type": "Feature", "properties": { "PNU": 1.13801040010399e+18, "피해위치(": "서울특별시 은평구 갈현동 399-23 1층", "피해일시": "20250813 - 1255", "F_SHIM": 0.0, "F_AREA": 80.0973157, "F_AVR_HGT": 25.7942101, "ADM_CD": 1138010400, "F_YR": "2025", "F_ZONE_NM": "서울특별시 은평구 갈현동 399-23 1층", "TYPE": "소상공인", "TYPE2": "재난지원금" }, "geometry": { "type": "Polygon", "coordinates": [ [ [ 126.918832460123781, 37.619140101313924 ], [ 126.918835179871579, 37.619138931945329 ], [ 126.918797527247179, 37.619079440865981 ], [ 126.918701203891132, 37.619119917414885 ], [ 126.918703531870094, 37.619165598743457 ], [ 126.918734775684129, 37.619182198700408 ], [ 126.918832460123781, 37.619140101313924 ] ] ] } },
{ "type": "Feature", "properties": { "PNU": 1.13801040010403e+18, "피해위치(": "서울특별시 은평구 갈현동 403-4 B02호", "피해일시": "20250813 - 1200", "F_SHIM": 0.0, "F_AREA": 181.5728141, "F_AVR_HGT": 28.6579395, "ADM_CD": 1138010400, "F_YR": "2025", "F_ZONE_NM": "서울특별시 은평구 갈현동 403-4 B02호", "TYPE": "주택", "TYPE2": "재난지원금" }, "geometry": { "type": "Polygon", "coordinates": [ [ [ 126.918808104843492, 37.620880597490761 ], [ 126.918827574343226, 37.62079024284975 ], [ 126.918844083182194, 37.620713941416916 ], [ 126.918846245909407, 37.620704392544766 ], [ 126.918662877408934, 37.620678288688339 ], [ 126.918643582326652, 37.620764426840246 ], [ 126.918805272804263, 37.620788803672021 ], [ 126.918784706631797, 37.620877274492486 ], [ 126.918808104843492, 37.620880597490761 ] ] ] } },
{ "type": "Feature", "properties": { "PNU": 1.13801040010403e+18, "피해위치(": "서울특별시 은평구 갈현동 403-5 지층", "피해일시": "20250813 - 1200", "F_SHIM": 0.0, "F_AREA": 145.8446009, "F_AVR_HGT": 28.6579395, "ADM_CD": 1138010400, "F_YR": "2025", "F_ZONE_NM": "서울특별시 은평구 갈현동 403-5 지층", "TYPE": "소상공인", "TYPE2": "재난지원금" }, "geometry": { "type": "Polygon", "coordinates": [ [ [ 126.918784706631797, 37.620877274492486 ], [ 126.918805272804263, 37.620788803672021 ], [ 126.918643582326652, 37.620764426840246 ], [ 126.918623433462955, 37.620854348503606 ], [ 126.918665518509584, 37.620860324526539 ], [ 126.918739189991754, 37.620870800566003 ], [ 126.918784706631797, 37.620877274492486 ] ] ] } },
{ "type": "Feature", "properties": { "PNU": 1.13801040010403e+18, "피해위치(": "서울특별시 은평구 갈현동 403-6 지하", "피해일시": "20250813 - 1200", "F_SHIM": 0.0, "F_AREA": 138.4745681, "F_AVR_HGT": 28.6579395, "ADM_CD": 1138010400, "F_YR": "2025", "F_ZONE_NM": "서울특별시 은평구 갈현동 403-6 지하", "TYPE": "주택", "TYPE2": "재난지원금" }, "geometry": { "type": "Polygon", "coordinates": [ [ [ 126.918470834864152, 37.620833329466983 ], [ 126.918623433462955, 37.620854348503606 ], [ 126.918643582326652, 37.620764426840246 ], [ 126.918490417128979, 37.620743785842357 ], [ 126.918470834864152, 37.620833329466983 ] ] ] } },
{ "type": "Feature", "properties": { "PNU": 1.13801040010399e+18, "피해위치(": "서울특별시 은평구 갈현동 399-6 지층", "피해일시": "20250813 - 1200", "F_SHIM": 0.0, "F_AREA": 171.7002735, "F_AVR_HGT": 26.2565456, "ADM_CD": 1138010400, "F_YR": "2025", "F_ZONE_NM": "서울특별시 은평구 갈현동 399-6 지층", "TYPE": "소상공인", "TYPE2": "재난지원금" }, "geometry": { "type": "Polygon", "coordinates": [ [ [ 126.919529692603788, 37.619083105252642 ], [ 126.919460145333815, 37.618980255072557 ], [ 126.919328009452869, 37.619038997124072 ], [ 126.91939665232772, 37.619140134889207 ], [ 126.919529692603788, 37.619083105252642 ] ] ] } },
{ "type": "Feature", "properties": { "PNU": 1.13801040010407e+18, "피해위치(": "서울특별시 은평구 갈현동 407-30 지층 우측", "피해일시": "20250813 - 1200", "F_SHIM": 0.0, "F_AREA": 145.8994364, "F_AVR_HGT": 32.5921227, "ADM_CD": 1138010400, "F_YR": "2025", "F_ZONE_NM": "서울특별시 은평구 갈현동 407-30 지층 우측", "TYPE": "주택", "TYPE2": "재난지원금" }, "geometry": { "type": "Polygon", "coordinates": [ [ [ 126.917884220635102, 37.622535766959487 ], [ 126.917882431265141, 37.622515223355315 ], [ 126.917873147536113, 37.62240989225301 ], [ 126.917755110537783, 37.622414944110226 ], [ 126.91776417331441, 37.622515139480825 ], [ 126.917766523361337, 37.622540728970741 ], [ 126.917884220635102, 37.622535766959487 ] ] ] } },
{ "type": "Feature", "properties": { "PNU": 1.1380104001024401e+18, "피해위치(": "서울특별시 은평구 갈현동 244-22 지층 나호", "피해일시": "20250822 - 1138", "F_SHIM": 0.0, "F_AREA": 174.3341447, "F_AVR_HGT": 39.180143, "ADM_CD": 1138010400, "F_YR": "2025", "F_ZONE_NM": "서울특별시 은평구 갈현동 244-22 지층 나호", "TYPE": "주택", "TYPE2": "재난지원금" }, "geometry": { "type": "Polygon", "coordinates": [ [ [ 126.914298756399205, 37.620791937867004 ], [ 126.914351635692654, 37.62071070855157 ], [ 126.914372060991511, 37.620679459634239 ], [ 126.914364476770672, 37.620675219427611 ], [ 126.914275508856051, 37.620621094892122 ], [ 126.914208927104553, 37.620670374299763 ], [ 126.914196456230869, 37.620679816351583 ], [ 126.914206755978057, 37.620686599341575 ], [ 126.914185589143656, 37.62070292745419 ], [ 126.91419328262387, 37.620710591476794 ], [ 126.914249852379925, 37.62076694456858 ], [ 126.914283794274539, 37.620800756410418 ], [ 126.914298756399205, 37.620791937867004 ] ] ] } },
{ "type": "Feature", "properties": { "PNU": 1.13801040010433e+18, "피해위치(": "서울특별시 은평구 갈현동 433-32 지층", "피해일시": "20250813 - 1200", "F_SHIM": 0.0, "F_AREA": 192.9698164, "F_AVR_HGT": 34.5042587, "ADM_CD": 1138010400, "F_YR": "2025", "F_ZONE_NM": "서울특별시 은평구 갈현동 433-32 지층", "TYPE": "주택", "TYPE2": "재난지원금" }, "geometry": { "type": "Polygon", "coordinates": [ [ [ 126.915661799717768, 37.620749420098186 ], [ 126.915641114507451, 37.620711653988486 ], [ 126.915603135126972, 37.62064234098785 ], [ 126.915452191513182, 37.620699983809502 ], [ 126.915458521403849, 37.620711520968811 ], [ 126.915513119178982, 37.620808956700884 ], [ 126.915661799717768, 37.620749420098186 ] ] ] } },
{ "type": "Feature", "properties": { "PNU": 1.1380104001045201e+18, "피해위치(": "서울특별시 은평구 갈현동 452-19 B02호", "피해일시": "20250813 - 1200", "F_SHIM": 0.0, "F_AREA": 178.5734461, "F_AVR_HGT": 27.3497139, "ADM_CD": 1138010400, "F_YR": "2025", "F_ZONE_NM": "서울특별시 은평구 갈현동 452-19 B02호", "TYPE": "주택", "TYPE2": "재난지원금" }, "geometry": { "type": "Polygon", "coordinates": [ [ [ 126.917176048660266, 37.618910800898902 ], [ 126.917192558479357, 37.618935049064824 ], [ 126.917249220065557, 37.618910853172579 ], [ 126.917324466774943, 37.618878561692242 ], [ 126.917252889601031, 37.618770663271903 ], [ 126.917121319617692, 37.618828592375912 ], [ 126.917176048660266, 37.618910800898902 ] ] ] } },
{ "type": "Feature", "properties": { "PNU": 1.13801040010398e+18, "피해위치(": "서울특별시 은평구 갈현동 398-11 지층", "피해일시": "20250813 - 1200", "F_SHIM": 0.0, "F_AREA": 356.5729139, "F_AVR_HGT": 26.2565456, "ADM_CD": 1138010400, "F_YR": "2025", "F_ZONE_NM": "서울특별시 은평구 갈현동 398-11 지층", "TYPE": "소상공인", "TYPE2": "재난지원금" }, "geometry": { "type": "Polygon", "coordinates": [ [ [ 126.919514588743979, 37.618912449107782 ], [ 126.919524992422851, 37.618927953196469 ], [ 126.919560349193105, 37.618912480897599 ], [ 126.919761043785897, 37.618824774538908 ], [ 126.919751770880509, 37.61881098311671 ], [ 126.91967973471958, 37.618705338297936 ], [ 126.919475168974202, 37.618790861456802 ], [ 126.919463993901942, 37.618838290296139 ], [ 126.919514588743979, 37.618912449107782 ] ] ] } },
{ "type": "Feature", "properties": { "PNU": 1.13801040010424e+18, "피해위치(": "서울특별시 은평구 갈현동 424-2 지층", "피해일시": "20250813 - 1200", "F_SHIM": 0.0, "F_AREA": 90.3084827, "F_AVR_HGT": 35.845121, "ADM_CD": 1138010400, "F_YR": "2025", "F_ZONE_NM": "서울특별시 은평구 갈현동 424-2 지층", "TYPE": "주택", "TYPE2": "재난지원금" }, "geometry": { "type": "Polygon", "coordinates": [ [ [ 126.917617071261006, 37.623990659266518 ], [ 126.917610953682129, 37.623890466004163 ], [ 126.917519082499041, 37.623894274854116 ], [ 126.91752497390948, 37.623994017470451 ], [ 126.917617071261006, 37.623990659266518 ] ] ] } },
{ "type": "Feature", "properties": { "PNU": 1.13801040010411e+18, "피해위치(": "서울특별시 은평구 갈현동 411-5 지층 나호", "피해일시": "20250813 - 1200", "F_SHIM": 0.0, "F_AREA": 152.2969244, "F_AVR_HGT": 35.845121, "ADM_CD": 1138010400, "F_YR": "2025", "F_ZONE_NM": "서울특별시 은평구 갈현동 411-5 지층 나호", "TYPE": "주택", "TYPE2": "재난지원금" }, "geometry": { "type": "Polygon", "coordinates": [ [ [ 126.918140434088841, 37.623966793874374 ], [ 126.918135240936152, 37.623849662877994 ], [ 126.918001794942171, 37.623855785265697 ], [ 126.918007329326841, 37.62397147494211 ], [ 126.918140434088841, 37.623966793874374 ] ] ] } },
{ "type": "Feature", "properties": { "PNU": 1.13801040010407e+18, "피해위치(": "서울특별시 은평구 갈현동 407-29 102호", "피해일시": "20250813 - 1200", "F_SHIM": 0.0, "F_AREA": 144.6855123, "F_AVR_HGT": 32.5921227, "ADM_CD": 1138010400, "F_YR": "2025", "F_ZONE_NM": "서울특별시 은평구 갈현동 407-29 102호", "TYPE": "주택", "TYPE2": "재난지원금" }, "geometry": { "type": "Polygon", "coordinates": [ [ [ 126.917873147536113, 37.62240989225301 ], [ 126.917863771659142, 37.622285730607359 ], [ 126.917744601918699, 37.622290961847241 ], [ 126.917755110537783, 37.622414944110226 ], [ 126.917873147536113, 37.62240989225301 ] ] ] } },
{ "type": "Feature", "properties": { "PNU": 1.13801040010411e+18, "피해위치(": "서울특별시 은평구 갈현동 411-1 b01", "피해일시": "20250813 - 1200", "F_SHIM": 0.0, "F_AREA": 148.2653379, "F_AVR_HGT": 36.8411766, "ADM_CD": 1138010400, "F_YR": "2025", "F_ZONE_NM": "서울특별시 은평구 갈현동 411-1 b01", "TYPE": "주택", "TYPE2": "재난지원금" }, "geometry": { "type": "Polygon", "coordinates": [ [ [ 126.91866212424496, 37.623918778737455 ], [ 126.91866371200932, 37.623917067991364 ], [ 126.918662153644377, 37.623892289962512 ], [ 126.918657921358829, 37.623827236274572 ], [ 126.918528440103216, 37.623833362041772 ], [ 126.91853317986606, 37.623951303584114 ], [ 126.918633206046209, 37.623948310554503 ], [ 126.91866212424496, 37.623918778737455 ] ] ] } },
{ "type": "Feature", "properties": { "PNU": 1.13801040010426e+18, "피해위치(": "서울특별시 은평구 갈현동 426-18 102호", "피해일시": "20250813 - 1200", "F_SHIM": 0.0, "F_AREA": 179.0877324, "F_AVR_HGT": 36.1640335, "ADM_CD": 1138010400, "F_YR": "2025", "F_ZONE_NM": "서울특별시 은평구 갈현동 426-18 102호", "TYPE": "주택", "TYPE2": "재난지원금" }, "geometry": { "type": "Polygon", "coordinates": [ [ [ 126.917349897116338, 37.622343658585088 ], [ 126.917337400342035, 37.622175256567552 ], [ 126.917309885377463, 37.622165956845208 ], [ 126.917254765269803, 37.622227274215973 ], [ 126.917216639868883, 37.622285270077583 ], [ 126.917193576342271, 37.622346340021103 ], [ 126.917192894156287, 37.622348591982806 ], [ 126.917349897116338, 37.622343658585088 ] ] ] } },
{ "type": "Feature", "properties": { "PNU": 1.13801040010426e+18, "피해위치(": "서울특별시 은평구 갈현동 426-5", "피해일시": "20250813 - 1200", "F_SHIM": 0.0, "F_AREA": 154.9522271, "F_AVR_HGT": 32.5921227, "ADM_CD": 1138010400, "F_YR": "2025", "F_ZONE_NM": "서울특별시 은평구 갈현동 426-5", "TYPE": "소상공인", "TYPE2": "재난지원금" }, "geometry": { "type": "Polygon", "coordinates": [ [ [ 126.917518216369402, 37.622348553712833 ], [ 126.917659134755667, 37.622343338159169 ], [ 126.917651557752009, 37.622231521195573 ], [ 126.917509619405379, 37.622237366700084 ], [ 126.917518216369402, 37.622348553712833 ] ] ] } },
{ "type": "Feature", "properties": { "PNU": 1.13801040010426e+18, "피해위치(": "서울특별시 은평구 갈현동 426-6 1층", "피해일시": "20250813 - 1200", "F_SHIM": 0.0, "F_AREA": 218.1490978, "F_AVR_HGT": 32.5921227, "ADM_CD": 1138010400, "F_YR": "2025", "F_ZONE_NM": "서울특별시 은평구 갈현동 426-6 1층", "TYPE": "소상공인", "TYPE2": "재난지원금" }, "geometry": { "type": "Polygon", "coordinates": [ [ [ 126.917509619405379, 37.622237366700084 ], [ 126.917651557752009, 37.622231521195573 ], [ 126.917640854264221, 37.622079518311949 ], [ 126.917607230846571, 37.622062826283099 ], [ 126.917498787824613, 37.622098788310417 ], [ 126.917509510288596, 37.622233672605688 ], [ 126.917509619405379, 37.622237366700084 ] ] ] } },
{ "type": "Feature", "properties": { "PNU": 1.13801040010424e+18, "피해위치(": "서울특별시 은평구 갈현동 424-8 1층", "피해일시": "20250823 - 2022", "F_SHIM": 0.0, "F_AREA": 198.3771933, "F_AVR_HGT": 38.0017982, "ADM_CD": 1138010400, "F_YR": "2025", "F_ZONE_NM": "서울특별시 은평구 갈현동 424-8 1층", "TYPE": "소상공인", "TYPE2": "재난지원금" }, "geometry": { "type": "Polygon", "coordinates": [ [ [ 126.917284054134896, 37.623876988708822 ], [ 126.917276587970889, 37.623767694572244 ], [ 126.91720125600375, 37.623770794197434 ], [ 126.917090806696237, 37.623775490417493 ], [ 126.917099519337881, 37.62388415477168 ], [ 126.917207136295943, 37.623879997107643 ], [ 126.917284054134896, 37.623876988708822 ] ] ] } },
{ "type": "Feature", "properties": { "PNU": 1.13801040010411e+18, "피해위치(": "서울특별시 은평구 갈현동 411-8 B03호", "피해일시": "20250813 - 1200", "F_SHIM": 0.0, "F_AREA": 156.9178914, "F_AVR_HGT": 35.845121, "ADM_CD": 1138010400, "F_YR": "2025", "F_ZONE_NM": "서울특별시 은평구 갈현동 411-8 B03호", "TYPE": "주택", "TYPE2": "재난지원금" }, "geometry": { "type": "Polygon", "coordinates": [ [ [ 126.918135240936152, 37.623849662877994 ], [ 126.918130163591115, 37.623730279512223 ], [ 126.917996151733846, 37.623736131200069 ], [ 126.918001794942171, 37.623855785265697 ], [ 126.918135240936152, 37.623849662877994 ] ] ] } },
{ "type": "Feature", "properties": { "PNU": 1.1380104001040301e+18, "피해위치(": "서울특별시 은평구 갈현동 403-23 B01호", "피해일시": "20250813 - 1200", "F_SHIM": 0.0, "F_AREA": 96.8046762, "F_AVR_HGT": 28.7520901, "ADM_CD": 1138010400, "F_YR": "2025", "F_ZONE_NM": "서울특별시 은평구 갈현동 403-23 B01호", "TYPE": "주택", "TYPE2": "재난지원금" }, "geometry": { "type": "Polygon", "coordinates": [ [ [ 126.918418250220512, 37.62055200651325 ], [ 126.918437604929849, 37.620463363712815 ], [ 126.918330467729731, 37.620448061674793 ], [ 126.918309753244841, 37.620537063891021 ], [ 126.918418250220512, 37.62055200651325 ] ] ] } },
{ "type": "Feature", "properties": { "PNU": 1.1380104001041101e+18, "피해위치(": "서울특별시 은평구 갈현동 411-19 지하층", "피해일시": "20250813 - 1200", "F_SHIM": 0.0, "F_AREA": 152.6469706, "F_AVR_HGT": 34.0458504, "ADM_CD": 1138010400, "F_YR": "2025", "F_ZONE_NM": "서울특별시 은평구 갈현동 411-19 지하층", "TYPE": "주택", "TYPE2": "재난지원금" }, "geometry": { "type": "Polygon", "coordinates": [ [ [ 126.917991207621128, 37.623700358815746 ], [ 126.917981032109708, 37.623581872811343 ], [ 126.917849173752217, 37.623586824877549 ], [ 126.91785631393499, 37.623684496115416 ], [ 126.917883023374529, 37.62370559796836 ], [ 126.917991207621128, 37.623700358815746 ] ] ] } },
{ "type": "Feature", "properties": { "PNU": 1.1380104001041101e+18, "피해위치(": "서울특별시 은평구 갈현동 411-23 지층", "피해일시": "20250813 - 1200", "F_SHIM": 0.0, "F_AREA": 309.2923201, "F_AVR_HGT": 34.0458504, "ADM_CD": 1138010400, "F_YR": "2025", "F_ZONE_NM": "서울특별시 은평구 갈현동 411-23 지층", "TYPE": "소상공인", "TYPE2": "재난지원금" }, "geometry": { "type": "Polygon", "coordinates": [ [ [ 126.918385426215693, 37.623683428491162 ], [ 126.918374342973735, 37.623565752762104 ], [ 126.918363716279771, 37.623445014021001 ], [ 126.918232763486529, 37.62345077803576 ], [ 126.918242484669989, 37.623570705267845 ], [ 126.918252433943053, 37.623689281188426 ], [ 126.918385426215693, 37.623683428491162 ] ] ] } },
{ "type": "Feature", "properties": { "PNU": 1.1380104001040201e+18, "피해위치(": "서울특별시 은평구 갈현동 402-37 지층 안쪽(102호)", "피해일시": "20250813 - 1200", "F_SHIM": 0.0, "F_AREA": 122.5282067, "F_AVR_HGT": 26.7061325, "ADM_CD": 1138010400, "F_YR": "2025", "F_ZONE_NM": "서울특별시 은평구 갈현동 402-37 지층 안쪽(102호)", "TYPE": "주택", "TYPE2": "재난지원금" }, "geometry": { "type": "Polygon", "coordinates": [ [ [ 126.918471641284654, 37.620413833771998 ], [ 126.91860743255944, 37.620432219149436 ], [ 126.918627467336748, 37.620342946107712 ], [ 126.918492469714451, 37.620324020723537 ], [ 126.918471641284654, 37.620413833771998 ] ] ] } },
{ "type": "Feature", "properties": { "PNU": 1.13801040010392e+18, "피해위치(": "서울특별시 은평구 갈현동 392-10", "피해일시": "20250813 - 1200", "F_SHIM": 0.0, "F_AREA": 406.0835655, "F_AVR_HGT": 34.739019, "ADM_CD": 1138010400, "F_YR": "2025", "F_ZONE_NM": "서울특별시 은평구 갈현동 392-10", "TYPE": "소상공인", "TYPE2": "재난지원금" }, "geometry": { "type": "Polygon", "coordinates": [ [ [ 126.919294187786917, 37.62362586193494 ], [ 126.919423669909364, 37.623618564054325 ], [ 126.919415268671827, 37.623532694863286 ], [ 126.919413360032692, 37.623517196687807 ], [ 126.919284557439951, 37.62352476532471 ], [ 126.919273358635095, 37.623407900477211 ], [ 126.919182393932886, 37.623412071646371 ], [ 126.919143503534926, 37.623445560942699 ], [ 126.919153249982699, 37.623533647502725 ], [ 126.919163912511465, 37.623633339315766 ], [ 126.919294187786917, 37.62362586193494 ] ] ] } },
{ "type": "Feature", "properties": { "PNU": 1.1380104001041101e+18, "피해위치(": "서울특별시 은평구 갈현동 411-21 1층 우측상가", "피해일시": "20250813 - 1200", "F_SHIM": 0.0, "F_AREA": 152.1612764, "F_AVR_HGT": 34.0458504, "ADM_CD": 1138010400, "F_YR": "2025", "F_ZONE_NM": "서울특별시 은평구 갈현동 411-21 1층 우측상가", "TYPE": "소상공인", "TYPE2": "재난지원금" }, "geometry": { "type": "Polygon", "coordinates": [ [ [ 126.918110512670836, 37.623576017937694 ], [ 126.918100678121391, 37.623456360908627 ], [ 126.917971877822367, 37.623461855861585 ], [ 126.917981032109708, 37.623581872811343 ], [ 126.918110512670836, 37.623576017937694 ] ] ] } },
{ "type": "Feature", "properties": { "PNU": 1.13801040010394e+18, "피해위치(": "서울특별시 은평구 갈현동 394-11 지하 1층", "피해일시": "20250813 - 1200", "F_SHIM": 0.0, "F_AREA": 155.248777, "F_AVR_HGT": 30.921722, "ADM_CD": 1138010400, "F_YR": "2025", "F_ZONE_NM": "서울특별시 은평구 갈현동 394-11 지하 1층", "TYPE": "소상공인", "TYPE2": "재난지원금" }, "geometry": { "type": "Polygon", "coordinates": [ [ [ 126.919168558754365, 37.621988514176785 ], [ 126.919194969452334, 37.621869423081669 ], [ 126.919064947360766, 37.621855547313402 ], [ 126.919038423485901, 37.621974368006569 ], [ 126.919168558754365, 37.621988514176785 ] ] ] } },
{ "type": "Feature", "properties": { "PNU": 1.13801040010449e+18, "피해위치(": "서울특별시 은평구 갈현동 449-26 지층1호", "피해일시": "20250813 - 1200", "F_SHIM": 0.0, "F_AREA": 170.4222954, "F_AVR_HGT": 32.4369942, "ADM_CD": 1138010400, "F_YR": "2025", "F_ZONE_NM": "서울특별시 은평구 갈현동 449-26 지층1호", "TYPE": "주택", "TYPE2": "재난지원금" }, "geometry": { "type": "Polygon", "coordinates": [ [ [ 126.915434133454141, 37.620348588460594 ], [ 126.915365057044198, 37.620234203691361 ], [ 126.915330409292835, 37.620222916141316 ], [ 126.915246770857749, 37.620261687262875 ], [ 126.915326705180235, 37.620389865025203 ], [ 126.915434133454141, 37.620348588460594 ] ] ] } },
{ "type": "Feature", "properties": { "PNU": 1.13801040010402e+18, "피해위치(": "서울특별시 은평구 갈현동 402-32 지층 우", "피해일시": "20250813 - 1200", "F_SHIM": 0.0, "F_AREA": 123.6980433, "F_AVR_HGT": 26.7061325, "ADM_CD": 1138010400, "F_YR": "2025", "F_ZONE_NM": "서울특별시 은평구 갈현동 402-32 지층 우", "TYPE": "주택", "TYPE2": "재난지원금" }, "geometry": { "type": "Polygon", "coordinates": [ [ [ 126.918817154385692, 37.620278028439806 ], [ 126.918831381149687, 37.620216681670904 ], [ 126.918837300444807, 37.620190287103974 ], [ 126.918698681292028, 37.6201687465758 ], [ 126.91867853467609, 37.620256848279823 ], [ 126.918817154385692, 37.620278028439806 ] ] ] } },
{ "type": "Feature", "properties": { "PNU": 1.1380104001041e+18, "피해위치(": "서울특별시 은평구 갈현동 410-6 1층", "피해일시": "20250813 - 1200", "F_SHIM": 0.0, "F_AREA": 162.0039574, "F_AVR_HGT": 34.0458504, "ADM_CD": 1138010400, "F_YR": "2025", "F_ZONE_NM": "서울특별시 은평구 갈현동 410-6 1층", "TYPE": "소상공인", "TYPE2": "재난지원금" }, "geometry": { "type": "Polygon", "coordinates": [ [ [ 126.917855430083236, 37.623361314143779 ], [ 126.917960781348313, 37.623356613597586 ], [ 126.917952767131737, 37.623230110396314 ], [ 126.917819209258766, 37.623235962205662 ], [ 126.917826797419991, 37.623338138666476 ], [ 126.917855430083236, 37.623361314143779 ] ] ] } },
{ "type": "Feature", "properties": { "PNU": 1.1380104001041e+18, "피해위치(": "서울특별시 은평구 갈현동 410-3", "피해일시": "20250813 - 1200", "F_SHIM": 0.0, "F_AREA": 165.7295803, "F_AVR_HGT": 34.0458504, "ADM_CD": 1138010400, "F_YR": "2025", "F_ZONE_NM": "서울특별시 은평구 갈현동 410-3", "TYPE": "소상공인", "TYPE2": "재난지원금" }, "geometry": { "type": "Polygon", "coordinates": [ [ [ 126.918220647571957, 37.623345174684488 ], [ 126.918353412884386, 37.62333914166657 ], [ 126.91834834154723, 37.623214082132719 ], [ 126.918343583697691, 37.62321434907313 ], [ 126.918211158632417, 37.62322020212455 ], [ 126.918220647571957, 37.623345174684488 ] ] ] } },
{ "type": "Feature", "properties": { "PNU": 1.13801040010409e+18, "피해위치(": "서울특별시 은평구 갈현동 409-1 1층", "피해일시": "20250813 - 1200", "F_SHIM": 0.0, "F_AREA": 203.3420714, "F_AVR_HGT": 34.739019, "ADM_CD": 1138010400, "F_YR": "2025", "F_ZONE_NM": "서울특별시 은평구 갈현동 409-1 1층", "TYPE": "소상공인", "TYPE2": "재난지원금" }, "geometry": { "type": "Polygon", "coordinates": [ [ [ 126.9188332710754, 37.623317224683042 ], [ 126.918974531425093, 37.623311647408144 ], [ 126.919012970819665, 37.623276265794395 ], [ 126.919003776271609, 37.623191206896209 ], [ 126.91882535887909, 37.623199551210533 ], [ 126.9188332710754, 37.623317224683042 ] ] ] } },
{ "type": "Feature", "properties": { "PNU": 1.13801040010434e+18, "피해위치(": "서울특별시 은평구 갈현동 434-4 지하1", "피해일시": "20250823 - 1947", "F_SHIM": 0.0, "F_AREA": 340.7484361, "F_AVR_HGT": 34.4003922, "ADM_CD": 1138010400, "F_YR": "2025", "F_ZONE_NM": "서울특별시 은평구 갈현동 434-4 지하1", "TYPE": "소상공인", "TYPE2": "재난지원금" }, "geometry": { "type": "Polygon", "coordinates": [ [ [ 126.91649793409195, 37.621774349443626 ], [ 126.916647707018143, 37.621751302076646 ], [ 126.9165985746655, 37.621527463353395 ], [ 126.916449371820661, 37.621547627934781 ], [ 126.916474383238949, 37.621666214901751 ], [ 126.91649793409195, 37.621774349443626 ] ] ] } },
{ "type": "Feature", "properties": { "PNU": 1.1380104001040201e+18, "피해위치(": "서울특별시 은평구 갈현동 402-43 지하", "피해일시": "20250813 - 1200", "F_SHIM": 0.0, "F_AREA": 143.3104421, "F_AVR_HGT": 27.0397583, "ADM_CD": 1138010400, "F_YR": "2025", "F_ZONE_NM": "서울특별시 은평구 갈현동 402-43 지하", "TYPE": "주택", "TYPE2": "재난지원금" }, "geometry": { "type": "Polygon", "coordinates": [ [ [ 126.918040700129353, 37.620162696883312 ], [ 126.918050779980121, 37.620163785189312 ], [ 126.918068322398767, 37.620075411455886 ], [ 126.917907730481446, 37.62005277328214 ], [ 126.917891319370128, 37.620142228969677 ], [ 126.918040700129353, 37.620162696883312 ] ] ] } },
{ "type": "Feature", "properties": { "PNU": 1.13801040010402e+18, "피해위치(": "서울특별시 은평구 갈현동 402-29 지하1층", "피해일시": "20250813 - 1200", "F_SHIM": 0.0, "F_AREA": 97.2872132, "F_AVR_HGT": 26.7061325, "ADM_CD": 1138010400, "F_YR": "2025", "F_ZONE_NM": "서울특별시 은평구 갈현동 402-29 지하1층", "TYPE": "소상공인", "TYPE2": "재난지원금" }, "geometry": { "type": "Polygon", "coordinates": [ [ [ 126.919328258290136, 37.620150626555549 ], [ 126.919334292360588, 37.620122700377216 ], [ 126.919310667779726, 37.620078265606487 ], [ 126.919223954043716, 37.620031714597296 ], [ 126.919202543735253, 37.620136483642362 ], [ 126.919328258290136, 37.620150626555549 ] ] ] } },
{ "type": "Feature", "properties": { "PNU": 1.13801040010448e+18, "피해위치(": "서울특별시 은평구 갈현동 448-16 지층 1호", "피해일시": "20250813 - 1200", "F_SHIM": 0.0, "F_AREA": 169.3202938, "F_AVR_HGT": 32.4369942, "ADM_CD": 1138010400, "F_YR": "2025", "F_ZONE_NM": "서울특별시 은평구 갈현동 448-16 지층 1호", "TYPE": "주택", "TYPE2": "재난지원금" }, "geometry": { "type": "Polygon", "coordinates": [ [ [ 126.914286254097945, 37.620052674576897 ], [ 126.914369873350026, 37.620127607797222 ], [ 126.914497525615431, 37.620033369392715 ], [ 126.914412318563123, 37.619960146951641 ], [ 126.914286254097945, 37.620052674576897 ] ] ] } },
{ "type": "Feature", "properties": { "PNU": 1.13801040010431e+18, "피해위치(": "서울특별시 은평구 갈현동 431-2 지층", "피해일시": "20250813 - 1200", "F_SHIM": 0.0, "F_AREA": 213.8650247, "F_AVR_HGT": 27.0397583, "ADM_CD": 1138010400, "F_YR": "2025", "F_ZONE_NM": "서울특별시 은평구 갈현동 431-2 지층", "TYPE": "소상공인", "TYPE2": "재난지원금" }, "geometry": { "type": "Polygon", "coordinates": [ [ [ 126.917627790608492, 37.620096452334813 ], [ 126.917805269602226, 37.620110363363821 ], [ 126.917823968329813, 37.620001177847527 ], [ 126.917627575414826, 37.619985541540188 ], [ 126.917607631039175, 37.620094185551793 ], [ 126.917627790608492, 37.620096452334813 ] ] ] } },
{ "type": "Feature", "properties": { "PNU": 1.13801040010422e+18, "피해위치(": "서울특별시 은평구 갈현동 422-22 1층", "피해일시": "20250813 - 1200", "F_SHIM": 0.0, "F_AREA": 156.1471918, "F_AVR_HGT": 43.5908409, "ADM_CD": 1138010400, "F_YR": "2025", "F_ZONE_NM": "서울특별시 은평구 갈현동 422-22 1층", "TYPE": "소상공인", "TYPE2": "재난지원금" }, "geometry": { "type": "Polygon", "coordinates": [ [ [ 126.916181409730072, 37.624683113580261 ], [ 126.916341581910544, 37.624784048888266 ], [ 126.916374339305221, 37.624766323236656 ], [ 126.916365185506891, 37.624648018048788 ], [ 126.916224487281028, 37.62465494407278 ], [ 126.916181409730072, 37.624683113580261 ] ] ] } },
{ "type": "Feature", "properties": { "PNU": 1.13801040010448e+18, "피해위치(": "서울특별시 은평구 갈현동 448-15 B03호", "피해일시": "20250813 - 1200", "F_SHIM": 0.0, "F_AREA": 162.6132789, "F_AVR_HGT": 36.443895, "ADM_CD": 1138010400, "F_YR": "2025", "F_ZONE_NM": "서울특별시 은평구 갈현동 448-15 B03호", "TYPE": "주택", "TYPE2": "재난지원금" }, "geometry": { "type": "Polygon", "coordinates": [ [ [ 126.914204329533604, 37.619981616764385 ], [ 126.914286254097945, 37.620052674576897 ], [ 126.914412318563123, 37.619960146951641 ], [ 126.914327675817901, 37.619888816923201 ], [ 126.914204329533604, 37.619981616764385 ] ] ] } },
{ "type": "Feature", "properties": { "PNU": 1.138010400104e+18, "피해위치(": "서울특별시 은평구 갈현동 400-1 1층", "피해일시": "20250813 - 1200", "F_SHIM": 0.0, "F_AREA": 183.4830362, "F_AVR_HGT": 26.7061325, "ADM_CD": 1138010400, "F_YR": "2025", "F_ZONE_NM": "서울특별시 은평구 갈현동 400-1 1층", "TYPE": "소상공인", "TYPE2": "재난지원금" }, "geometry": { "type": "Polygon", "coordinates": [ [ [ 126.919212048020682, 37.619940437015011 ], [ 126.919333741962163, 37.620005302295169 ], [ 126.919389596804976, 37.619993808636522 ], [ 126.919426485758649, 37.619924548937917 ], [ 126.919284186971666, 37.619850389301121 ], [ 126.919212048020682, 37.619940437015011 ] ] ] } },
{ "type": "Feature", "properties": { "PNU": 1.13801040010401e+18, "피해위치(": "서울특별시 은평구 갈현동 401-8 지층", "피해일시": "20250813 - 1200", "F_SHIM": 0.0, "F_AREA": 150.8163501, "F_AVR_HGT": 26.7061325, "ADM_CD": 1138010400, "F_YR": "2025", "F_ZONE_NM": "서울특별시 은평구 갈현동 401-8 지층", "TYPE": "주택", "TYPE2": "재난지원금" }, "geometry": { "type": "Polygon", "coordinates": [ [ [ 126.918538824657517, 37.619993754053837 ], [ 126.918564614843547, 37.619923675938196 ], [ 126.918572568063681, 37.619901787713296 ], [ 126.918425359159357, 37.619863933086286 ], [ 126.918398391930438, 37.619973743563257 ], [ 126.918538824657517, 37.619993754053837 ] ] ] } },
{ "type": "Feature", "properties": { "PNU": 1.1380104001039501e+18, "피해위치(": "서울특별시 은평구 갈현동 395-29 지층", "피해일시": "20250813 - 1200", "F_SHIM": 0.0, "F_AREA": 150.6093926, "F_AVR_HGT": 28.1001087, "ADM_CD": 1138010400, "F_YR": "2025", "F_ZONE_NM": "서울특별시 은평구 갈현동 395-29 지층", "TYPE": "소상공인", "TYPE2": "재난지원금" }, "geometry": { "type": "Polygon", "coordinates": [ [ [ 126.919724952436439, 37.619924485894138 ], [ 126.919744017513537, 37.619891883628682 ], [ 126.919604313793684, 37.619826735976339 ], [ 126.919554376163902, 37.619916799308797 ], [ 126.91968944156433, 37.619976808216819 ], [ 126.919724952436439, 37.619924485894138 ] ] ] } },
{ "type": "Feature", "properties": { "PNU": 1.13801040010401e+18, "피해위치(": "서울특별시 은평구 갈현동 401-9 지층", "피해일시": "20250813 - 1200", "F_SHIM": 0.0, "F_AREA": 256.6714626, "F_AVR_HGT": 27.0397583, "ADM_CD": 1138010400, "F_YR": "2025", "F_ZONE_NM": "서울특별시 은평구 갈현동 401-9 지층", "TYPE": "주택", "TYPE2": "재난지원금" }, "geometry": { "type": "Polygon", "coordinates": [ [ [ 126.918398391930438, 37.619973743563257 ], [ 126.918425359159357, 37.619863933086286 ], [ 126.918428848195759, 37.619782216650805 ], [ 126.918315392363496, 37.619745827214849 ], [ 126.918270077060896, 37.619955633512724 ], [ 126.918292501109732, 37.61995871266177 ], [ 126.918398391930438, 37.619973743563257 ] ] ] } },
{ "type": "Feature", "properties": { "PNU": 1.13801040010425e+18, "피해위치(": "서울특별시 은평구 갈현동 425-11 지하 1호", "피해일시": "20250813 - 1200", "F_SHIM": 0.0, "F_AREA": 178.1242124, "F_AVR_HGT": 34.0458504, "ADM_CD": 1138010400, "F_YR": "2025", "F_ZONE_NM": "서울특별시 은평구 갈현동 425-11 지하 1호", "TYPE": "주택", "TYPE2": "재난지원금" }, "geometry": { "type": "Polygon", "coordinates": [ [ [ 126.917577750113722, 37.623096679451848 ], [ 126.917567465610418, 37.622975039893909 ], [ 126.917558516309398, 37.622975574114598 ], [ 126.917418952465809, 37.62298394394081 ], [ 126.917427312274611, 37.623104500964367 ], [ 126.917577750113722, 37.623096679451848 ] ] ] } },
{ "type": "Feature", "properties": { "PNU": 1.1380104001041e+18, "피해위치(": "서울특별시 은평구 갈현동 410-17 A동 지층", "피해일시": "20250813 - 1200", "F_SHIM": 0.0, "F_AREA": 157.9237756, "F_AVR_HGT": 34.0458504, "ADM_CD": 1138010400, "F_YR": "2025", "F_ZONE_NM": "서울특별시 은평구 갈현동 410-17 A동 지층", "TYPE": "주택", "TYPE2": "재난지원금" }, "geometry": { "type": "Polygon", "coordinates": [ [ [ 126.918203288953379, 37.623065318182846 ], [ 126.918195603420102, 37.622948455705227 ], [ 126.918061254759138, 37.622952865663315 ], [ 126.918066783733153, 37.62307342064063 ], [ 126.918203288953379, 37.623065318182846 ] ] ] } },
{ "type": "Feature", "properties": { "PNU": 1.1380104001041e+18, "피해위치(": "서울특별시 은평구 갈현동 410-16 지층 좌측", "피해일시": "20250813 - 1200", "F_SHIM": 0.0, "F_AREA": 153.0369632, "F_AVR_HGT": 34.0458504, "ADM_CD": 1138010400, "F_YR": "2025", "F_ZONE_NM": "서울특별시 은평구 갈현동 410-16 지층 좌측", "TYPE": "주택", "TYPE2": "재난지원금" }, "geometry": { "type": "Polygon", "coordinates": [ [ [ 126.918336734120516, 37.623058654977434 ], [ 126.918330406067298, 37.622943235032594 ], [ 126.918195603420102, 37.622948455705227 ], [ 126.918203288953379, 37.623065318182846 ], [ 126.918336734120516, 37.623058654977434 ] ] ] } },
{ "type": "Feature", "properties": { "PNU": 1.1380104001045e+18, "피해위치(": "서울특별시 은평구 갈현동 450-3 지층 2호", "피해일시": "20250813 - 1200", "F_SHIM": 0.0, "F_AREA": 247.9747328, "F_AVR_HGT": 32.4369942, "ADM_CD": 1138010400, "F_YR": "2025", "F_ZONE_NM": "서울특별시 은평구 갈현동 450-3 지층 2호", "TYPE": "주택", "TYPE2": "재난지원금" }, "geometry": { "type": "Polygon", "coordinates": [ [ [ 126.915190553565196, 37.619900172971519 ], [ 126.915091730652946, 37.619748916185131 ], [ 126.915085611169104, 37.619751434447373 ], [ 126.914952800690784, 37.619801701883198 ], [ 126.915062727398464, 37.619949903587809 ], [ 126.915190553565196, 37.619900172971519 ] ] ] } },
{ "type": "Feature", "properties": { "PNU": 1.13801040010401e+18, "피해위치(": "서울특별시 은평구 갈현동 401-16", "피해일시": "20250813 - 1200", "F_SHIM": 0.0, "F_AREA": 197.9462985, "F_AVR_HGT": 27.0397583, "ADM_CD": 1138010400, "F_YR": "2025", "F_ZONE_NM": "서울특별시 은평구 갈현동 401-16", "TYPE": "소상공인", "TYPE2": "재난지원금" }, "geometry": { "type": "Polygon", "coordinates": [ [ [ 126.918119111476443, 37.619934624180871 ], [ 126.918142384322422, 37.619826766283794 ], [ 126.917953593882984, 37.619799513246988 ], [ 126.917940324633761, 37.619875123106624 ], [ 126.917968939371079, 37.619913164727564 ], [ 126.918119111476443, 37.619934624180871 ] ] ] } },
{ "type": "Feature", "properties": { "PNU": 1.138010400104e+18, "피해위치(": "서울특별시 은평구 갈현동 400-11 지층", "피해일시": "20250813 - 1200", "F_SHIM": 0.0, "F_AREA": 170.0700694, "F_AVR_HGT": 26.7061325, "ADM_CD": 1138010400, "F_YR": "2025", "F_ZONE_NM": "서울특별시 은평구 갈현동 400-11 지층", "TYPE": "소상공인", "TYPE2": "재난지원금" }, "geometry": { "type": "Polygon", "coordinates": [ [ [ 126.919426485758649, 37.619924548937917 ], [ 126.9194819854511, 37.619823857961663 ], [ 126.919357120421168, 37.619758720330658 ], [ 126.919290993681045, 37.619840843655453 ], [ 126.919284186971666, 37.619850389301121 ], [ 126.919426485758649, 37.619924548937917 ] ] ] } },
{ "type": "Feature", "properties": { "PNU": 1.13801040010401e+18, "피해위치(": "서울특별시 은평구 갈현동 401-7 지층", "피해일시": "20250813 - 1200", "F_SHIM": 0.0, "F_AREA": 174.31603, "F_AVR_HGT": 26.7061325, "ADM_CD": 1138010400, "F_YR": "2025", "F_ZONE_NM": "서울특별시 은평구 갈현동 401-7 지층", "TYPE": "소상공인", "TYPE2": "재난지원금" }, "geometry": { "type": "Polygon", "coordinates": [ [ [ 126.918572568063681, 37.619901787713296 ], [ 126.918604946646141, 37.619814775793074 ], [ 126.918663710387932, 37.619733728859387 ], [ 126.918647522223452, 37.619725248279607 ], [ 126.918577084175837, 37.619813044351218 ], [ 126.918444273833742, 37.619763397027405 ], [ 126.918428848195759, 37.619782216650805 ], [ 126.918425359159357, 37.619863933086286 ], [ 126.918572568063681, 37.619901787713296 ] ] ] } },
{ "type": "Feature", "properties": { "PNU": 1.13801040010401e+18, "피해위치(": "서울특별시 은평구 갈현동 401-6 1층", "피해일시": "20250813 - 1200", "F_SHIM": 0.0, "F_AREA": 84.6669954, "F_AVR_HGT": 26.7061325, "ADM_CD": 1138010400, "F_YR": "2025", "F_ZONE_NM": "서울특별시 은평구 갈현동 401-6 1층", "TYPE": "소상공인", "TYPE2": "재난지원금" }, "geometry": { "type": "Polygon", "coordinates": [ [ [ 126.91867977400382, 37.61985447146666 ], [ 126.91874261250986, 37.619776040196761 ], [ 126.918666767069681, 37.619735172573613 ], [ 126.918663710387932, 37.619733728859387 ], [ 126.918604946646141, 37.619814775793074 ], [ 126.918666642097875, 37.619847794995167 ], [ 126.91867977400382, 37.61985447146666 ] ] ] } },
{ "type": "Feature", "properties": { "PNU": 1.13801040010423e+18, "피해위치(": "서울특별시 은평구 갈현동 423-1 지하", "피해일시": "20250813 - 1200", "F_SHIM": 0.0, "F_AREA": 142.8322495, "F_AVR_HGT": 38.0125099, "ADM_CD": 1138010400, "F_YR": "2025", "F_ZONE_NM": "서울특별시 은평구 갈현동 423-1 지하", "TYPE": "소상공인", "TYPE2": "재난지원금" }, "geometry": { "type": "Polygon", "coordinates": [ [ [ 126.917700876475109, 37.624512205689449 ], [ 126.917710482144628, 37.624633484330211 ], [ 126.917765889410902, 37.624620369370433 ], [ 126.917800105458667, 37.624614717480569 ], [ 126.917832204789519, 37.624577349607208 ], [ 126.917826294237415, 37.624494275120291 ], [ 126.917700543017432, 37.624506529282726 ], [ 126.917700876475109, 37.624512205689449 ] ] ] } },
{ "type": "Feature", "properties": { "PNU": 1.1380104001041e+18, "피해위치(": "서울특별시 은평구 갈현동 410-20", "피해일시": "20250813 - 1200", "F_SHIM": 0.0, "F_AREA": 150.3007101, "F_AVR_HGT": 34.0458504, "ADM_CD": 1138010400, "F_YR": "2025", "F_ZONE_NM": "서울특별시 은평구 갈현동 410-20", "TYPE": "주택", "TYPE2": "재난지원금" }, "geometry": { "type": "Polygon", "coordinates": [ [ [ 126.917935401070082, 37.622957822073538 ], [ 126.917925787074012, 37.622843841345201 ], [ 126.917828480629197, 37.622847105999249 ], [ 126.91779333616094, 37.622873299575545 ], [ 126.917799687020391, 37.622967636644205 ], [ 126.917935401070082, 37.622957822073538 ] ] ] } },
{ "type": "Feature", "properties": { "PNU": 1.13801040010434e+18, "피해위치(": "서울특별시 은평구 갈현동 434-28 b02", "피해일시": "20250813 - 1200", "F_SHIM": 0.0, "F_AREA": 166.6378008, "F_AVR_HGT": 39.7155777, "ADM_CD": 1138010400, "F_YR": "2025", "F_ZONE_NM": "서울특별시 은평구 갈현동 434-28 b02", "TYPE": "주택", "TYPE2": "재난지원금" }, "geometry": { "type": "Polygon", "coordinates": [ [ [ 126.916106849304114, 37.621436740198824 ], [ 126.916234195007434, 37.621412595944584 ], [ 126.916204431776904, 37.621289500587352 ], [ 126.916071654370356, 37.621309135978088 ], [ 126.916105947352065, 37.621433045528796 ], [ 126.916106849304114, 37.621436740198824 ] ] ] } },
{ "type": "Feature", "properties": { "PNU": 1.13801040010429e+18, "피해위치(": "서울특별시 은평구 갈현동 429-28 지층101호", "피해일시": "20250813 - 1200", "F_SHIM": 0.0, "F_AREA": 144.9126571, "F_AVR_HGT": 34.4003922, "ADM_CD": 1138010400, "F_YR": "2025", "F_ZONE_NM": "서울특별시 은평구 갈현동 429-28 지층101호", "TYPE": "주택", "TYPE2": "재난지원금" }, "geometry": { "type": "Polygon", "coordinates": [ [ [ 126.917165034915271, 37.621340646025914 ], [ 126.917320548385263, 37.621348865906093 ], [ 126.917326202149013, 37.621257150192896 ], [ 126.917326545825787, 37.62125372671467 ], [ 126.917168651704301, 37.621247397198388 ], [ 126.917165034915271, 37.621340646025914 ] ] ] } },
{ "type": "Feature", "properties": { "PNU": 1.13801040010401e+18, "피해위치(": "서울특별시 은평구 갈현동 401-3 지하", "피해일시": "20250813 - 1200", "F_SHIM": 0.0, "F_AREA": 255.3357027, "F_AVR_HGT": 27.0397583, "ADM_CD": 1138010400, "F_YR": "2025", "F_ZONE_NM": "서울특별시 은평구 갈현동 401-3 지하", "TYPE": "소상공인", "TYPE2": "재난지원금" }, "geometry": { "type": "Polygon", "coordinates": [ [ [ 126.91814550411317, 37.619812262708905 ], [ 126.918169439217223, 37.61969959403848 ], [ 126.918171486619414, 37.619691937153775 ], [ 126.917976461542125, 37.619669274747991 ], [ 126.917953593882984, 37.619799513246988 ], [ 126.918142384322422, 37.619826766283794 ], [ 126.918144615950609, 37.619816433619121 ], [ 126.91814550411317, 37.619812262708905 ] ] ] } },
{ "type": "Feature", "properties": { "PNU": 1.1380104001045e+18, "피해위치(": "서울특별시 은평구 갈현동 450-6 지하1호", "피해일시": "20250909 - 1003", "F_SHIM": 0.0, "F_AREA": 193.669629, "F_AVR_HGT": 30.2561775, "ADM_CD": 1138010400, "F_YR": "2025", "F_ZONE_NM": "서울특별시 은평구 갈현동 450-6 지하1호", "TYPE": "주택", "TYPE2": "재난지원금" }, "geometry": { "type": "Polygon", "coordinates": [ [ [ 126.915587174581461, 37.619747295841378 ], [ 126.915512554408068, 37.61962759132745 ], [ 126.915376674723618, 37.619687767785535 ], [ 126.915453683478333, 37.619798734619607 ], [ 126.915587174581461, 37.619747295841378 ] ] ] } },
{ "type": "Feature", "properties": { "PNU": 1.13801040010431e+18, "피해위치(": "서울특별시 은평구 갈현동 431-5 지하", "피해일시": "20250813 - 1200", "F_SHIM": 0.0, "F_AREA": 768.8078929, "F_AVR_HGT": 27.0397583, "ADM_CD": 1138010400, "F_YR": "2025", "F_ZONE_NM": "서울특별시 은평구 갈현동 431-5 지하", "TYPE": "소상공인", "TYPE2": "재난지원금" }, "geometry": { "type": "Polygon", "coordinates": [ [ [ 126.917867845414335, 37.619761908655413 ], [ 126.917914800766582, 37.619504531917627 ], [ 126.917868847131516, 37.619474406616767 ], [ 126.917489779770619, 37.619635502844964 ], [ 126.917566104398588, 37.619753225166576 ], [ 126.917867845414335, 37.619761908655413 ] ] ] } },
{ "type": "Feature", "properties": { "PNU": 1.138010400104e+18, "피해위치(": "서울특별시 은평구 갈현동 400-2 1층 우측가게", "피해일시": "20250813 - 1200", "F_SHIM": 0.0, "F_AREA": 430.9849682, "F_AVR_HGT": 25.7942101, "ADM_CD": 1138010400, "F_YR": "2025", "F_ZONE_NM": "서울특별시 은평구 갈현동 400-2 1층 우측가게", "TYPE": "소상공인", "TYPE2": "재난지원금" }, "geometry": { "type": "Polygon", "coordinates": [ [ [ 126.919254020153133, 37.61967837117772 ], [ 126.919343394003619, 37.619571757402724 ], [ 126.91914438372379, 37.619465212902121 ], [ 126.919017015674285, 37.619615947997303 ], [ 126.919111990616258, 37.619668721693387 ], [ 126.919215117433808, 37.619724834624662 ], [ 126.919254020153133, 37.61967837117772 ] ] ] } },
{ "type": "Feature", "properties": { "PNU": 1.138010400104e+18, "피해위치(": "서울특별시 은평구 갈현동 400-18 1층", "피해일시": "20250813 - 1200", "F_SHIM": 0.0, "F_AREA": 242.8001626, "F_AVR_HGT": 25.7942101, "ADM_CD": 1138010400, "F_YR": "2025", "F_ZONE_NM": "서울특별시 은평구 갈현동 400-18 1층", "TYPE": "소상공인", "TYPE2": "재난지원금" }, "geometry": { "type": "Polygon", "coordinates": [ [ [ 126.918666862447736, 37.619649219139987 ], [ 126.918778480032486, 37.619709032432141 ], [ 126.918905510010475, 37.619557306282317 ], [ 126.91886622916094, 37.619535925548149 ], [ 126.918791628261928, 37.619496500443503 ], [ 126.918666862447736, 37.619649219139987 ] ] ] } },
{ "type": "Feature", "properties": { "PNU": 1.138010400104e+18, "피해위치(": "서울특별시 은평구 갈현동 400-3 지층", "피해일시": "20250813 - 1200", "F_SHIM": 0.0, "F_AREA": 326.9936752, "F_AVR_HGT": 25.7942101, "ADM_CD": 1138010400, "F_YR": "2025", "F_ZONE_NM": "서울특별시 은평구 갈현동 400-3 지층", "TYPE": "소상공인", "TYPE2": "재난지원금" }, "geometry": { "type": "Polygon", "coordinates": [ [ [ 126.918905510010475, 37.619557306282317 ], [ 126.919017015674285, 37.619615947997303 ], [ 126.91914438372379, 37.619465212902121 ], [ 126.918991221314641, 37.619382846403852 ], [ 126.91886622916094, 37.619535925548149 ], [ 126.918905510010475, 37.619557306282317 ] ] ] } },
{ "type": "Feature", "properties": { "PNU": 1.13801040010399e+18, "피해위치(": "서울특별시 은평구 갈현동 399-19 1층", "피해일시": "20250813 - 1200", "F_SHIM": 0.0, "F_AREA": 142.9652759, "F_AVR_HGT": 26.2565456, "ADM_CD": 1138010400, "F_YR": "2025", "F_ZONE_NM": "서울특별시 은평구 갈현동 399-19 1층", "TYPE": "소상공인", "TYPE2": "재난지원금" }, "geometry": { "type": "Polygon", "coordinates": [ [ [ 126.919655820454082, 37.619545215437711 ], [ 126.919720144487826, 37.619453720461095 ], [ 126.919616343286961, 37.619392832305749 ], [ 126.91954046976528, 37.61948062518556 ], [ 126.919537066739991, 37.619485127722143 ], [ 126.919655820454082, 37.619545215437711 ] ] ] } },
{ "type": "Feature", "properties": { "PNU": 1.1380104001001201e+18, "피해위치(": "서울특별시 은평구 갈현동 12-15 지층 나호", "피해일시": "20250813 - 1200", "F_SHIM": 0.0, "F_AREA": 161.3803927, "F_AVR_HGT": 58.5813499, "ADM_CD": 1138010400, "F_YR": "2025", "F_ZONE_NM": "서울특별시 은평구 갈현동 12-15 지층 나호", "TYPE": "주택", "TYPE2": "재난지원금" }, "geometry": { "type": "Polygon", "coordinates": [ [ [ 126.91697351013319, 37.627525642104054 ], [ 126.917048828968191, 37.627437400114474 ], [ 126.916922372920652, 37.627367393561528 ], [ 126.916846374932021, 37.627455094396716 ], [ 126.91697351013319, 37.627525642104054 ] ] ] } },
{ "type": "Feature", "properties": { "PNU": 1.13801050010213e+18, "피해위치(": "서울특별시 은평구 구산동 213-1 1층", "피해일시": "20250813 - 1200", "F_SHIM": 0.0, "F_AREA": 189.8085528, "F_AVR_HGT": 27.3808342, "ADM_CD": 1138010500, "F_YR": "2025", "F_ZONE_NM": "서울특별시 은평구 구산동 213-1 1층", "TYPE": "소상공인", "TYPE2": "재난지원금" }, "geometry": { "type": "Polygon", "coordinates": [ [ [ 126.911952106169792, 37.612960209248477 ], [ 126.912043206548717, 37.612927032150409 ], [ 126.91207134676867, 37.612883716291392 ], [ 126.912056978121669, 37.612776398550757 ], [ 126.911933742700384, 37.6127842337023 ], [ 126.911952106169792, 37.612960209248477 ] ] ] } },
{ "type": "Feature", "properties": { "PNU": 1.13801030010365e+18, "피해위치(": "서울특별시 은평구 불광동 365-5 지층 1호", "피해일시": "20250813 - 1200", "F_SHIM": 0.0, "F_AREA": 189.6393655, "F_AVR_HGT": 32.1816307, "ADM_CD": 1138010300, "F_YR": "2025", "F_ZONE_NM": "서울특별시 은평구 불광동 365-5 지층 1호", "TYPE": "주택", "TYPE2": "재난지원금" }, "geometry": { "type": "Polygon", "coordinates": [ [ [ 126.924482885346279, 37.621668741453874 ], [ 126.924547083392682, 37.621585622907624 ], [ 126.924588033349025, 37.62152879778305 ], [ 126.924473906535781, 37.62147853874896 ], [ 126.924390164204354, 37.621621109153345 ], [ 126.924482885346279, 37.621668741453874 ] ] ] } },
{ "type": "Feature", "properties": { "PNU": 1.1380104001039e+18, "피해위치(": "서울특별시 은평구 갈현동 390-4", "피해일시": "20250813 - 1200", "F_SHIM": 0.0, "F_AREA": 217.4039082, "F_AVR_HGT": 49.9313789, "ADM_CD": 1138010400, "F_YR": "2025", "F_ZONE_NM": "서울특별시 은평구 갈현동 390-4", "TYPE": "소상공인", "TYPE2": "재난지원금" }, "geometry": { "type": "Polygon", "coordinates": [ [ [ 126.919569812348954, 37.62607978069547 ], [ 126.919594637662243, 37.625960958787196 ], [ 126.919427676011807, 37.6259501211022 ], [ 126.919381424624163, 37.625980542011661 ], [ 126.919362096861676, 37.626044407976323 ], [ 126.919569812348954, 37.62607978069547 ] ] ] } },
{ "type": "Feature", "properties": { "PNU": 1.1380103001027601e+18, "피해위치(": "서울특별시 은평구 불광동 276-32 지층", "피해일시": "20250813 - 1200", "F_SHIM": 0.0, "F_AREA": 313.5415683, "F_AVR_HGT": 33.8342834, "ADM_CD": 1138010300, "F_YR": "2025", "F_ZONE_NM": "서울특별시 은평구 불광동 276-32 지층", "TYPE": "소상공인", "TYPE2": "재난지원금" }, "geometry": { "type": "Polygon", "coordinates": [ [ [ 126.931464486855219, 37.612319923135296 ], [ 126.931541484465782, 37.612339339913554 ], [ 126.931638387713875, 37.612388590910477 ], [ 126.931707149380983, 37.612495127593021 ], [ 126.931816786956901, 37.612370496588007 ], [ 126.931786314490225, 37.612255513372908 ], [ 126.931735054411618, 37.612206289494175 ], [ 126.931634103784489, 37.612367325215374 ], [ 126.93147730517255, 37.612298487388614 ], [ 126.931464486855219, 37.612319923135296 ] ] ] } },
{ "type": "Feature", "properties": { "PNU": 1.13801040010418e+18, "피해위치(": "서울특별시 은평구 갈현동 418-21", "피해일시": "20250813 - 1200", "F_SHIM": 0.0, "F_AREA": 201.8537139, "F_AVR_HGT": 41.3723732, "ADM_CD": 1138010400, "F_YR": "2025", "F_ZONE_NM": "서울특별시 은평구 갈현동 418-21", "TYPE": "주택", "TYPE2": "재난지원금" }, "geometry": { "type": "Polygon", "coordinates": [ [ [ 126.918586898337011, 37.625865652039671 ], [ 126.918660022987083, 37.625811914954234 ], [ 126.918687798812684, 37.625791662423751 ], [ 126.918660071090628, 37.625768577890817 ], [ 126.91855436628741, 37.625680658151374 ], [ 126.918458112767667, 37.625752398477751 ], [ 126.918586898337011, 37.625865652039671 ] ] ] } },
{ "type": "Feature", "properties": { "PNU": 1.13801040010419e+18, "피해위치(": "서울특별시 은평구 갈현동 419-3", "피해일시": "20250813 - 1200", "F_SHIM": 0.0, "F_AREA": 167.4188578, "F_AVR_HGT": 40.7141815, "ADM_CD": 1138010400, "F_YR": "2025", "F_ZONE_NM": "서울특별시 은평구 갈현동 419-3", "TYPE": "소상공인", "TYPE2": "재난지원금" }, "geometry": { "type": "Polygon", "coordinates": [ [ [ 126.91808150131601, 37.625614463166507 ], [ 126.918168303612646, 37.625688314705016 ], [ 126.918286994628744, 37.62560929251125 ], [ 126.918292776256919, 37.625605332280749 ], [ 126.918267314699307, 37.625581888861497 ], [ 126.918202582215841, 37.62552553197537 ], [ 126.91808150131601, 37.625614463166507 ] ] ] } },
{ "type": "Feature", "properties": { "PNU": 1.13801080010009e+18, "피해위치(": "서울특별시 은평구 역촌동 9-3 01호", "피해일시": "20250813 - 1200", "F_SHIM": 0.0, "F_AREA": 155.5629543, "F_AVR_HGT": 19.4969803, "ADM_CD": 1138010800, "F_YR": "2025", "F_ZONE_NM": "서울특별시 은평구 역촌동 9-3 01호", "TYPE": "주택", "TYPE2": "재난지원금" }, "geometry": { "type": "Polygon", "coordinates": [ [ [ 126.915950543811917, 37.60739114585089 ], [ 126.915975912645081, 37.607390623651831 ], [ 126.915991145234813, 37.607241972665221 ], [ 126.915994016527293, 37.607207016644651 ], [ 126.915986656161763, 37.60720620042698 ], [ 126.915849406366434, 37.60719736135573 ], [ 126.915834571459882, 37.607196539702763 ], [ 126.915833091450139, 37.60720329599323 ], [ 126.915824174589545, 37.607275908667368 ], [ 126.915849313679601, 37.607278179372777 ], [ 126.915961306734758, 37.60728871200336 ], [ 126.915960393711018, 37.60729483801893 ], [ 126.915950543811917, 37.60739114585089 ] ] ] } },
{ "type": "Feature", "properties": { "PNU": 1.13801080010011e+18, "피해위치(": "서울특별시 은평구 역촌동 11-11 지층", "피해일시": "20250813 - 1200", "F_SHIM": 0.0, "F_AREA": 110.867115, "F_AVR_HGT": 20.567741, "ADM_CD": 1138010800, "F_YR": "2025", "F_ZONE_NM": "서울특별시 은평구 역촌동 11-11 지층", "TYPE": "주택", "TYPE2": "재난지원금" }, "geometry": { "type": "Polygon", "coordinates": [ [ [ 126.917650210308494, 37.607294969745347 ], [ 126.917578606069213, 37.607220587825992 ], [ 126.917479971701994, 37.607214300858161 ], [ 126.917560685860906, 37.607345000692469 ], [ 126.917650210308494, 37.607294969745347 ] ] ] } },
{ "type": "Feature", "properties": { "PNU": 1.13801080010045e+18, "피해위치(": "서울특별시 은평구 역촌동 45-8 지층", "피해일시": "20250813 - 1200", "F_SHIM": 0.0, "F_AREA": 130.2410084, "F_AVR_HGT": 19.6077782, "ADM_CD": 1138010800, "F_YR": "2025", "F_ZONE_NM": "서울특별시 은평구 역촌동 45-8 지층", "TYPE": "주택", "TYPE2": "재난지원금" }, "geometry": { "type": "Polygon", "coordinates": [ [ [ 126.914558917283472, 37.607291831562861 ], [ 126.914686890688898, 37.607291925785098 ], [ 126.91469120004291, 37.607189487304346 ], [ 126.914566171329767, 37.60718939525642 ], [ 126.914559716042959, 37.607189390500345 ], [ 126.914558917283472, 37.607291831562861 ] ] ] } },
{ "type": "Feature", "properties": { "PNU": 1.1380106001018701e+18, "피해위치(": "서울특별시 은평구 대조동 187-44 1층 만점애견미용", "피해일시": "20250813 - 1200", "F_SHIM": 0.0, "F_AREA": 91.4789952, "F_AVR_HGT": 32.1499878, "ADM_CD": 1138010600, "F_YR": "2025", "F_ZONE_NM": "서울특별시 은평구 대조동 187-44 1층 만점애견미용", "TYPE": "소상공인", "TYPE2": "재난지원금" }, "geometry": { "type": "Polygon", "coordinates": [ [ [ 126.923337480389719, 37.615916220305301 ], [ 126.923438357643093, 37.615955389653692 ], [ 126.92348223985357, 37.6158000896056 ], [ 126.923474767460689, 37.615797201525908 ], [ 126.923337480389719, 37.615916220305301 ] ] ] } },
{ "type": "Feature", "properties": { "PNU": 1.13801060010203e+18, "피해위치(": "서울특별시 은평구 대조동 203-2 지층1호", "피해일시": "20250813 - 1200", "F_SHIM": 0.0, "F_AREA": 153.5943125, "F_AVR_HGT": 26.8219124, "ADM_CD": 1138010600, "F_YR": "2025", "F_ZONE_NM": "서울특별시 은평구 대조동 203-2 지층1호", "TYPE": "주택", "TYPE2": "재난지원금" }, "geometry": { "type": "Polygon", "coordinates": [ [ [ 126.921189754320949, 37.615929644115148 ], [ 126.92124160097201, 37.615850573290103 ], [ 126.921088313696245, 37.615783706248486 ], [ 126.921036465084597, 37.615864488868965 ], [ 126.921189754320949, 37.615929644115148 ] ] ] } },
{ "type": "Feature", "properties": { "PNU": 1.1380105001002001e+18, "피해위치(": "서울특별시 은평구 구산동 20-4 지하2호", "피해일시": "20250813 - 1200", "F_SHIM": 0.0, "F_AREA": 320.0979553, "F_AVR_HGT": 20.2972885, "ADM_CD": 1138010500, "F_YR": "2025", "F_ZONE_NM": "서울특별시 은평구 구산동 20-4 지하2호", "TYPE": "주택", "TYPE2": "재난지원금" }, "geometry": { "type": "Polygon", "coordinates": [ [ [ 126.914857789859425, 37.609143569058524 ], [ 126.914795058276667, 37.609036576451501 ], [ 126.914798343568052, 37.609035767981993 ], [ 126.914748162446969, 37.608946714105677 ], [ 126.914599739696399, 37.608998951927347 ], [ 126.914640700597346, 37.609069592022941 ], [ 126.91466218258563, 37.609061760283844 ], [ 126.91467319077455, 37.609081292658139 ], [ 126.914724694168669, 37.609172753157829 ], [ 126.914715958647363, 37.609175900169184 ], [ 126.914729409032532, 37.609198975192037 ], [ 126.914859931852135, 37.609152039859218 ], [ 126.914855523741892, 37.609144468376222 ], [ 126.914857789859425, 37.609143569058524 ] ] ] } },
{ "type": "Feature", "properties": { "PNU": 1.1380105001002001e+18, "피해위치(": "서울특별시 은평구 구산동 20-2 102호", "피해일시": "20250813 - 1200", "F_SHIM": 0.0, "F_AREA": 186.8491327, "F_AVR_HGT": 20.2972885, "ADM_CD": 1138010500, "F_YR": "2025", "F_ZONE_NM": "서울특별시 은평구 구산동 20-2 102호", "TYPE": "주택", "TYPE2": "재난지원금" }, "geometry": { "type": "Polygon", "coordinates": [ [ [ 126.915004173110631, 37.60909223040035 ], [ 126.91494359484588, 37.608983797878935 ], [ 126.914798343568052, 37.609035767981993 ], [ 126.914795058276667, 37.609036576451501 ], [ 126.914857789859425, 37.609143569058524 ], [ 126.915004173110631, 37.60909223040035 ] ] ] } },
{ "type": "Feature", "properties": { "PNU": 1.13801050010021e+18, "피해위치(": "서울특별시 은평구 구산동 21-7 B01호", "피해일시": "20250813 - 1203", "F_SHIM": 0.0, "F_AREA": 132.4242121, "F_AVR_HGT": 20.2972885, "ADM_CD": 1138010500, "F_YR": "2025", "F_ZONE_NM": "서울특별시 은평구 구산동 21-7 B01호", "TYPE": "주택", "TYPE2": "재난지원금" }, "geometry": { "type": "Polygon", "coordinates": [ [ [ 126.915255267638059, 37.609082503398447 ], [ 126.91520677974394, 37.608997775667326 ], [ 126.915074564240001, 37.609039844844204 ], [ 126.915123727885302, 37.609127726559571 ], [ 126.915255267638059, 37.609082503398447 ] ] ] } },
{ "type": "Feature", "properties": { "PNU": 1.13801050010007e+18, "피해위치(": "서울특별시 은평구 구산동 7-24 B01호", "피해일시": "20250823 - 1329", "F_SHIM": 0.0, "F_AREA": 327.4939597, "F_AVR_HGT": 21.3745457, "ADM_CD": 1138010500, "F_YR": "2025", "F_ZONE_NM": "서울특별시 은평구 구산동 7-24 B01호", "TYPE": "주택", "TYPE2": "재난지원금" }, "geometry": { "type": "Polygon", "coordinates": [ [ [ 126.91403392542216, 37.611319462278537 ], [ 126.914177934268722, 37.611268843691747 ], [ 126.91412526886333, 37.611172850189035 ], [ 126.914070679708814, 37.611075593861912 ], [ 126.913925762785169, 37.611128193804745 ], [ 126.913980126014835, 37.611224819343363 ], [ 126.91403392542216, 37.611319462278537 ] ] ] } },
{ "type": "Feature", "properties": { "PNU": 1.13801050010007e+18, "피해위치(": "서울특별시 은평구 구산동 7-12 B01호", "피해일시": "20250823 - 1111", "F_SHIM": 0.0, "F_AREA": 171.4471329, "F_AVR_HGT": 21.3745457, "ADM_CD": 1138010500, "F_YR": "2025", "F_ZONE_NM": "서울특별시 은평구 구산동 7-12 B01호", "TYPE": "주택", "TYPE2": "재난지원금" }, "geometry": { "type": "Polygon", "coordinates": [ [ [ 126.914207166643337, 37.611258504036293 ], [ 126.914358540202713, 37.611205097634532 ], [ 126.914303044247205, 37.611108201138116 ], [ 126.914153482951477, 37.611161608811251 ], [ 126.914207166643337, 37.611258504036293 ] ] ] } },
{ "type": "Feature", "properties": { "PNU": 1.13801050010007e+18, "피해위치(": "서울특별시 은평구 구산동 7-11 지층", "피해일시": "20250813 - 1200", "F_SHIM": 0.0, "F_AREA": 156.9709293, "F_AVR_HGT": 21.0353561, "ADM_CD": 1138010500, "F_YR": "2025", "F_ZONE_NM": "서울특별시 은평구 구산동 7-11 지층", "TYPE": "주택", "TYPE2": "재난지원금" }, "geometry": { "type": "Polygon", "coordinates": [ [ [ 126.914358540202713, 37.611205097634532 ], [ 126.914465387299032, 37.611165713511987 ], [ 126.91440096593243, 37.611049979965898 ], [ 126.914397236350169, 37.611043219852334 ], [ 126.914288239518314, 37.611080890460507 ], [ 126.914303044247205, 37.611108201138116 ], [ 126.914358540202713, 37.611205097634532 ] ] ] } },
{ "type": "Feature", "properties": { "PNU": 1.13801050010002e+18, "피해위치(": "서울특별시 은평구 구산동 2-15 B01, 02호", "피해일시": "20250813 - 1200", "F_SHIM": 0.0, "F_AREA": 143.2790238, "F_AVR_HGT": 21.1303612, "ADM_CD": 1138010500, "F_YR": "2025", "F_ZONE_NM": "서울특별시 은평구 구산동 2-15 B01, 02호", "TYPE": "주택", "TYPE2": "재난지원금" }, "geometry": { "type": "Polygon", "coordinates": [ [ [ 126.915749684944743, 37.611096827797638 ], [ 126.915699051388714, 37.611005071082609 ], [ 126.915565695789383, 37.611050833988266 ], [ 126.915617007715966, 37.611143492234874 ], [ 126.915749684944743, 37.611096827797638 ] ] ] } },
{ "type": "Feature", "properties": { "PNU": 1.13801050010002e+18, "피해위치(": "서울특별시 은평구 구산동 2-12 B01호", "피해일시": "20250813 - 1200", "F_SHIM": 0.0, "F_AREA": 147.7276576, "F_AVR_HGT": 21.1303612, "ADM_CD": 1138010500, "F_YR": "2025", "F_ZONE_NM": "서울특별시 은평구 구산동 2-12 B01호", "TYPE": "주택", "TYPE2": "재난지원금" }, "geometry": { "type": "Polygon", "coordinates": [ [ [ 126.915927340224087, 37.611036771216234 ], [ 126.915907675731702, 37.610999996911758 ], [ 126.915876821606219, 37.610943392893219 ], [ 126.915875439320956, 37.610943878420116 ], [ 126.915845097118691, 37.610954451939037 ], [ 126.915739047156038, 37.610990954751465 ], [ 126.915790587010889, 37.611082531911677 ], [ 126.915844971135982, 37.611064281481219 ], [ 126.915927340224087, 37.611036771216234 ] ] ] } },
{ "type": "Feature", "properties": { "PNU": 1.1380105001001101e+18, "피해위치(": "서울특별시 은평구 구산동 11-17 지층", "피해일시": "20250813 - 1200", "F_SHIM": 0.0, "F_AREA": 167.3808699, "F_AVR_HGT": 25.5087315, "ADM_CD": 1138010500, "F_YR": "2025", "F_ZONE_NM": "서울특별시 은평구 구산동 11-17 지층", "TYPE": "주택", "TYPE2": "재난지원금" }, "geometry": { "type": "Polygon", "coordinates": [ [ [ 126.91202892937784, 37.611041988388834 ], [ 126.912106991993028, 37.610923298208547 ], [ 126.91199413086369, 37.610876992304391 ], [ 126.911915049782991, 37.610994870754354 ], [ 126.91202892937784, 37.611041988388834 ] ] ] } },
{ "type": "Feature", "properties": { "PNU": 1.13801050010002e+18, "피해위치(": "서울특별시 은평구 구산동 2-19 지층1호", "피해일시": "20250813 - 1200", "F_SHIM": 0.0, "F_AREA": 148.7236483, "F_AVR_HGT": 21.1303612, "ADM_CD": 1138010500, "F_YR": "2025", "F_ZONE_NM": "서울특별시 은평구 구산동 2-19 지층1호", "TYPE": "주택", "TYPE2": "재난지원금" }, "geometry": { "type": "Polygon", "coordinates": [ [ [ 126.915648755861326, 37.610914936356977 ], [ 126.915596316050767, 37.610818312981138 ], [ 126.915463637975876, 37.610866058425493 ], [ 126.915516645589847, 37.610961240702935 ], [ 126.915648755861326, 37.610914936356977 ] ] ] } },
{ "type": "Feature", "properties": { "PNU": 1.13801050010002e+18, "피해위치(": "서울특별시 은평구 구산동 2-27 B02", "피해일시": "20250813 - 1200", "F_SHIM": 0.0, "F_AREA": 144.3598074, "F_AVR_HGT": 21.1303612, "ADM_CD": 1138010500, "F_YR": "2025", "F_ZONE_NM": "서울특별시 은평구 구산동 2-27 B02", "TYPE": "주택", "TYPE2": "재난지원금" }, "geometry": { "type": "Polygon", "coordinates": [ [ [ 126.915822337906945, 37.61085109284582 ], [ 126.915768646927731, 37.610758973544101 ], [ 126.915653984768937, 37.610799794734596 ], [ 126.915643655257256, 37.610819969203099 ], [ 126.915687847403262, 37.610899197618508 ], [ 126.915822337906945, 37.61085109284582 ] ] ] } },
{ "type": "Feature", "properties": { "PNU": 1.13801080010008e+18, "피해위치(": "서울특별시 은평구 역촌동 8-54 B01호", "피해일시": "20250813 - 1200", "F_SHIM": 0.0, "F_AREA": 256.1019038, "F_AVR_HGT": 20.4324089, "ADM_CD": 1138010800, "F_YR": "2025", "F_ZONE_NM": "서울특별시 은평구 역촌동 8-54 B01호", "TYPE": "주택", "TYPE2": "재난지원금" }, "geometry": { "type": "Polygon", "coordinates": [ [ [ 126.916442086781984, 37.607759552326257 ], [ 126.916321494257303, 37.607642337685505 ], [ 126.916180092975935, 37.60769791620968 ], [ 126.91618596918417, 37.607709182732471 ], [ 126.916253560772688, 37.607825548347876 ], [ 126.916442086781984, 37.607759552326257 ] ] ] } },
{ "type": "Feature", "properties": { "PNU": 1.13801050010021e+18, "피해위치(": "서울특별시 은평구 구산동 21-27 B01호", "피해일시": "20250813 - 1200", "F_SHIM": 0.0, "F_AREA": 144.0326536, "F_AVR_HGT": 20.2972885, "ADM_CD": 1138010500, "F_YR": "2025", "F_ZONE_NM": "서울특별시 은평구 구산동 21-27 B01호", "TYPE": "주택", "TYPE2": "재난지원금" }, "geometry": { "type": "Polygon", "coordinates": [ [ [ 126.91497390924782, 37.608331959806108 ], [ 126.914926442786651, 37.608246061422022 ], [ 126.914917740016776, 37.608230828443602 ], [ 126.914813733895684, 37.6082657101758 ], [ 126.914802723949236, 37.608286785061409 ], [ 126.914851660589335, 37.608374396439636 ], [ 126.91497390924782, 37.608331959806108 ] ] ] } },
{ "type": "Feature", "properties": { "PNU": 1.13801050010023e+18, "피해위치(": "서울특별시 은평구 구산동 23-12 지층", "피해일시": "20250813 - 1200", "F_SHIM": 0.0, "F_AREA": 214.6825798, "F_AVR_HGT": 20.101112, "ADM_CD": 1138010500, "F_YR": "2025", "F_ZONE_NM": "서울특별시 은평구 구산동 23-12 지층", "TYPE": "주택", "TYPE2": "재난지원금" }, "geometry": { "type": "Polygon", "coordinates": [ [ [ 126.913755462106849, 37.608108337325739 ], [ 126.913752644673878, 37.608096532368492 ], [ 126.913728082168333, 37.607988936867216 ], [ 126.913568596717354, 37.608011612967019 ], [ 126.913556344611933, 37.60802935317863 ], [ 126.913571781200943, 37.608096397731977 ], [ 126.913581471870756, 37.608138030313761 ], [ 126.913755462106849, 37.608108337325739 ] ] ] } },
{ "type": "Feature", "properties": { "PNU": 1.13801060010195e+18, "피해위치(": "서울특별시 은평구 대조동 195-9 101호", "피해일시": "20250813 - 1200", "F_SHIM": 0.0, "F_AREA": 169.3272033, "F_AVR_HGT": 29.7400108, "ADM_CD": 1138010600, "F_YR": "2025", "F_ZONE_NM": "서울특별시 은평구 대조동 195-9 101호", "TYPE": "주택", "TYPE2": "재난지원금" }, "geometry": { "type": "Polygon", "coordinates": [ [ [ 126.922065896197424, 37.616739137641929 ], [ 126.922151738177504, 37.616644862738909 ], [ 126.922030390021732, 37.616577207522027 ], [ 126.921944207883371, 37.616671752402652 ], [ 126.922065896197424, 37.616739137641929 ] ] ] } },
{ "type": "Feature", "properties": { "PNU": 1.13801040010507e+18, "피해위치(": "서울특별시 은평구 갈현동 507-7 101호", "피해일시": "20250813 - 1200", "F_SHIM": 0.0, "F_AREA": 142.5110856, "F_AVR_HGT": 29.090202, "ADM_CD": 1138010400, "F_YR": "2025", "F_ZONE_NM": "서울특별시 은평구 갈현동 507-7 101호", "TYPE": "주택", "TYPE2": "재난지원금" }, "geometry": { "type": "Polygon", "coordinates": [ [ [ 126.91219007341347, 37.614941106090704 ], [ 126.912301378135695, 37.614873346435168 ], [ 126.912304573697767, 37.614853076783099 ], [ 126.912244278585604, 37.614791404100359 ], [ 126.912198033999786, 37.614819479709567 ], [ 126.912118578839909, 37.614868162607038 ], [ 126.91219007341347, 37.614941106090704 ] ] ] } },
{ "type": "Feature", "properties": { "PNU": 1.13801080010007e+18, "피해위치(": "서울특별시 은평구 역촌동 7-6 지층01호", "피해일시": "20250813 - 1200", "F_SHIM": 0.0, "F_AREA": 158.8105265, "F_AVR_HGT": 21.4788757, "ADM_CD": 1138010800, "F_YR": "2025", "F_ZONE_NM": "서울특별시 은평구 역촌동 7-6 지층01호", "TYPE": "주택", "TYPE2": "재난지원금" }, "geometry": { "type": "Polygon", "coordinates": [ [ [ 126.917247514496623, 37.609682554973411 ], [ 126.917305997455259, 37.609744313958984 ], [ 126.917472030711096, 37.609641900606363 ], [ 126.917413434034998, 37.609580502013593 ], [ 126.917247514496623, 37.609682554973411 ] ] ] } },
{ "type": "Feature", "properties": { "PNU": 1.13801040010507e+18, "피해위치(": "서울특별시 은평구 갈현동 507-14 지하 102호", "피해일시": "20250813 - 1300", "F_SHIM": 0.0, "F_AREA": 131.0295582, "F_AVR_HGT": 29.090202, "ADM_CD": 1138010400, "F_YR": "2025", "F_ZONE_NM": "서울특별시 은평구 갈현동 507-14 지하 102호", "TYPE": "주택", "TYPE2": "재난지원금" }, "geometry": { "type": "Polygon", "coordinates": [ [ [ 126.911982772449406, 37.614777691276615 ], [ 126.911897023221186, 37.614691402325143 ], [ 126.911893064024767, 37.61468725480669 ], [ 126.911802045034591, 37.614745118713657 ], [ 126.911889942195742, 37.61483474299358 ], [ 126.911982772449406, 37.614777691276615 ] ] ] } },
{ "type": "Feature", "properties": { "PNU": 1.1380104001032701e+18, "피해위치(": "서울특별시 은평구 갈현동 327-85 101호", "피해일시": "20250813 - 1200", "F_SHIM": 0.0, "F_AREA": 251.3945364, "F_AVR_HGT": 44.7736679, "ADM_CD": 1138010400, "F_YR": "2025", "F_ZONE_NM": "서울특별시 은평구 갈현동 327-85 101호", "TYPE": "주택", "TYPE2": "재난지원금" }, "geometry": { "type": "Polygon", "coordinates": [ [ [ 126.909734109187184, 37.616675951800282 ], [ 126.909698631008638, 37.616513026925624 ], [ 126.909691494109438, 37.616514012451098 ], [ 126.909545128505613, 37.616536242787902 ], [ 126.909579477148398, 37.616696373788329 ], [ 126.909734109187184, 37.616675951800282 ] ] ] } },
{ "type": "Feature", "properties": { "PNU": 1.1380104001050701e+18, "피해위치(": "서울특별시 은평구 갈현동 507-19 103호", "피해일시": "20250813 - 1200", "F_SHIM": 0.0, "F_AREA": 124.7247684, "F_AVR_HGT": 27.0931011, "ADM_CD": 1138010400, "F_YR": "2025", "F_ZONE_NM": "서울특별시 은평구 갈현동 507-19 103호", "TYPE": "소상공인", "TYPE2": "재난지원금" }, "geometry": { "type": "Polygon", "coordinates": [ [ [ 126.911812180502565, 37.614604933803122 ], [ 126.91190353715308, 37.614548691908752 ], [ 126.91181903372437, 37.614462764235775 ], [ 126.911726205687813, 37.614518194063336 ], [ 126.911805958134394, 37.61459907269775 ], [ 126.911812180502565, 37.614604933803122 ] ] ] } },
{ "type": "Feature", "properties": { "PNU": 1.13801040010509e+18, "피해위치(": "서울특별시 은평구 갈현동 509-9 1층", "피해일시": "20250813 - 1200", "F_SHIM": 0.0, "F_AREA": 155.7255266, "F_AVR_HGT": 29.090202, "ADM_CD": 1138010400, "F_YR": "2025", "F_ZONE_NM": "서울특별시 은평구 갈현동 509-9 1층", "TYPE": "주택", "TYPE2": "재난지원금" }, "geometry": { "type": "Polygon", "coordinates": [ [ [ 126.911774002720733, 37.61498899289144 ], [ 126.911886670175534, 37.614918621819825 ], [ 126.911801488831799, 37.614830981761116 ], [ 126.911688481317157, 37.614901622787862 ], [ 126.911774002720733, 37.61498899289144 ] ] ] } },
{ "type": "Feature", "properties": { "PNU": 1.13801040010491e+18, "피해위치(": "서울특별시 은평구 갈현동 491-12 지하", "피해일시": "20250813 - 1200", "F_SHIM": 0.0, "F_AREA": 114.9439817, "F_AVR_HGT": 24.3741127, "ADM_CD": 1138010400, "F_YR": "2025", "F_ZONE_NM": "서울특별시 은평구 갈현동 491-12 지하", "TYPE": "주택", "TYPE2": "재난지원금" }, "geometry": { "type": "Polygon", "coordinates": [ [ [ 126.913755328516729, 37.614294204984475 ], [ 126.913751373049948, 37.614286813999577 ], [ 126.913699828408298, 37.614199560703845 ], [ 126.913599999511121, 37.614238318652355 ], [ 126.913652214620839, 37.614333230827754 ], [ 126.913755328516729, 37.614294204984475 ] ] ] } },
{ "type": "Feature", "properties": { "PNU": 1.1380104001049101e+18, "피해위치(": "서울특별시 은평구 갈현동 491-16 지층 1호", "피해일시": "20250813 - 1200", "F_SHIM": 0.0, "F_AREA": 137.5482503, "F_AVR_HGT": 24.3741127, "ADM_CD": 1138010400, "F_YR": "2025", "F_ZONE_NM": "서울특별시 은평구 갈현동 491-16 지층 1호", "TYPE": "주택", "TYPE2": "재난지원금" }, "geometry": { "type": "Polygon", "coordinates": [ [ [ 126.913683213123349, 37.614170536753548 ], [ 126.9137077884793, 37.614172537199785 ], [ 126.913794926160463, 37.614138725121578 ], [ 126.913733551370143, 37.614031462754419 ], [ 126.913663073233053, 37.614056727872466 ], [ 126.913625680860733, 37.614070485038162 ], [ 126.913680385937496, 37.61416684062759 ], [ 126.913683213123349, 37.614170536753548 ] ] ] } },
{ "type": "Feature", "properties": { "PNU": 1.13801040010455e+18, "피해위치(": "서울특별시 은평구 갈현동 455-20 1층", "피해일시": "20250813 - 1200", "F_SHIM": 0.0, "F_AREA": 409.5779087, "F_AVR_HGT": 25.0100647, "ADM_CD": 1138010400, "F_YR": "2025", "F_ZONE_NM": "서울특별시 은평구 갈현동 455-20 1층", "TYPE": "소상공인", "TYPE2": "재난지원금" }, "geometry": { "type": "Polygon", "coordinates": [ [ [ 126.919174864807431, 37.618838422266634 ], [ 126.919286713333449, 37.618790658208333 ], [ 126.919302845143591, 37.618747332298945 ], [ 126.919194512430195, 37.618585620918168 ], [ 126.919053653212288, 37.618646338737484 ], [ 126.919009004500353, 37.618665408309901 ], [ 126.919103662190878, 37.618799270020084 ], [ 126.919135052113518, 37.618786047528467 ], [ 126.919174864807431, 37.618838422266634 ] ] ] } },
{ "type": "Feature", "properties": { "PNU": 1.13801040010498e+18, "피해위치(": "서울특별시 은평구 갈현동 498-2 1층", "피해일시": "20250813 - 1200", "F_SHIM": 0.0, "F_AREA": 218.7969535, "F_AVR_HGT": 27.0931011, "ADM_CD": 1138010400, "F_YR": "2025", "F_ZONE_NM": "서울특별시 은평구 갈현동 498-2 1층", "TYPE": "소상공인", "TYPE2": "재난지원금" }, "geometry": { "type": "Polygon", "coordinates": [ [ [ 126.912318499830448, 37.614098786140644 ], [ 126.912234082605167, 37.613940780349175 ], [ 126.912116922000195, 37.613981506089075 ], [ 126.912113749291763, 37.613982674960752 ], [ 126.912201111746668, 37.614140142477588 ], [ 126.912318499830448, 37.614098786140644 ] ] ] } },
{ "type": "Feature", "properties": { "PNU": 1.1380104001049e+18, "피해위치(": "서울특별시 은평구 갈현동 490-10 B01호", "피해일시": "20250813 - 1200", "F_SHIM": 0.0, "F_AREA": 251.0452276, "F_AVR_HGT": 25.4853931, "ADM_CD": 1138010400, "F_YR": "2025", "F_ZONE_NM": "서울특별시 은평구 갈현동 490-10 B01호", "TYPE": "주택", "TYPE2": "재난지원금" }, "geometry": { "type": "Polygon", "coordinates": [ [ [ 126.913236111050452, 37.614125154094531 ], [ 126.913424426875011, 37.614061054876856 ], [ 126.913359323792619, 37.613946401487183 ], [ 126.913171686168837, 37.614011852581406 ], [ 126.913217687832656, 37.614092704998463 ], [ 126.913236111050452, 37.614125154094531 ] ] ] } },
{ "type": "Feature", "properties": { "PNU": 1.13801040010471e+18, "피해위치(": "서울특별시 은평구 갈현동 471-17 정원쉐르빌(가동)", "피해일시": "20250813 - 1200", "F_SHIM": 0.0, "F_AREA": 260.5925041, "F_AVR_HGT": 22.5748917, "ADM_CD": 1138010400, "F_YR": "2025", "F_ZONE_NM": "서울특별시 은평구 갈현동 471-17 정원쉐르빌(가동)", "TYPE": "주택", "TYPE2": "재난지원금" }, "geometry": { "type": "Polygon", "coordinates": [ [ [ 126.915460319570613, 37.614040834391766 ], [ 126.915626428840852, 37.613981319475606 ], [ 126.915646525238557, 37.613938537504943 ], [ 126.915608885440093, 37.61387237810829 ], [ 126.915599503349597, 37.61385624371885 ], [ 126.915398824903406, 37.613927482168933 ], [ 126.915460319570613, 37.614040834391766 ] ] ] } },
{ "type": "Feature", "properties": { "PNU": 1.13801040010453e+18, "피해위치(": "서울특별시 은평구 갈현동 453-25", "피해일시": "20250813 - 1200", "F_SHIM": 0.0, "F_AREA": 221.6850697, "F_AVR_HGT": 25.6912056, "ADM_CD": 1138010400, "F_YR": "2025", "F_ZONE_NM": "서울특별시 은평구 갈현동 453-25", "TYPE": "소상공인", "TYPE2": "재난지원금" }, "geometry": { "type": "Polygon", "coordinates": [ [ [ 126.918119321220743, 37.618631356543055 ], [ 126.918061199650865, 37.618543469878368 ], [ 126.917927027749471, 37.61859941588672 ], [ 126.917861640642528, 37.618627480135814 ], [ 126.9179208934125, 37.618716538973104 ], [ 126.918119321220743, 37.618631356543055 ] ] ] } },
{ "type": "Feature", "properties": { "PNU": 1.13801040010482e+18, "피해위치(": "서울특별시 은평구 갈현동 482-18 B01호", "피해일시": "20250813 - 1200", "F_SHIM": 0.0, "F_AREA": 210.9424323, "F_AVR_HGT": 24.7653233, "ADM_CD": 1138010400, "F_YR": "2025", "F_ZONE_NM": "서울특별시 은평구 갈현동 482-18 B01호", "TYPE": "주택", "TYPE2": "재난지원금" }, "geometry": { "type": "Polygon", "coordinates": [ [ [ 126.917535596245344, 37.617572020392899 ], [ 126.917709546124456, 37.617495560721643 ], [ 126.917655835709482, 37.617414434326825 ], [ 126.917646110708077, 37.617400282022686 ], [ 126.917471822404494, 37.61747566018424 ], [ 126.917535596245344, 37.617572020392899 ] ] ] } },
{ "type": "Feature", "properties": { "PNU": 1.13801040010456e+18, "피해위치(": "서울특별시 은평구 갈현동 456-5 1층 1호", "피해일시": "20250813 - 1200", "F_SHIM": 0.0, "F_AREA": 288.9850568, "F_AVR_HGT": 25.5187222, "ADM_CD": 1138010400, "F_YR": "2025", "F_ZONE_NM": "서울특별시 은평구 갈현동 456-5 1층 1호", "TYPE": "소상공인", "TYPE2": "재난지원금" }, "geometry": { "type": "Polygon", "coordinates": [ [ [ 126.919784420456963, 37.618578192437951 ], [ 126.919733535349366, 37.61850013229197 ], [ 126.919681628470073, 37.618424323865227 ], [ 126.91967767150706, 37.618417563768901 ], [ 126.91957692927059, 37.618460560717992 ], [ 126.919598300104269, 37.618494092021692 ], [ 126.919543679700666, 37.618517119187629 ], [ 126.919633250092559, 37.61864277802249 ], [ 126.919784420456963, 37.618578192437951 ] ] ] } },
{ "type": "Feature", "properties": { "PNU": 1.13801040010489e+18, "피해위치(": "서울특별시 은평구 갈현동 489-12 102호", "피해일시": "20250813 - 1200", "F_SHIM": 0.0, "F_AREA": 242.1773378, "F_AVR_HGT": 23.018932, "ADM_CD": 1138010400, "F_YR": "2025", "F_ZONE_NM": "서울특별시 은평구 갈현동 489-12 102호", "TYPE": "주택", "TYPE2": "재난지원금" }, "geometry": { "type": "Polygon", "coordinates": [ [ [ 126.913536568684378, 37.613665247502418 ], [ 126.913445691835676, 37.613508679318514 ], [ 126.913357086178053, 37.613539246514577 ], [ 126.913315727132016, 37.613555343170674 ], [ 126.913405810940887, 37.613711910861198 ], [ 126.913536568684378, 37.613665247502418 ] ] ] } },
{ "type": "Feature", "properties": { "PNU": 1.13801040010482e+18, "피해위치(": "서울특별시 은평구 갈현동 482-16 B01호", "피해일시": "20250813 - 1200", "F_SHIM": 0.0, "F_AREA": 212.4414478, "F_AVR_HGT": 24.7653233, "ADM_CD": 1138010400, "F_YR": "2025", "F_ZONE_NM": "서울특별시 은평구 갈현동 482-16 B01호", "TYPE": "주택", "TYPE2": "재난지원금" }, "geometry": { "type": "Polygon", "coordinates": [ [ [ 126.917646110708077, 37.617400282022686 ], [ 126.917585841432569, 37.617309870834475 ], [ 126.917582336465657, 37.617304282262822 ], [ 126.917406689839268, 37.617379028677085 ], [ 126.917471822404494, 37.61747566018424 ], [ 126.917646110708077, 37.617400282022686 ] ] ] } },
{ "type": "Feature", "properties": { "PNU": 1.13801040010461e+18, "피해위치(": "서울특별시 은평구 갈현동 461-22", "피해일시": "20250813 - 1200", "F_SHIM": 0.0, "F_AREA": 165.0607345, "F_AVR_HGT": 22.9523846, "ADM_CD": 1138010400, "F_YR": "2025", "F_ZONE_NM": "서울특별시 은평구 갈현동 461-22", "TYPE": "주택", "TYPE2": "재난지원금" }, "geometry": { "type": "Polygon", "coordinates": [ [ [ 126.918030513445842, 37.616205043532553 ], [ 126.918133291577291, 37.616162680010888 ], [ 126.918114520603126, 37.616135006640768 ], [ 126.918058547656941, 37.616051896654241 ], [ 126.917938090241833, 37.616103347496356 ], [ 126.918003786792852, 37.6162016909934 ], [ 126.918022823661261, 37.616194136226618 ], [ 126.918030513445842, 37.616205043532553 ] ] ] } },
{ "type": "Feature", "properties": { "PNU": 1.1380104001011e+18, "피해위치(": "서울특별시 은평구 갈현동 110-22 1층", "피해일시": "20250813 - 1200", "F_SHIM": 0.0, "F_AREA": 268.529263, "F_AVR_HGT": 27.1495186, "ADM_CD": 1138010400, "F_YR": "2025", "F_ZONE_NM": "서울특별시 은평구 갈현동 110-22 1층", "TYPE": "소상공인", "TYPE2": "재난지원금" }, "geometry": { "type": "Polygon", "coordinates": [ [ [ 126.916318503880632, 37.618503932902598 ], [ 126.916355488504507, 37.618551261062123 ], [ 126.916373482686609, 37.618564788750206 ], [ 126.916404972806589, 37.618563369898013 ], [ 126.916456749990544, 37.618551334095201 ], [ 126.916477375006494, 37.618542339157436 ], [ 126.916492812677618, 37.618513158520983 ], [ 126.916475400238838, 37.61838664834454 ], [ 126.916474041232476, 37.618386467169117 ], [ 126.916301633296342, 37.61839913671632 ], [ 126.916302866078965, 37.618410670154041 ], [ 126.916305320026439, 37.618443918098002 ], [ 126.916307558339341, 37.618467615495184 ], [ 126.916318503880632, 37.618503932902598 ] ] ] } },
{ "type": "Feature", "properties": { "PNU": 1.13801040010517e+18, "피해위치(": "서울특별시 은평구 갈현동 517-19 지하 우측", "피해일시": "20250813 - 1200", "F_SHIM": 0.0, "F_AREA": 176.9956552, "F_AVR_HGT": 39.4024101, "ADM_CD": 1138010400, "F_YR": "2025", "F_ZONE_NM": "서울특별시 은평구 갈현동 517-19 지하 우측", "TYPE": "주택", "TYPE2": "재난지원금" }, "geometry": { "type": "Polygon", "coordinates": [ [ [ 126.912449379058671, 37.618509455183542 ], [ 126.912467200746789, 37.618496062047434 ], [ 126.912381471040263, 37.618417846297866 ], [ 126.912459858368095, 37.618365306253494 ], [ 126.912392086686253, 37.618301916176542 ], [ 126.912358708709263, 37.618271798222416 ], [ 126.912266094789459, 37.618333985949945 ], [ 126.912263033227219, 37.618336776673196 ], [ 126.912449379058671, 37.618509455183542 ] ] ] } },
{ "type": "Feature", "properties": { "PNU": 1.13801040010517e+18, "피해위치(": "서울특별시 은평구 갈현동 517-48 선일빌라 지층", "피해일시": "20250813 - 1200", "F_SHIM": 0.0, "F_AREA": 101.1398633, "F_AVR_HGT": 39.4024101, "ADM_CD": 1138010400, "F_YR": "2025", "F_ZONE_NM": "서울특별시 은평구 갈현동 517-48 선일빌라 지층", "TYPE": "주택", "TYPE2": "재난지원금" }, "geometry": { "type": "Polygon", "coordinates": [ [ [ 126.912467200746789, 37.618496062047434 ], [ 126.912540641454413, 37.618440869335352 ], [ 126.912459858368095, 37.618365306253494 ], [ 126.912381471040263, 37.618417846297866 ], [ 126.912467200746789, 37.618496062047434 ] ] ] } },
{ "type": "Feature", "properties": { "PNU": 1.13801040010469e+18, "피해위치(": "서울특별시 은평구 갈현동 469-3 B01호", "피해일시": "20250813 - 1200", "F_SHIM": 0.0, "F_AREA": 241.9592558, "F_AVR_HGT": 21.8337627, "ADM_CD": 1138010400, "F_YR": "2025", "F_ZONE_NM": "서울특별시 은평구 갈현동 469-3 B01호", "TYPE": "주택", "TYPE2": "재난지원금" }, "geometry": { "type": "Polygon", "coordinates": [ [ [ 126.915123665288178, 37.613098261389993 ], [ 126.915034254308779, 37.61294502911592 ], [ 126.914902026073364, 37.612991963356073 ], [ 126.914914232600381, 37.613013956253006 ], [ 126.914989057444487, 37.613146004867211 ], [ 126.915123665288178, 37.613098261389993 ] ] ] } },
{ "type": "Feature", "properties": { "PNU": 1.13801040010518e+18, "피해위치(": "서울특별시 은평구 갈현동 518-13 지층 나호", "피해일시": "20250813 - 1200", "F_SHIM": 0.0, "F_AREA": 129.1497323, "F_AVR_HGT": 45.9717728, "ADM_CD": 1138010400, "F_YR": "2025", "F_ZONE_NM": "서울특별시 은평구 갈현동 518-13 지층 나호", "TYPE": "주택", "TYPE2": "재난지원금" }, "geometry": { "type": "Polygon", "coordinates": [ [ [ 126.91127714479282, 37.618248721903157 ], [ 126.911218087959924, 37.618191824873158 ], [ 126.911200326132857, 37.618174332263308 ], [ 126.911095242138913, 37.618244618350381 ], [ 126.911172287628276, 37.618318737937301 ], [ 126.91127714479282, 37.618248721903157 ] ] ] } },
{ "type": "Feature", "properties": { "PNU": 1.13801040010512e+18, "피해위치(": "서울특별시 은평구 갈현동 512-13 B01호", "피해일시": "20250813 - 1200", "F_SHIM": 0.0, "F_AREA": 152.285568, "F_AVR_HGT": 28.8299423, "ADM_CD": 1138010400, "F_YR": "2025", "F_ZONE_NM": "서울특별시 은평구 갈현동 512-13 B01호", "TYPE": "주택", "TYPE2": "재난지원금" }, "geometry": { "type": "Polygon", "coordinates": [ [ [ 126.91349115497961, 37.617121105379155 ], [ 126.913515524732162, 37.617106167279047 ], [ 126.913614589893598, 37.617045965519175 ], [ 126.913604294923616, 37.61703559657488 ], [ 126.913580605866457, 37.61704963422028 ], [ 126.91349768212342, 37.616964790137082 ], [ 126.91339861633783, 37.617025532387487 ], [ 126.913476674603743, 37.617106138301502 ], [ 126.91349115497961, 37.617121105379155 ] ] ] } },
{ "type": "Feature", "properties": { "PNU": 1.13801040010481e+18, "피해위치(": "서울특별시 은평구 갈현동 481-6 지층", "피해일시": "20250813 - 1200", "F_SHIM": 0.0, "F_AREA": 192.5006756, "F_AVR_HGT": 23.7055107, "ADM_CD": 1138010400, "F_YR": "2025", "F_ZONE_NM": "서울특별시 은평구 갈현동 481-6 지층", "TYPE": "소상공인", "TYPE2": "재난지원금" }, "geometry": { "type": "Polygon", "coordinates": [ [ [ 126.918163791324503, 37.617047554567002 ], [ 126.918101374694118, 37.616952637217175 ], [ 126.917940570935045, 37.617024061294238 ], [ 126.917997108285505, 37.617109424173918 ], [ 126.918003214858743, 37.617118168006314 ], [ 126.918023159396313, 37.617109442608495 ], [ 126.918163791324503, 37.617047554567002 ] ] ] } },
{ "type": "Feature", "properties": { "PNU": 1.13801040010136e+18, "피해위치(": "서울특별시 은평구 갈현동 136-11 가동 B02호", "피해일시": "20250813 - 1200", "F_SHIM": 0.0, "F_AREA": 155.342439, "F_AVR_HGT": 27.5223995, "ADM_CD": 1138010400, "F_YR": "2025", "F_ZONE_NM": "서울특별시 은평구 갈현동 136-11 가동 B02호", "TYPE": "주택", "TYPE2": "재난지원금" }, "geometry": { "type": "Polygon", "coordinates": [ [ [ 126.916227025442794, 37.617078876273538 ], [ 126.916224538435486, 37.617074639867816 ], [ 126.916171603273099, 37.616990774372304 ], [ 126.916074418609909, 37.617012994304737 ], [ 126.916001116299384, 37.61702996973986 ], [ 126.916065735631548, 37.61710804145816 ], [ 126.916227025442794, 37.617078876273538 ] ] ] } },
{ "type": "Feature", "properties": { "PNU": 1.13801040010513e+18, "피해위치(": "서울특별시 은평구 갈현동 513-16 지층 2호", "피해일시": "20250813 - 1200", "F_SHIM": 0.0, "F_AREA": 167.4899949, "F_AVR_HGT": 30.6068913, "ADM_CD": 1138010400, "F_YR": "2025", "F_ZONE_NM": "서울특별시 은평구 갈현동 513-16 지층 2호", "TYPE": "주택", "TYPE2": "재난지원금" }, "geometry": { "type": "Polygon", "coordinates": [ [ [ 126.913262075152986, 37.616977137799175 ], [ 126.913181642731203, 37.616893106238678 ], [ 126.913050956083566, 37.616970402564775 ], [ 126.913134787475613, 37.617053535778432 ], [ 126.913262075152986, 37.616977137799175 ] ] ] } },
{ "type": "Feature", "properties": { "PNU": 1.13801040010512e+18, "피해위치(": "서울특별시 은평구 갈현동 512-19 B02호", "피해일시": "20250813 - 1200", "F_SHIM": 0.0, "F_AREA": 190.2136723, "F_AVR_HGT": 28.8299423, "ADM_CD": 1138010400, "F_YR": "2025", "F_ZONE_NM": "서울특별시 은평구 갈현동 512-19 B02호", "TYPE": "주택", "TYPE2": "재난지원금" }, "geometry": { "type": "Polygon", "coordinates": [ [ [ 126.91339861633783, 37.617025532387487 ], [ 126.91349768212342, 37.616964790137082 ], [ 126.913580605866457, 37.61704963422028 ], [ 126.913604294923616, 37.61703559657488 ], [ 126.913682278656538, 37.616987181894807 ], [ 126.913579556876144, 37.616882411462058 ], [ 126.913479469646802, 37.616945045079106 ], [ 126.913483315679258, 37.616949282556533 ], [ 126.913383682830542, 37.617010655057889 ], [ 126.91339861633783, 37.617025532387487 ] ] ] } },
{ "type": "Feature", "properties": { "PNU": 1.13801070010098e+18, "피해위치(": "서울특별시 은평구 응암동 98-5 지층 나호", "피해일시": "20250813 - 1200", "F_SHIM": 0.0, "F_AREA": 168.8602452, "F_AVR_HGT": 25.3620926, "ADM_CD": 1138010700, "F_YR": "2025", "F_ZONE_NM": "서울특별시 은평구 응암동 98-5 지층 나호", "TYPE": "주택", "TYPE2": "재난지원금" }, "geometry": { "type": "Polygon", "coordinates": [ [ [ 126.924962086207358, 37.60060816159482 ], [ 126.924993098364808, 37.600513037893663 ], [ 126.925132806169302, 37.600543491521201 ], [ 126.925139279856708, 37.600524935459269 ], [ 126.924985643499355, 37.600494472808585 ], [ 126.924876048942366, 37.600472688002135 ], [ 126.924851863170929, 37.6005365519949 ], [ 126.924837208901366, 37.600581591628703 ], [ 126.924962086207358, 37.60060816159482 ] ] ] } },
{ "type": "Feature", "properties": { "PNU": 1.13801060010033e+18, "피해위치(": "서울특별시 은평구 대조동 33-17 지하1층", "피해일시": "20250813 - 1200", "F_SHIM": 0.0, "F_AREA": 89.8881844, "F_AVR_HGT": 23.9088245, "ADM_CD": 1138010600, "F_YR": "2025", "F_ZONE_NM": "서울특별시 은평구 대조동 33-17 지하1층", "TYPE": "주택", "TYPE2": "재난지원금" }, "geometry": { "type": "Polygon", "coordinates": [ [ [ 126.925109862250352, 37.609358328034212 ], [ 126.925175720819126, 37.609301608805652 ], [ 126.925164065892986, 37.609291600368749 ], [ 126.925097523690411, 37.609241642911741 ], [ 126.925090394141051, 37.609236322502703 ], [ 126.925038457949057, 37.609300709051844 ], [ 126.92502870436816, 37.609314127358552 ], [ 126.925109862250352, 37.609358328034212 ] ] ] } },
{ "type": "Feature", "properties": { "PNU": 1.1380106001001503e+18, "피해위치(": "서울특별시 은평구 대조동 15-222   지하1층 한우의진수", "피해일시": "20250813 - 1200", "F_SHIM": 0.0, "F_AREA": 69.0560986, "F_AVR_HGT": 25.5261436, "ADM_CD": 1138010600, "F_YR": "2025", "F_ZONE_NM": "서울특별시 은평구 대조동 15-222   지하1층 한우의진수", "TYPE": "소상공인", "TYPE2": "재난지원금" }, "geometry": { "type": "Polygon", "coordinates": [ [ [ 126.927708084563335, 37.609101381800158 ], [ 126.927728926070571, 37.609098511691059 ], [ 126.927741137618369, 37.60909567222307 ], [ 126.927706132184724, 37.609014165543002 ], [ 126.927686532302374, 37.609021271039239 ], [ 126.927623092832022, 37.609038953646859 ], [ 126.927658197484931, 37.60911166683119 ], [ 126.927708084563335, 37.609101381800158 ] ] ] } },
{ "type": "Feature", "properties": { "PNU": 1.1380106001001403e+18, "피해위치(": "서울특별시 은평구 대조동 14-344 지층", "피해일시": "20250813 - 1200", "F_SHIM": 0.0, "F_AREA": 99.1328349, "F_AVR_HGT": 25.5261436, "ADM_CD": 1138010600, "F_YR": "2025", "F_ZONE_NM": "서울특별시 은평구 대조동 14-344 지층", "TYPE": "주택", "TYPE2": "재난지원금" }, "geometry": { "type": "Polygon", "coordinates": [ [ [ 126.927744546610285, 37.609107080783275 ], [ 126.927842011663074, 37.609073697224744 ], [ 126.92779662047495, 37.608981029932643 ], [ 126.927788157119835, 37.608984394317545 ], [ 126.927706132184724, 37.609014165543002 ], [ 126.927741137618369, 37.60909567222307 ], [ 126.927728926070571, 37.609098511691059 ], [ 126.927744546610285, 37.609107080783275 ] ] ] } },
{ "type": "Feature", "properties": { "PNU": 1.13801060010031e+18, "피해위치(": "서울특별시 은평구 대조동 31-4 B01호", "피해일시": "20250813 - 1200", "F_SHIM": 0.0, "F_AREA": 311.3108138, "F_AVR_HGT": 25.7172619, "ADM_CD": 1138010600, "F_YR": "2025", "F_ZONE_NM": "서울특별시 은평구 대조동 31-4 B01호", "TYPE": "주택", "TYPE2": "재난지원금" }, "geometry": { "type": "Polygon", "coordinates": [ [ [ 126.926091929893516, 37.610214081451815 ], [ 126.926169700626659, 37.610137187301554 ], [ 126.926159541388728, 37.610103754397414 ], [ 126.926025760558076, 37.610017895448379 ], [ 126.925899024472827, 37.610133410252281 ], [ 126.926024307940352, 37.610222507441748 ], [ 126.926091929893516, 37.610214081451815 ] ] ] } },
{ "type": "Feature", "properties": { "PNU": 1.1380106001017201e+18, "피해위치(": "서울특별시 은평구 대조동 172-64 지층우측", "피해일시": "20250813 - 1200", "F_SHIM": 0.0, "F_AREA": 172.2073861, "F_AVR_HGT": 28.5548168, "ADM_CD": 1138010600, "F_YR": "2025", "F_ZONE_NM": "서울특별시 은평구 대조동 172-64 지층우측", "TYPE": "주택", "TYPE2": "재난지원금" }, "geometry": { "type": "Polygon", "coordinates": [ [ [ 126.920890011361422, 37.609783036365393 ], [ 126.920892618259529, 37.609781146084956 ], [ 126.920998727806449, 37.60968544417895 ], [ 126.920925763167347, 37.609607099070338 ], [ 126.920897205376718, 37.609623477431583 ], [ 126.920799859421038, 37.60967936185294 ], [ 126.92082915728119, 37.60971181722644 ], [ 126.920890011361422, 37.609783036365393 ] ] ] } },
{ "type": "Feature", "properties": { "PNU": 1.1380106001008401e+18, "피해위치(": "서울특별시 은평구 대조동 84-95 지층 좌측(B101호)", "피해일시": "20250813 - 1200", "F_SHIM": 0.0, "F_AREA": 172.1146716, "F_AVR_HGT": 31.9733387, "ADM_CD": 1138010600, "F_YR": "2025", "F_ZONE_NM": "서울특별시 은평구 대조동 84-95 지층 좌측(B101호)", "TYPE": "주택", "TYPE2": "재난지원금" }, "geometry": { "type": "Polygon", "coordinates": [ [ [ 126.926114476167839, 37.612920463738241 ], [ 126.926188393366459, 37.612792895968077 ], [ 126.92617385697838, 37.61278685011451 ], [ 126.926182219593088, 37.612771574812058 ], [ 126.926117235042767, 37.612745585052245 ], [ 126.926012257733674, 37.612843814983002 ], [ 126.925991761235608, 37.612862812570597 ], [ 126.926114476167839, 37.612920463738241 ] ] ] } },
{ "type": "Feature", "properties": { "PNU": 1.1380106001017101e+18, "피해위치(": "서울특별시 은평구 대조동 171-22 지하 102호", "피해일시": "20250813 - 1200", "F_SHIM": 0.0, "F_AREA": 142.2312244, "F_AVR_HGT": 26.1604992, "ADM_CD": 1138010600, "F_YR": "2025", "F_ZONE_NM": "서울특별시 은평구 대조동 171-22 지하 102호", "TYPE": "주택", "TYPE2": "재난지원금" }, "geometry": { "type": "Polygon", "coordinates": [ [ [ 126.921256104000392, 37.611630297954491 ], [ 126.921250677459412, 37.611515779533697 ], [ 126.921121672922069, 37.611519926335042 ], [ 126.921124316903814, 37.611588853209931 ], [ 126.92112551938375, 37.611629127895341 ], [ 126.921256104000392, 37.611630297954491 ] ] ] } },
{ "type": "Feature", "properties": { "PNU": 1.13801060010079e+18, "피해위치(": "서울특별시 은평구 대조동 79-3 지층", "피해일시": "20250813 - 1200", "F_SHIM": 0.0, "F_AREA": 380.7304143, "F_AVR_HGT": 25.0534912, "ADM_CD": 1138010600, "F_YR": "2025", "F_ZONE_NM": "서울특별시 은평구 대조동 79-3 지층", "TYPE": "주택", "TYPE2": "재난지원금" }, "geometry": { "type": "Polygon", "coordinates": [ [ [ 126.926871065631744, 37.610615063136486 ], [ 126.926866990131217, 37.610613348693711 ], [ 126.926972028373143, 37.61044979683907 ], [ 126.926801533452263, 37.610381664914527 ], [ 126.926709423146676, 37.610528196263445 ], [ 126.926716213347845, 37.610533336162213 ], [ 126.926699425052419, 37.610559724279497 ], [ 126.926731005194213, 37.610577944122973 ], [ 126.926849405746879, 37.610643069960098 ], [ 126.926871065631744, 37.610615063136486 ] ] ] } },
{ "type": "Feature", "properties": { "PNU": 1.1380106001017101e+18, "피해위치(": "서울특별시 은평구 대조동 171-65 101호", "피해일시": "20250813 - 1200", "F_SHIM": 0.0, "F_AREA": 163.2455281, "F_AVR_HGT": 26.8740936, "ADM_CD": 1138010600, "F_YR": "2025", "F_ZONE_NM": "서울특별시 은평구 대조동 171-65 101호", "TYPE": "주택", "TYPE2": "재난지원금" }, "geometry": { "type": "Polygon", "coordinates": [ [ [ 126.921536107025062, 37.611284511202108 ], [ 126.921536798047924, 37.611273789991742 ], [ 126.921541368500471, 37.611183388614506 ], [ 126.921526814683631, 37.611183685084598 ], [ 126.921507674008026, 37.611183942404061 ], [ 126.921383090646813, 37.611184758857725 ], [ 126.921374936162721, 37.611184753320465 ], [ 126.921373651666471, 37.611220791704646 ], [ 126.921371883686405, 37.611285210674417 ], [ 126.921507566002958, 37.61128476215039 ], [ 126.921536107025062, 37.611284511202108 ] ] ] } },
{ "type": "Feature", "properties": { "PNU": 1.13801070010583e+18, "피해위치(": "서울특별시 은평구 응암동 583-11 B01호", "피해일시": "20250813 - 1200", "F_SHIM": 0.0, "F_AREA": 128.0474563, "F_AVR_HGT": 14.9423452, "ADM_CD": 1138010700, "F_YR": "2025", "F_ZONE_NM": "서울특별시 은평구 응암동 583-11 B01호", "TYPE": "주택", "TYPE2": "재난지원금" }, "geometry": { "type": "Polygon", "coordinates": [ [ [ 126.916521867050861, 37.592284864634806 ], [ 126.916522665077778, 37.592280089992705 ], [ 126.916528775995857, 37.59218350887577 ], [ 126.916383365702231, 37.592205928696607 ], [ 126.916407712642851, 37.592302802066051 ], [ 126.916521867050861, 37.592284864634806 ] ] ] } },
{ "type": "Feature", "properties": { "PNU": 1.13801070010583e+18, "피해위치(": "서울특별시 은평구 응암동 583-19", "피해일시": "20250822 - 2110", "F_SHIM": 0.0, "F_AREA": 102.4057266, "F_AVR_HGT": 14.6502949, "ADM_CD": 1138010700, "F_YR": "2025", "F_ZONE_NM": "서울특별시 은평구 응암동 583-19", "TYPE": "주택", "TYPE2": "재난지원금" }, "geometry": { "type": "Polygon", "coordinates": [ [ [ 126.916109420975985, 37.592246275091036 ], [ 126.916088459020926, 37.592160125822545 ], [ 126.916084626266482, 37.592145256807427 ], [ 126.915998209911081, 37.592165736672058 ], [ 126.915965243489879, 37.592081741044986 ], [ 126.915942481100657, 37.592084877990068 ], [ 126.915984958124525, 37.592169331007547 ], [ 126.916039206011703, 37.592258117257721 ], [ 126.916048379130018, 37.592256682325292 ], [ 126.916109420975985, 37.592246275091036 ] ] ] } },
{ "type": "Feature", "properties": { "PNU": 1.13801070010583e+18, "피해위치(": "서울특별시 은평구 응암동 583-58", "피해일시": "20250824 - 0937", "F_SHIM": 0.0, "F_AREA": 193.8225249, "F_AVR_HGT": 14.6502949, "ADM_CD": 1138010700, "F_YR": "2025", "F_ZONE_NM": "서울특별시 은평구 응암동 583-58", "TYPE": "주택", "TYPE2": "재난지원금" }, "geometry": { "type": "Polygon", "coordinates": [ [ [ 126.915839132407939, 37.592257701907464 ], [ 126.915866538751544, 37.592253216875861 ], [ 126.915987262704249, 37.592233302562889 ], [ 126.9159085073033, 37.592089628571834 ], [ 126.915866719133263, 37.592095815048644 ], [ 126.915804999663166, 37.592104780090743 ], [ 126.915839132407939, 37.592257701907464 ] ] ] } },
{ "type": "Feature", "properties": { "PNU": 1.1380107001057801e+18, "피해위치(": "서울특별시 은평구 응암동 578-45 B01", "피해일시": "20250822 - 1700", "F_SHIM": 0.0, "F_AREA": 219.2096412, "F_AVR_HGT": 14.9423452, "ADM_CD": 1138010700, "F_YR": "2025", "F_ZONE_NM": "서울특별시 은평구 응암동 578-45 B01", "TYPE": "주택", "TYPE2": "재난지원금" }, "geometry": { "type": "Polygon", "coordinates": [ [ [ 126.917071111527974, 37.592207053415031 ], [ 126.917046785447894, 37.592090989229234 ], [ 126.91695154682391, 37.592103354619503 ], [ 126.916859591264753, 37.59211617277969 ], [ 126.916884935807971, 37.592232508028964 ], [ 126.917071111527974, 37.592207053415031 ] ] ] } },
{ "type": "Feature", "properties": { "PNU": 1.13801070010583e+18, "피해위치(": "서울특별시 은평구 응암동 583-4 지하2호", "피해일시": "20250813 - 1200", "F_SHIM": 0.0, "F_AREA": 157.6140296, "F_AVR_HGT": 14.9423452, "ADM_CD": 1138010700, "F_YR": "2025", "F_ZONE_NM": "서울특별시 은평구 응암동 583-4 지하2호", "TYPE": "주택", "TYPE2": "재난지원금" }, "geometry": { "type": "Polygon", "coordinates": [ [ [ 126.916383365702231, 37.592205928696607 ], [ 126.916528775995857, 37.59218350887577 ], [ 126.916633417106382, 37.592167276356278 ], [ 126.91662756159414, 37.592138801040996 ], [ 126.916497325182263, 37.592160150732994 ], [ 126.916483470524753, 37.592096531260239 ], [ 126.916352557756156, 37.5921152674509 ], [ 126.916353231989731, 37.59211977285895 ], [ 126.916373965832761, 37.592207633786806 ], [ 126.916383365702231, 37.592205928696607 ] ] ] } },
{ "type": "Feature", "properties": { "PNU": 1.1380107001057801e+18, "피해위치(": "서울특별시 은평구 응암동 578-46 지하2호", "피해일시": "20250822 - 1629", "F_SHIM": 0.0, "F_AREA": 172.4343192, "F_AVR_HGT": 14.9423452, "ADM_CD": 1138010700, "F_YR": "2025", "F_ZONE_NM": "서울특별시 은평구 응암동 578-46 지하2호", "TYPE": "주택", "TYPE2": "재난지원금" }, "geometry": { "type": "Polygon", "coordinates": [ [ [ 126.917228183179745, 37.59218545196056 ], [ 126.917199655950441, 37.592079565928572 ], [ 126.917076905969211, 37.592089298910111 ], [ 126.917046785447894, 37.592090989229234 ], [ 126.917071111527974, 37.592207053415031 ], [ 126.917228183179745, 37.59218545196056 ] ] ] } },
{ "type": "Feature", "properties": { "PNU": 1.13801070010583e+18, "피해위치(": "서울특별시 은평구 응암동 583-17 1층", "피해일시": "20250813 - 1200", "F_SHIM": 0.0, "F_AREA": 105.1342274, "F_AVR_HGT": 14.6502949, "ADM_CD": 1138010700, "F_YR": "2025", "F_ZONE_NM": "서울특별시 은평구 응암동 583-17 1층", "TYPE": "소상공인", "TYPE2": "재난지원금" }, "geometry": { "type": "Polygon", "coordinates": [ [ [ 126.916088459020926, 37.592160125822545 ], [ 126.916196948294754, 37.592145338049868 ], [ 126.916175091453297, 37.592049547616099 ], [ 126.916065468388766, 37.592065776123142 ], [ 126.916084626266482, 37.592145256807427 ], [ 126.916088459020926, 37.592160125822545 ] ] ] } },
{ "type": "Feature", "properties": { "PNU": 1.13801070010583e+18, "피해위치(": "서울특별시 은평구 응암동 583-5 지층", "피해일시": "20250813 - 1200", "F_SHIM": 0.0, "F_AREA": 97.1167274, "F_AVR_HGT": 14.9423452, "ADM_CD": 1138010700, "F_YR": "2025", "F_ZONE_NM": "서울특별시 은평구 응암동 583-5 지층", "TYPE": "주택", "TYPE2": "재난지원금" }, "geometry": { "type": "Polygon", "coordinates": [ [ [ 126.916483470524753, 37.592096531260239 ], [ 126.916497325182263, 37.592160150732994 ], [ 126.91662756159414, 37.592138801040996 ], [ 126.916611452203071, 37.592066440413426 ], [ 126.916480765564486, 37.59208553730285 ], [ 126.916483470524753, 37.592096531260239 ] ] ] } },
{ "type": "Feature", "properties": { "PNU": 1.13801070010583e+18, "피해위치(": "서울특별시 은평구 응암동 583-7 101호", "피해일시": "20250813 - 1200", "F_SHIM": 0.0, "F_AREA": 119.1250109, "F_AVR_HGT": 14.9423452, "ADM_CD": 1138010700, "F_YR": "2025", "F_ZONE_NM": "서울특별시 은평구 응암동 583-7 101호", "TYPE": "소상공인", "TYPE2": "재난지원금" }, "geometry": { "type": "Polygon", "coordinates": [ [ [ 126.916352557756156, 37.5921152674509 ], [ 126.916483470524753, 37.592096531260239 ], [ 126.916480765564486, 37.59208553730285 ], [ 126.916461607895769, 37.592005516091326 ], [ 126.916331711968354, 37.592026325255944 ], [ 126.916352557756156, 37.5921152674509 ] ] ] } },
{ "type": "Feature", "properties": { "PNU": 1.13801070010584e+18, "피해위치(": "서울특별시 은평구 응암동 584-53 1층 네이티브바버샵", "피해일시": "20250813 - 1200", "F_SHIM": 0.0, "F_AREA": 185.7894325, "F_AVR_HGT": 14.3371426, "ADM_CD": 1138010700, "F_YR": "2025", "F_ZONE_NM": "서울특별시 은평구 응암동 584-53 1층 네이티브바버샵", "TYPE": "소상공인", "TYPE2": "재난지원금" }, "geometry": { "type": "Polygon", "coordinates": [ [ [ 126.915674597159665, 37.592073421171975 ], [ 126.915652972949843, 37.591972855592928 ], [ 126.915468266285771, 37.592000921896719 ], [ 126.915493627808857, 37.59210058924841 ], [ 126.915674597159665, 37.592073421171975 ] ] ] } },
{ "type": "Feature", "properties": { "PNU": 1.13801070010589e+18, "피해위치(": "서울특별시 은평구 응암동 589-13 지층 입구", "피해일시": "20250813 - 1200", "F_SHIM": 0.0, "F_AREA": 105.3806701, "F_AVR_HGT": 14.3235708, "ADM_CD": 1138010700, "F_YR": "2025", "F_ZONE_NM": "서울특별시 은평구 응암동 589-13 지층 입구", "TYPE": "주택", "TYPE2": "재난지원금" }, "geometry": { "type": "Polygon", "coordinates": [ [ [ 126.915989025767715, 37.590692620490081 ], [ 126.915952092262287, 37.59061285659142 ], [ 126.915868388242586, 37.590639284831362 ], [ 126.915833841843238, 37.590650251770953 ], [ 126.915868294703017, 37.590720913962365 ], [ 126.915872587265085, 37.59072965662687 ], [ 126.915989025767715, 37.590692620490081 ] ] ] } },
{ "type": "Feature", "properties": { "PNU": 1.13801070010584e+18, "피해위치(": "서울특별시 은평구 응암동 584-60 지층 좌", "피해일시": "20250813 - 1200", "F_SHIM": 0.0, "F_AREA": 119.5318508, "F_AVR_HGT": 14.3371426, "ADM_CD": 1138010700, "F_YR": "2025", "F_ZONE_NM": "서울특별시 은평구 응암동 584-60 지층 좌", "TYPE": "주택", "TYPE2": "재난지원금" }, "geometry": { "type": "Polygon", "coordinates": [ [ [ 126.915866780774579, 37.592042026329374 ], [ 126.915895432232318, 37.592037812489636 ], [ 126.915873118045937, 37.591946256293056 ], [ 126.915866917582534, 37.591922646004292 ], [ 126.915863422708156, 37.591909398998439 ], [ 126.915772031686458, 37.59192365829648 ], [ 126.915803928451865, 37.592051531139603 ], [ 126.915866780774579, 37.592042026329374 ] ] ] } },
{ "type": "Feature", "properties": { "PNU": 1.13801070010584e+18, "피해위치(": "서울특별시 은평구 응암동 584-55 지층 좌측", "피해일시": "20250813 - 1200", "F_SHIM": 0.0, "F_AREA": 115.4909776, "F_AVR_HGT": 14.3371426, "ADM_CD": 1138010700, "F_YR": "2025", "F_ZONE_NM": "서울특별시 은평구 응암동 584-55 지층 좌측", "TYPE": "주택", "TYPE2": "재난지원금" }, "geometry": { "type": "Polygon", "coordinates": [ [ [ 126.916018874633039, 37.592016728835638 ], [ 126.915997582400848, 37.591922506488757 ], [ 126.915994071770626, 37.591923008496465 ], [ 126.915994066306453, 37.591927783709515 ], [ 126.915873118045937, 37.591946256293056 ], [ 126.915895432232318, 37.592037812489636 ], [ 126.916019077412159, 37.592017629966854 ], [ 126.916018874633039, 37.592016728835638 ] ] ] } },
{ "type": "Feature", "properties": { "PNU": 1.1380107001057801e+18, "피해위치(": "서울특별시 은평구 응암동 578-56 -", "피해일시": "20250813 - 1200", "F_SHIM": 0.0, "F_AREA": 97.5491646, "F_AVR_HGT": 14.6851545, "ADM_CD": 1138010700, "F_YR": "2025", "F_ZONE_NM": "서울특별시 은평구 응암동 578-56 -", "TYPE": "주택", "TYPE2": "재난지원금" }, "geometry": { "type": "Polygon", "coordinates": [ [ [ 126.916816088514935, 37.592036764851954 ], [ 126.916934544458627, 37.592019370697749 ], [ 126.91691810500555, 37.591938270325755 ], [ 126.916797837239187, 37.591955933458685 ], [ 126.916812936009052, 37.59202099536391 ], [ 126.916816088514935, 37.592036764851954 ] ] ] } },
{ "type": "Feature", "properties": { "PNU": 1.13801070010584e+18, "피해위치(": "서울특별시 은평구 응암동 584-57 B02호", "피해일시": "20250813 - 1200", "F_SHIM": 0.0, "F_AREA": 158.3534081, "F_AVR_HGT": 14.3371426, "ADM_CD": 1138010700, "F_YR": "2025", "F_ZONE_NM": "서울특별시 은평구 응암동 584-57 B02호", "TYPE": "주택", "TYPE2": "재난지원금" }, "geometry": { "type": "Polygon", "coordinates": [ [ [ 126.91631614858639, 37.591971894569284 ], [ 126.916294739312676, 37.591880699498034 ], [ 126.916286285475095, 37.591847176776085 ], [ 126.916159559216524, 37.591868798926505 ], [ 126.916162716105461, 37.591880604104368 ], [ 126.916192707988742, 37.591991536960769 ], [ 126.91631614858639, 37.591971894569284 ] ] ] } },
{ "type": "Feature", "properties": { "PNU": 1.13801070010584e+18, "피해위치(": "서울특별시 은평구 응암동 584-1 지하 좌측", "피해일시": "20250813 - 1200", "F_SHIM": 0.0, "F_AREA": 113.3032872, "F_AVR_HGT": 14.6851545, "ADM_CD": 1138010700, "F_YR": "2025", "F_ZONE_NM": "서울특별시 은평구 응암동 584-1 지하 좌측", "TYPE": "주택", "TYPE2": "재난지원금" }, "geometry": { "type": "Polygon", "coordinates": [ [ [ 126.91658488372974, 37.591931543944249 ], [ 126.916570901066322, 37.591880898561882 ], [ 126.916562331624363, 37.591849357942046 ], [ 126.916428021459723, 37.591868992756552 ], [ 126.916431178391136, 37.591880797927281 ], [ 126.916450232715107, 37.59195207952277 ], [ 126.91658488372974, 37.591931543944249 ] ] ] } },
{ "type": "Feature", "properties": { "PNU": 1.13801070010584e+18, "피해위치(": "서울특별시 은평구 응암동 584-29 지하", "피해일시": "20250813 - 1200", "F_SHIM": 0.0, "F_AREA": 126.5186519, "F_AVR_HGT": 14.3371426, "ADM_CD": 1138010700, "F_YR": "2025", "F_ZONE_NM": "서울특별시 은평구 응암동 584-29 지하", "TYPE": "주택", "TYPE2": "재난지원금" }, "geometry": { "type": "Polygon", "coordinates": [ [ [ 126.915994071770626, 37.591923008496465 ], [ 126.915983363824992, 37.591880474276401 ], [ 126.915971077514357, 37.591831992414413 ], [ 126.915961342022754, 37.591830183389682 ], [ 126.915950134575837, 37.591828373297069 ], [ 126.915867011231015, 37.591840926791676 ], [ 126.915847306071356, 37.591844047917213 ], [ 126.915856662309366, 37.591880382396575 ], [ 126.915863422708156, 37.591909398998439 ], [ 126.915866917582534, 37.591922646004292 ], [ 126.915873118045937, 37.591946256293056 ], [ 126.915994066306453, 37.591927783709515 ], [ 126.915994071770626, 37.591923008496465 ] ] ] } },
{ "type": "Feature", "properties": { "PNU": 1.1380107001058801e+18, "피해위치(": "서울특별시 은평구 응암동 588-3 B02호", "피해일시": "20250813 - 1200", "F_SHIM": 0.0, "F_AREA": 148.7692791, "F_AVR_HGT": 14.0844599, "ADM_CD": 1138010700, "F_YR": "2025", "F_ZONE_NM": "서울특별시 은평구 응암동 588-3 B02호", "TYPE": "주택", "TYPE2": "재난지원금" }, "geometry": { "type": "Polygon", "coordinates": [ [ [ 126.915366671835784, 37.590650992914256 ], [ 126.915449740992813, 37.590586092527332 ], [ 126.915435177449183, 37.590549141541011 ], [ 126.915318366418958, 37.590516440656081 ], [ 126.915265256126276, 37.590621096264577 ], [ 126.915366671835784, 37.590650992914256 ] ] ] } },
{ "type": "Feature", "properties": { "PNU": 1.1380107001058801e+18, "피해위치(": "서울특별시 은평구 응암동 588-4 지층 좌", "피해일시": "20250813 - 1200", "F_SHIM": 0.0, "F_AREA": 140.314183, "F_AVR_HGT": 14.0844599, "ADM_CD": 1138010700, "F_YR": "2025", "F_ZONE_NM": "서울특별시 은평구 응암동 588-4 지층 좌", "TYPE": "주택", "TYPE2": "재난지원금" }, "geometry": { "type": "Polygon", "coordinates": [ [ [ 126.915265256126276, 37.590621096264577 ], [ 126.915318366418958, 37.590516440656081 ], [ 126.91519917879971, 37.590482836932942 ], [ 126.915144372272479, 37.590585509081158 ], [ 126.915207643782352, 37.590604205741926 ], [ 126.915265256126276, 37.590621096264577 ] ] ] } },
{ "type": "Feature", "properties": { "PNU": 1.1380107001012301e+18, "피해위치(": "서울특별시 은평구 응암동 123-47 지츨", "피해일시": "20250822 - 1744", "F_SHIM": 0.0, "F_AREA": 195.0172328, "F_AVR_HGT": 16.607782, "ADM_CD": 1138010700, "F_YR": "2025", "F_ZONE_NM": "서울특별시 은평구 응암동 123-47 지츨", "TYPE": "주택", "TYPE2": "재난지원금" }, "geometry": { "type": "Polygon", "coordinates": [ [ [ 126.916650900919322, 37.595017822398432 ], [ 126.916811381999409, 37.594990547764958 ], [ 126.916841508390675, 37.594984712985756 ], [ 126.916816030253614, 37.594885586477901 ], [ 126.916771182103858, 37.594892852256002 ], [ 126.916625196969235, 37.594918335294139 ], [ 126.916644473595184, 37.594994121901109 ], [ 126.916650900919322, 37.595017822398432 ] ] ] } },
{ "type": "Feature", "properties": { "PNU": 1.1380107001041902e+18, "피해위치(": "서울특별시 은평구 응암동 419-168 지층", "피해일시": "20250813 - 1200", "F_SHIM": 0.0, "F_AREA": 159.6994711, "F_AVR_HGT": 32.7784821, "ADM_CD": 1138010700, "F_YR": "2025", "F_ZONE_NM": "서울특별시 은평구 응암동 419-168 지층", "TYPE": "주택", "TYPE2": "재난지원금" }, "geometry": { "type": "Polygon", "coordinates": [ [ [ 126.920680657342729, 37.59401280131145 ], [ 126.92076154081137, 37.593999801417915 ], [ 126.920723705452119, 37.593910127612091 ], [ 126.920558581167143, 37.593941548913655 ], [ 126.920578981057218, 37.594029138554063 ], [ 126.920680657342729, 37.59401280131145 ] ] ] } },
{ "type": "Feature", "properties": { "PNU": 1.13801070010584e+18, "피해위치(": "서울특별시 은평구 응암동 584-28 지하1층", "피해일시": "20250813 - 1200", "F_SHIM": 0.0, "F_AREA": 125.9143601, "F_AVR_HGT": 14.3371426, "ADM_CD": 1138010700, "F_YR": "2025", "F_ZONE_NM": "서울특별시 은평구 응암동 584-28 지하1층", "TYPE": "주택", "TYPE2": "재난지원금" }, "geometry": { "type": "Polygon", "coordinates": [ [ [ 126.915997582400848, 37.591922506488757 ], [ 126.91613143928744, 37.591903376387648 ], [ 126.916125464274387, 37.591880577161263 ], [ 126.916107311566776, 37.591813260496238 ], [ 126.915971077514357, 37.591831992414413 ], [ 126.915983363824992, 37.591880474276401 ], [ 126.915994071770626, 37.591923008496465 ], [ 126.915997582400848, 37.591922506488757 ] ] ] } },
{ "type": "Feature", "properties": { "PNU": 1.1380107001057701e+18, "피해위치(": "서울특별시 은평구 응암동 577-71 지층", "피해일시": "20250813 - 1200", "F_SHIM": 0.0, "F_AREA": 99.2563299, "F_AVR_HGT": 14.6851545, "ADM_CD": 1138010700, "F_YR": "2025", "F_ZONE_NM": "서울특별시 은평구 응암동 577-71 지층", "TYPE": "주택", "TYPE2": "재난지원금" }, "geometry": { "type": "Polygon", "coordinates": [ [ [ 126.916932549549827, 37.591881158269516 ], [ 126.917012161183365, 37.591869952987089 ], [ 126.916990860240631, 37.59178236205512 ], [ 126.916878859255633, 37.591799220304786 ], [ 126.91689835485893, 37.591881133760999 ], [ 126.916899481931154, 37.591885729589166 ], [ 126.916932549549827, 37.591881158269516 ] ] ] } },
{ "type": "Feature", "properties": { "PNU": 1.13801070010584e+18, "피해위치(": "서울특별시 은평구 응암동 584-2 지층", "피해일시": "20250813 - 1200", "F_SHIM": 0.0, "F_AREA": 113.690508, "F_AVR_HGT": 14.6851545, "ADM_CD": 1138010700, "F_YR": "2025", "F_ZONE_NM": "서울특별시 은평구 응암동 584-2 지층", "TYPE": "주택", "TYPE2": "재난지원금" }, "geometry": { "type": "Polygon", "coordinates": [ [ [ 126.916428021459723, 37.591868992756552 ], [ 126.916562331624363, 37.591849357942046 ], [ 126.916541026707478, 37.591765731257269 ], [ 126.916407168673445, 37.59178617725982 ], [ 126.916408744827194, 37.59179410705871 ], [ 126.916428021459723, 37.591868992756552 ] ] ] } },
{ "type": "Feature", "properties": { "PNU": 1.1380107001057701e+18, "피해위치(": "서울특별시 은평구 응암동 577-75 동명하이츠빌라 b02호", "피해일시": "20250813 - 1200", "F_SHIM": 0.0, "F_AREA": 204.9750816, "F_AVR_HGT": 14.6851545, "ADM_CD": 1138010700, "F_YR": "2025", "F_ZONE_NM": "서울특별시 은평구 응암동 577-75 동명하이츠빌라 b02호", "TYPE": "주택", "TYPE2": "재난지원금" }, "geometry": { "type": "Polygon", "coordinates": [ [ [ 126.917257565973941, 37.591833818751162 ], [ 126.917236152644065, 37.591745236699758 ], [ 126.91721360963426, 37.591654401375351 ], [ 126.917193792348655, 37.591656639681027 ], [ 126.917102403414319, 37.591669548534895 ], [ 126.917124153295632, 37.591760743706928 ], [ 126.917144658948786, 37.591850856802978 ], [ 126.917257565973941, 37.591833818751162 ] ] ] } },
{ "type": "Feature", "properties": { "PNU": 1.13801070010584e+18, "피해위치(": "서울특별시 은평구 응암동 584-31 반지하", "피해일시": "20250823 - 1823", "F_SHIM": 0.0, "F_AREA": 127.9220701, "F_AVR_HGT": 14.3371426, "ADM_CD": 1138010700, "F_YR": "2025", "F_ZONE_NM": "서울특별시 은평구 응암동 584-31 반지하", "TYPE": "주택", "TYPE2": "재난지원금" }, "geometry": { "type": "Polygon", "coordinates": [ [ [ 126.915847306071356, 37.591844047917213 ], [ 126.915867011231015, 37.591840926791676 ], [ 126.915950134575837, 37.591828373297069 ], [ 126.915955805846124, 37.591819727958253 ], [ 126.915965899994475, 37.591804959131167 ], [ 126.9159460683303, 37.591720792815877 ], [ 126.91586713471834, 37.591733169151262 ], [ 126.915823625173786, 37.591739804856431 ], [ 126.915824549298478, 37.591743589661682 ], [ 126.915839307083189, 37.591809011839537 ], [ 126.915847306071356, 37.591844047917213 ] ] ] } },
{ "type": "Feature", "properties": { "PNU": 1.1380107001058801e+18, "피해위치(": "서울특별시 은평구 응암동 588-5", "피해일시": "20250813 - 1103", "F_SHIM": 0.0, "F_AREA": 143.4926445, "F_AVR_HGT": 14.0844599, "ADM_CD": 1138010700, "F_YR": "2025", "F_ZONE_NM": "서울특별시 은평구 응암동 588-5", "TYPE": "주택", "TYPE2": "재난지원금" }, "geometry": { "type": "Polygon", "coordinates": [ [ [ 126.915144372272479, 37.590585509081158 ], [ 126.91519917879971, 37.590482836932942 ], [ 126.915073879727842, 37.590446976152535 ], [ 126.915021564640028, 37.590549109478083 ], [ 126.915144372272479, 37.590585509081158 ] ] ] } },
{ "type": "Feature", "properties": { "PNU": 1.13801070010589e+18, "피해위치(": "서울특별시 은평구 응암동 589-15 지층", "피해일시": "20250813 - 1200", "F_SHIM": 0.0, "F_AREA": 181.3840196, "F_AVR_HGT": 14.3235708, "ADM_CD": 1138010700, "F_YR": "2025", "F_ZONE_NM": "서울특별시 은평구 응암동 589-15 지층", "TYPE": "주택", "TYPE2": "재난지원금" }, "geometry": { "type": "Polygon", "coordinates": [ [ [ 126.915909283910452, 37.590521916211088 ], [ 126.915868622193202, 37.59043512190047 ], [ 126.915846370001177, 37.590388705046678 ], [ 126.915781242057335, 37.590409110109995 ], [ 126.915723815773674, 37.590427448470727 ], [ 126.915744825420944, 37.590471251589172 ], [ 126.915789789167505, 37.590558409460115 ], [ 126.915868508625238, 37.59053423012022 ], [ 126.915909283910452, 37.590521916211088 ] ] ] } },
{ "type": "Feature", "properties": { "PNU": 1.13801070010584e+18, "피해위치(": "서울특별시 은평구 응암동 584-3 지층", "피해일시": "20250813 - 1200", "F_SHIM": 0.0, "F_AREA": 111.2050098, "F_AVR_HGT": 14.6851545, "ADM_CD": 1138010700, "F_YR": "2025", "F_ZONE_NM": "서울특별시 은평구 응암동 584-3 지층", "TYPE": "주택", "TYPE2": "재난지원금" }, "geometry": { "type": "Polygon", "coordinates": [ [ [ 126.916541026707478, 37.591765731257269 ], [ 126.916519153448121, 37.591684086323859 ], [ 126.916386201679785, 37.591704262660279 ], [ 126.916407168673445, 37.59178617725982 ], [ 126.916541026707478, 37.591765731257269 ] ] ] } },
{ "type": "Feature", "properties": { "PNU": 1.13801070010584e+18, "피해위치(": "서울특별시 은평구 응암동 584-33 지층 1302호", "피해일시": "20250822 - 1848", "F_SHIM": 0.0, "F_AREA": 146.713582, "F_AVR_HGT": 14.3371426, "ADM_CD": 1138010700, "F_YR": "2025", "F_ZONE_NM": "서울특별시 은평구 응암동 584-33 지층 1302호", "TYPE": "주택", "TYPE2": "재난지원금" }, "geometry": { "type": "Polygon", "coordinates": [ [ [ 126.9159460683303, 37.591720792815877 ], [ 126.916076981229736, 37.591701426385491 ], [ 126.916070439083541, 37.591679527729397 ], [ 126.915950734782697, 37.591699713164289 ], [ 126.915929201868735, 37.59161806836773 ], [ 126.915939054272854, 37.591616633936155 ], [ 126.9159357864729, 37.591602846505708 ], [ 126.91586724127211, 37.591640187640515 ], [ 126.915844355148693, 37.591652604616392 ], [ 126.91580645713519, 37.591673110537741 ], [ 126.915811811547684, 37.59169393617465 ], [ 126.915823625173786, 37.591739804856431 ], [ 126.91586713471834, 37.591733169151262 ], [ 126.9159460683303, 37.591720792815877 ] ] ] } },
{ "type": "Feature", "properties": { "PNU": 1.13801070010584e+18, "피해위치(": "서울특별시 은평구 응암동 584-22 지층 우측", "피해일시": "20250813 - 1200", "F_SHIM": 0.0, "F_AREA": 155.6837167, "F_AVR_HGT": 14.3371426, "ADM_CD": 1138010700, "F_YR": "2025", "F_ZONE_NM": "서울특별시 은평구 응암동 584-22 지층 우측", "TYPE": "주택", "TYPE2": "재난지원금" }, "geometry": { "type": "Polygon", "coordinates": [ [ [ 126.916234208920784, 37.591641624626348 ], [ 126.91621650332236, 37.591579353811021 ], [ 126.916202005433391, 37.591583577959838 ], [ 126.916089081143781, 37.591615841626563 ], [ 126.916119642139677, 37.591723981866757 ], [ 126.916250217785461, 37.591702452637733 ], [ 126.916234208920784, 37.591641624626348 ] ] ] } },
{ "type": "Feature", "properties": { "PNU": 1.13801070010589e+18, "피해위치(": "서울특별시 은평구 응암동 589-28 지하 1층", "피해일시": "20250813 - 1200", "F_SHIM": 0.0, "F_AREA": 184.7526837, "F_AVR_HGT": 14.3235708, "ADM_CD": 1138010700, "F_YR": "2025", "F_ZONE_NM": "서울특별시 은평구 응암동 589-28 지하 1층", "TYPE": "주택", "TYPE2": "재난지원금" }, "geometry": { "type": "Polygon", "coordinates": [ [ [ 126.915744825420944, 37.590471251589172 ], [ 126.915723815773674, 37.590427448470727 ], [ 126.915700656631131, 37.59038211211174 ], [ 126.915522944441264, 37.59043577155753 ], [ 126.915523038593079, 37.590452349742201 ], [ 126.915552845510931, 37.590525891793696 ], [ 126.915744825420944, 37.590471251589172 ] ] ] } },
{ "type": "Feature", "properties": { "PNU": 1.13801070010367e+18, "피해위치(": "서울특별시 은평구 응암동 367-5 지층 우측", "피해일시": "20250813 - 1200", "F_SHIM": 0.0, "F_AREA": 152.203031, "F_AVR_HGT": 15.8749653, "ADM_CD": 1138010700, "F_YR": "2025", "F_ZONE_NM": "서울특별시 은평구 응암동 367-5 지층 우측", "TYPE": "주택", "TYPE2": "재난지원금" }, "geometry": { "type": "Polygon", "coordinates": [ [ [ 126.918305896402657, 37.591587458452828 ], [ 126.918322299606956, 37.591590515342503 ], [ 126.918383939421261, 37.591540536116312 ], [ 126.918429168453642, 37.59149425736279 ], [ 126.918350723185085, 37.591475371543922 ], [ 126.918270240576106, 37.591455853546954 ], [ 126.918243990620724, 37.59154070776389 ], [ 126.918229031233309, 37.591542589276699 ], [ 126.91822935700587, 37.591565231244935 ], [ 126.918305896402657, 37.591587458452828 ] ] ] } },
{ "type": "Feature", "properties": { "PNU": 1.13801070010584e+18, "피해위치(": "서울특별시 은평구 응암동 584-20 지층 좌", "피해일시": "20250813 - 1100", "F_SHIM": 0.0, "F_AREA": 145.9707338, "F_AVR_HGT": 14.3371426, "ADM_CD": 1138010700, "F_YR": "2025", "F_ZONE_NM": "서울특별시 은평구 응암동 584-20 지층 좌", "TYPE": "주택", "TYPE2": "재난지원금" }, "geometry": { "type": "Polygon", "coordinates": [ [ [ 126.916202005433391, 37.591583577959838 ], [ 126.91621650332236, 37.591579353811021 ], [ 126.916306321193062, 37.591554101022403 ], [ 126.916232422715439, 37.591420882156228 ], [ 126.916141461082361, 37.591456315185923 ], [ 126.916202005433391, 37.591583577959838 ] ] ] } },
{ "type": "Feature", "properties": { "PNU": 1.13801070010584e+18, "피해위치(": "서울특별시 은평구 응암동 584-7 지층 나호", "피해일시": "20250813 - 1200", "F_SHIM": 0.0, "F_AREA": 182.4410472, "F_AVR_HGT": 14.3371426, "ADM_CD": 1138010700, "F_YR": "2025", "F_ZONE_NM": "서울특별시 은평구 응암동 584-7 지층 나호", "TYPE": "주택", "TYPE2": "재난지원금" }, "geometry": { "type": "Polygon", "coordinates": [ [ [ 126.916345169949068, 37.591543677641539 ], [ 126.916329503288694, 37.591480597427307 ], [ 126.916337577306493, 37.591449969783838 ], [ 126.916419289842423, 37.591383265775633 ], [ 126.916439566036232, 37.591375712122478 ], [ 126.916428742739299, 37.591334889726049 ], [ 126.916343789094157, 37.59136438074578 ], [ 126.916223607788112, 37.591406189740809 ], [ 126.916232422715439, 37.591420882156228 ], [ 126.916306321193062, 37.591554101022403 ], [ 126.916345169949068, 37.591543677641539 ] ] ] } },
{ "type": "Feature", "properties": { "PNU": 1.1380107001058801e+18, "피해위치(": "서울특별시 은평구 응암동 588-9 지층", "피해일시": "20250813 - 1200", "F_SHIM": 0.0, "F_AREA": 177.8348186, "F_AVR_HGT": 14.1621948, "ADM_CD": 1138010700, "F_YR": "2025", "F_ZONE_NM": "서울특별시 은평구 응암동 588-9 지층", "TYPE": "주택", "TYPE2": "재난지원금" }, "geometry": { "type": "Polygon", "coordinates": [ [ [ 126.915036670936288, 37.590410368924232 ], [ 126.915172949866204, 37.590448760533256 ], [ 126.915216086991947, 37.590352206533254 ], [ 126.915200125161689, 37.590349672105354 ], [ 126.915178635491941, 37.590329654531203 ], [ 126.91519009890699, 37.590305696725416 ], [ 126.915147995113216, 37.590291880861486 ], [ 126.915082538016122, 37.590303095255948 ], [ 126.915036670936288, 37.590410368924232 ] ] ] } },
{ "type": "Feature", "properties": { "PNU": 1.13801070010589e+18, "피해위치(": "서울특별시 은평구 응암동 589-27 지층101호", "피해일시": "20250813 - 1100", "F_SHIM": 0.0, "F_AREA": 156.9285429, "F_AVR_HGT": 14.5028101, "ADM_CD": 1138010700, "F_YR": "2025", "F_ZONE_NM": "서울특별시 은평구 응암동 589-27 지층101호", "TYPE": "주택", "TYPE2": "재난지원금" }, "geometry": { "type": "Polygon", "coordinates": [ [ [ 126.915700656631131, 37.59038211211174 ], [ 126.915661910950519, 37.590303247785435 ], [ 126.915655922959786, 37.590291981122569 ], [ 126.915526009472089, 37.590330448693209 ], [ 126.915522944441264, 37.59043577155753 ], [ 126.915700656631131, 37.59038211211174 ] ] ] } },
{ "type": "Feature", "properties": { "PNU": 1.13801070010126e+18, "피해위치(": "서울특별시 은평구 응암동 126-17 지하1층", "피해일시": "20250822 - 1719", "F_SHIM": 0.0, "F_AREA": 68.2312784, "F_AVR_HGT": 16.044335, "ADM_CD": 1138010700, "F_YR": "2025", "F_ZONE_NM": "서울특별시 은평구 응암동 126-17 지하1층", "TYPE": "주택", "TYPE2": "재난지원금" }, "geometry": { "type": "Polygon", "coordinates": [ [ [ 126.915863564881832, 37.594848048907224 ], [ 126.915913170175187, 37.594839615645064 ], [ 126.915891410353666, 37.594757610326781 ], [ 126.91586366298435, 37.594762455507848 ], [ 126.915810546930061, 37.594771426790501 ], [ 126.915831513836494, 37.594853611744647 ], [ 126.915863564881832, 37.594848048907224 ] ] ] } },
{ "type": "Feature", "properties": { "PNU": 1.13801070010376e+18, "피해위치(": "서울특별시 은평구 응암동 376-22 지층 좌측", "피해일시": "20250813 - 1200", "F_SHIM": 0.0, "F_AREA": 152.7420823, "F_AVR_HGT": 15.8749653, "ADM_CD": 1138010700, "F_YR": "2025", "F_ZONE_NM": "서울특별시 은평구 응암동 376-22 지층 좌측", "TYPE": "주택", "TYPE2": "재난지원금" }, "geometry": { "type": "Polygon", "coordinates": [ [ [ 126.917960157160238, 37.591415540644725 ], [ 126.918052902949242, 37.591403893463614 ], [ 126.918037633727778, 37.591287835869167 ], [ 126.918037532878984, 37.59127675368903 ], [ 126.917913761152803, 37.591290180856554 ], [ 126.91793535798287, 37.591417775548351 ], [ 126.917960157160238, 37.591415540644725 ] ] ] } },
{ "type": "Feature", "properties": { "PNU": 1.13801070010241e+18, "피해위치(": "서울특별시 은평구 응암동 241-45 지층", "피해일시": "20250813 - 1200", "F_SHIM": 0.0, "F_AREA": 221.6488322, "F_AVR_HGT": 56.3319527, "ADM_CD": 1138010700, "F_YR": "2025", "F_ZONE_NM": "서울특별시 은평구 응암동 241-45 지층", "TYPE": "주택", "TYPE2": "재난지원금" }, "geometry": { "type": "Polygon", "coordinates": [ [ [ 126.922870301497341, 37.593336181916335 ], [ 126.922893967257622, 37.593335476895014 ], [ 126.922862007178779, 37.593255718502689 ], [ 126.922844171350334, 37.593203990123918 ], [ 126.922667720096058, 37.593241533523198 ], [ 126.922695467183345, 37.593343363267081 ], [ 126.922870301497341, 37.593336181916335 ] ] ] } },
{ "type": "Feature", "properties": { "PNU": 1.13801070010126e+18, "피해위치(": "서울특별시 은평구 응암동 126-44 지층", "피해일시": "20250813 - 1200", "F_SHIM": 0.0, "F_AREA": 119.5073607, "F_AVR_HGT": 16.044335, "ADM_CD": 1138010700, "F_YR": "2025", "F_ZONE_NM": "서울특별시 은평구 응암동 126-44 지층", "TYPE": "주택", "TYPE2": "재난지원금" }, "geometry": { "type": "Polygon", "coordinates": [ [ [ 126.915745536452135, 37.594587488749632 ], [ 126.915819151837539, 37.594574568051684 ], [ 126.915800671669643, 37.594496259128356 ], [ 126.915651065438411, 37.594520116562926 ], [ 126.915673506593791, 37.594600140259551 ], [ 126.915745536452135, 37.594587488749632 ] ] ] } },
{ "type": "Feature", "properties": { "PNU": 1.13801070010586e+18, "피해위치(": "서울특별시 은평구 응암동 586-27 대양빌라지하 101호", "피해일시": "20250822 - 1343", "F_SHIM": 0.0, "F_AREA": 218.1162293, "F_AVR_HGT": 14.0844599, "ADM_CD": 1138010700, "F_YR": "2025", "F_ZONE_NM": "서울특별시 은평구 응암동 586-27 대양빌라지하 101호", "TYPE": "주택", "TYPE2": "재난지원금" }, "geometry": { "type": "Polygon", "coordinates": [ [ [ 126.914937720580923, 37.590989449241036 ], [ 126.914930401382634, 37.590954485674324 ], [ 126.914908872406698, 37.590870588223574 ], [ 126.914768896417499, 37.590895262510131 ], [ 126.914790542023979, 37.590976096724425 ], [ 126.914818724174751, 37.591083334579793 ], [ 126.914937720580923, 37.590989449241036 ] ] ] } },
{ "type": "Feature", "properties": { "PNU": 1.13801070010119e+18, "피해위치(": "서울특별시 은평구 응암동 119-20 지층 우측", "피해일시": "20250822 - 2042", "F_SHIM": 0.0, "F_AREA": 109.9235696, "F_AVR_HGT": 17.255838, "ADM_CD": 1138010700, "F_YR": "2025", "F_ZONE_NM": "서울특별시 은평구 응암동 119-20 지층 우측", "TYPE": "주택", "TYPE2": "재난지원금" }, "geometry": { "type": "Polygon", "coordinates": [ [ [ 126.918108442993628, 37.595409347769611 ], [ 126.918121332630392, 37.595426295373201 ], [ 126.918214571355634, 37.595383204088407 ], [ 126.918180767106691, 37.595336238968592 ], [ 126.91818405437121, 37.595333087846065 ], [ 126.918166754892923, 37.59531055103529 ], [ 126.918154995280418, 37.595295676497251 ], [ 126.91805507670621, 37.595338042225443 ], [ 126.918108442993628, 37.595409347769611 ] ] ] } },
{ "type": "Feature", "properties": { "PNU": 1.13801070010126e+18, "피해위치(": "서울특별시 은평구 응암동 126-29", "피해일시": "20250813 - 1200", "F_SHIM": 0.0, "F_AREA": 103.776899, "F_AVR_HGT": 16.1830708, "ADM_CD": 1138010700, "F_YR": "2025", "F_ZONE_NM": "서울특별시 은평구 응암동 126-29", "TYPE": "소상공인", "TYPE2": "재난지원금" }, "geometry": { "type": "Polygon", "coordinates": [ [ [ 126.916407910854076, 37.594415609985347 ], [ 126.916462105858344, 37.594353751451649 ], [ 126.916455118237849, 37.594325005027386 ], [ 126.916379184372303, 37.594286117871569 ], [ 126.916316136361331, 37.594366350050912 ], [ 126.916407910854076, 37.594415609985347 ] ] ] } },
{ "type": "Feature", "properties": { "PNU": 1.1380107001057801e+18, "피해위치(": "서울특별시 은평구 응암동 578-66 지층", "피해일시": "20250813 - 1200", "F_SHIM": 0.0, "F_AREA": 185.0134368, "F_AVR_HGT": 15.5451752, "ADM_CD": 1138010700, "F_YR": "2025", "F_ZONE_NM": "서울특별시 은평구 응암동 578-66 지층", "TYPE": "주택", "TYPE2": "재난지원금" }, "geometry": { "type": "Polygon", "coordinates": [ [ [ 126.917077928652446, 37.592887841995349 ], [ 126.917044511858279, 37.592800242420232 ], [ 126.91684960541194, 37.592835060962443 ], [ 126.916870903323357, 37.592925444953018 ], [ 126.917077928652446, 37.592887841995349 ] ] ] } },
{ "type": "Feature", "properties": { "PNU": 1.13801070010585e+18, "피해위치(": "서울특별시 은평구 응암동 585-30 102호", "피해일시": "20250813 - 1100", "F_SHIM": 0.0, "F_AREA": 119.1102078, "F_AVR_HGT": 14.0844599, "ADM_CD": 1138010700, "F_YR": "2025", "F_ZONE_NM": "서울특별시 은평구 응암동 585-30 102호", "TYPE": "주택", "TYPE2": "재난지원금" }, "geometry": { "type": "Polygon", "coordinates": [ [ [ 126.915367180002619, 37.590995980253957 ], [ 126.915454550367926, 37.590932614680433 ], [ 126.915366885573462, 37.590858489805306 ], [ 126.915277702045429, 37.590923205466822 ], [ 126.915290032245451, 37.590933125304076 ], [ 126.915367180002619, 37.590995980253957 ] ] ] } },
{ "type": "Feature", "properties": { "PNU": 1.13801070010585e+18, "피해위치(": "서울특별시 은평구 응암동 585-19 B-1", "피해일시": "20250813 - 1200", "F_SHIM": 0.0, "F_AREA": 154.5996995, "F_AVR_HGT": 14.3235708, "ADM_CD": 1138010700, "F_YR": "2025", "F_ZONE_NM": "서울특별시 은평구 응암동 585-19 B-1", "TYPE": "주택", "TYPE2": "재난지원금" }, "geometry": { "type": "Polygon", "coordinates": [ [ [ 126.915661029904456, 37.590971687575042 ], [ 126.915762684452474, 37.590892655031524 ], [ 126.915675027159608, 37.590811773006209 ], [ 126.915565444844191, 37.590892511573422 ], [ 126.915661029904456, 37.590971687575042 ] ] ] } },
{ "type": "Feature", "properties": { "PNU": 1.13801070010578e+18, "피해위치(": "서울특별시 은평구 응암동 578-24 B01호", "피해일시": "20250813 - 1200", "F_SHIM": 0.0, "F_AREA": 146.203298, "F_AVR_HGT": 14.9423452, "ADM_CD": 1138010700, "F_YR": "2025", "F_ZONE_NM": "서울특별시 은평구 응암동 578-24 B01호", "TYPE": "주택", "TYPE2": "재난지원금" }, "geometry": { "type": "Polygon", "coordinates": [ [ [ 126.917303362513309, 37.5926914983893 ], [ 126.917373802520345, 37.592681097206849 ], [ 126.917351401310327, 37.592564493874477 ], [ 126.917225469890766, 37.592583324681705 ], [ 126.917250589414323, 37.592699028993884 ], [ 126.917303362513309, 37.5926914983893 ] ] ] } },
{ "type": "Feature", "properties": { "PNU": 1.1380107001057901e+18, "피해위치(": "서울특별시 은평구 응암동 579-66 지층", "피해일시": "20250813 - 1200", "F_SHIM": 0.0, "F_AREA": 151.8353124, "F_AVR_HGT": 15.6226593, "ADM_CD": 1138010700, "F_YR": "2025", "F_ZONE_NM": "서울특별시 은평구 응암동 579-66 지층", "TYPE": "소상공인", "TYPE2": "재난지원금" }, "geometry": { "type": "Polygon", "coordinates": [ [ [ 126.915482056795355, 37.594224389665186 ], [ 126.915618831700712, 37.594202018739665 ], [ 126.915592550972548, 37.594093512127884 ], [ 126.915520987428451, 37.594104758350447 ], [ 126.915455448511139, 37.594115342194236 ], [ 126.915482056795355, 37.594224389665186 ] ] ] } },
{ "type": "Feature", "properties": { "PNU": 1.1380107001057801e+18, "피해위치(": "서울특별시 은평구 응암동 578-63 지하", "피해일시": "20250822 - 1851", "F_SHIM": 0.0, "F_AREA": 107.2211826, "F_AVR_HGT": 14.9423452, "ADM_CD": 1138010700, "F_YR": "2025", "F_ZONE_NM": "서울특별시 은평구 응암동 578-63 지하", "TYPE": "주택", "TYPE2": "재난지원금" }, "geometry": { "type": "Polygon", "coordinates": [ [ [ 126.916854615878208, 37.592610088794828 ], [ 126.916890317573845, 37.592479471679731 ], [ 126.916774019687466, 37.592490290152021 ], [ 126.916800823428389, 37.592617888762561 ], [ 126.916854615878208, 37.592610088794828 ] ] ] } },
{ "type": "Feature", "properties": { "PNU": 1.13801070010578e+18, "피해위치(": "서울특별시 은평구 응암동 578-28 지층 1호", "피해일시": "20250813 - 1200", "F_SHIM": 0.0, "F_AREA": 173.8314922, "F_AVR_HGT": 14.9423452, "ADM_CD": 1138010700, "F_YR": "2025", "F_ZONE_NM": "서울특별시 은평구 응암동 578-28 지층 1호", "TYPE": "주택", "TYPE2": "재난지원금" }, "geometry": { "type": "Polygon", "coordinates": [ [ [ 126.917029355959514, 37.592585076538192 ], [ 126.917003672304858, 37.592467930198112 ], [ 126.91698657186997, 37.592470530807496 ], [ 126.916967774129816, 37.592472139115905 ], [ 126.916890317573845, 37.592479471679731 ], [ 126.916854615878208, 37.592610088794828 ], [ 126.917019276685821, 37.592586781193333 ], [ 126.917029355959514, 37.592585076538192 ] ] ] } },
{ "type": "Feature", "properties": { "PNU": 1.13801070010578e+18, "피해위치(": "서울특별시 은평구 응암동 578-30 지하 좌측", "피해일시": "20250824 - 0923", "F_SHIM": 0.0, "F_AREA": 188.1933344, "F_AVR_HGT": 14.9423452, "ADM_CD": 1138010700, "F_YR": "2025", "F_ZONE_NM": "서울특별시 은평구 응암동 578-30 지하 좌측", "TYPE": "주택", "TYPE2": "재난지원금" }, "geometry": { "type": "Polygon", "coordinates": [ [ [ 126.917178274645025, 37.592564640595491 ], [ 126.917167882890411, 37.592441919113405 ], [ 126.917104237186649, 37.592451964638855 ], [ 126.917003672304858, 37.592467930198112 ], [ 126.917029355959514, 37.592585076538192 ], [ 126.917178274645025, 37.592564640595491 ] ] ] } },
{ "type": "Feature", "properties": { "PNU": 1.13801070010577e+18, "피해위치(": "서울특별시 은평구 응암동 577-34 지층", "피해일시": "20250813 - 1200", "F_SHIM": 0.0, "F_AREA": 106.6206615, "F_AVR_HGT": 14.7375513, "ADM_CD": 1138010700, "F_YR": "2025", "F_ZONE_NM": "서울특별시 은평구 응암동 577-34 지층", "TYPE": "소상공인", "TYPE2": "재난지원금" }, "geometry": { "type": "Polygon", "coordinates": [ [ [ 126.917020817994583, 37.590822835068344 ], [ 126.916993073966381, 37.590725959368207 ], [ 126.916950266393286, 37.590733226681998 ], [ 126.916885036241595, 37.590743901646952 ], [ 126.916912441988529, 37.590839425652874 ], [ 126.917020817994583, 37.590822835068344 ] ] ] } },
{ "type": "Feature", "properties": { "PNU": 1.13801070010583e+18, "피해위치(": "서울특별시 은평구 응암동 583-1 지하 뒤", "피해일시": "20250822 - 1618", "F_SHIM": 0.0, "F_AREA": 136.9187119, "F_AVR_HGT": 14.9423452, "ADM_CD": 1138010700, "F_YR": "2025", "F_ZONE_NM": "서울특별시 은평구 응암동 583-1 지하 뒤", "TYPE": "주택", "TYPE2": "재난지원금" }, "geometry": { "type": "Polygon", "coordinates": [ [ [ 126.916511151052063, 37.592448205367958 ], [ 126.916660864146806, 37.592426058779473 ], [ 126.916681857706749, 37.592385259282132 ], [ 126.916672507121163, 37.592343536989098 ], [ 126.916509323217866, 37.592362880840874 ], [ 126.916503041247907, 37.592410718581668 ], [ 126.916511151052063, 37.592448205367958 ] ] ] } },
{ "type": "Feature", "properties": { "PNU": 1.1380107001057801e+18, "피해위치(": "서울특별시 은평구 응암동 578-61 지층2호", "피해일시": "20250813 - 1113", "F_SHIM": 0.0, "F_AREA": 204.5873426, "F_AVR_HGT": 14.9423452, "ADM_CD": 1138010700, "F_YR": "2025", "F_ZONE_NM": "서울특별시 은평구 응암동 578-61 지층2호", "TYPE": "주택", "TYPE2": "재난지원금" }, "geometry": { "type": "Polygon", "coordinates": [ [ [ 126.916935857248802, 37.592360123904335 ], [ 126.916916049944874, 37.592253343070915 ], [ 126.916724778692526, 37.592278883878151 ], [ 126.916750245301287, 37.592387290579069 ], [ 126.916935857248802, 37.592360123904335 ] ] ] } },
{ "type": "Feature", "properties": { "PNU": 1.1380107001057801e+18, "피해위치(": "서울특별시 은평구 응암동 578-42 지하", "피해일시": "20250813 - 1200", "F_SHIM": 0.0, "F_AREA": 140.9972399, "F_AVR_HGT": 14.9423452, "ADM_CD": 1138010700, "F_YR": "2025", "F_ZONE_NM": "서울특별시 은평구 응암동 578-42 지하", "TYPE": "주택", "TYPE2": "재난지원금" }, "geometry": { "type": "Polygon", "coordinates": [ [ [ 126.917077755773335, 37.592339322663136 ], [ 126.917213199200219, 37.59231941762539 ], [ 126.917192254961549, 37.592216420159446 ], [ 126.917058966000326, 37.592233713860715 ], [ 126.917077755773335, 37.592339322663136 ] ] ] } },
{ "type": "Feature", "properties": { "PNU": 1.13801070010351e+18, "피해위치(": "서울특별시 은평구 응암동 351-2 지층", "피해일시": "20250813 - 1200", "F_SHIM": 0.0, "F_AREA": 121.9696495, "F_AVR_HGT": 24.7474056, "ADM_CD": 1138010700, "F_YR": "2025", "F_ZONE_NM": "서울특별시 은평구 응암동 351-2 지층", "TYPE": "주택", "TYPE2": "재난지원금" }, "geometry": { "type": "Polygon", "coordinates": [ [ [ 126.919683116005814, 37.590704429374625 ], [ 126.919798525914899, 37.590777939570451 ], [ 126.919842626866284, 37.590726613974169 ], [ 126.919860441002911, 37.590692118590475 ], [ 126.91973774943834, 37.590650858657 ], [ 126.919724393649062, 37.590646434578773 ], [ 126.919711353673961, 37.590663814544286 ], [ 126.919683116005814, 37.590704429374625 ] ] ] } },
{ "type": "Feature", "properties": { "PNU": 1.1380107001058801e+18, "피해위치(": "서울특별시 은평구 응암동 588-2 101호 102호", "피해일시": "20250824 - 0955", "F_SHIM": 0.0, "F_AREA": 124.6942965, "F_AVR_HGT": 14.0844599, "ADM_CD": 1138010700, "F_YR": "2025", "F_ZONE_NM": "서울특별시 은평구 응암동 588-2 101호 102호", "TYPE": "주택", "TYPE2": "재난지원금" }, "geometry": { "type": "Polygon", "coordinates": [ [ [ 126.915366671835784, 37.590650992914256 ], [ 126.915265256126276, 37.590621096264577 ], [ 126.915207643782352, 37.590604205741926 ], [ 126.91516334439703, 37.590628590023208 ], [ 126.915260935146847, 37.590735157748831 ], [ 126.915366671835784, 37.590650992914256 ] ] ] } },
{ "type": "Feature", "properties": { "PNU": 1.1380107001012301e+18, "피해위치(": "서울특별시 은평구 응암동 123-42 B02", "피해일시": "20250822 - 1747", "F_SHIM": 0.0, "F_AREA": 198.052178, "F_AVR_HGT": 16.607782, "ADM_CD": 1138010700, "F_YR": "2025", "F_ZONE_NM": "서울특별시 은평구 응암동 123-42 B02", "TYPE": "주택", "TYPE2": "재난지원금" }, "geometry": { "type": "Polygon", "coordinates": [ [ [ 126.917051625511348, 37.595121993278006 ], [ 126.917017800974691, 37.594993578866891 ], [ 126.916866718950715, 37.595020229833366 ], [ 126.916900318101085, 37.595147472846485 ], [ 126.917051625511348, 37.595121993278006 ] ] ] } },
{ "type": "Feature", "properties": { "PNU": 1.13801070010118e+18, "피해위치(": "서울특별시 은평구 응암동 118-76 지층2호", "피해일시": "20250813 - 1240", "F_SHIM": 0.0, "F_AREA": 223.5875076, "F_AVR_HGT": 16.7484299, "ADM_CD": 1138010700, "F_YR": "2025", "F_ZONE_NM": "서울특별시 은평구 응암동 118-76 지층2호", "TYPE": "주택", "TYPE2": "재난지원금" }, "geometry": { "type": "Polygon", "coordinates": [ [ [ 126.917131363542254, 37.597508756070198 ], [ 126.917094376660799, 37.597371960325127 ], [ 126.916930378523404, 37.597400764481158 ], [ 126.916958004354612, 37.597504127083333 ], [ 126.917005194102543, 37.597530379500824 ], [ 126.917131363542254, 37.597508756070198 ] ] ] } },
{ "type": "Feature", "properties": { "PNU": 1.1380107001012e+18, "피해위치(": "서울특별시 은평구 응암동 120-49 지층 2호", "피해일시": "20250822 - 1703", "F_SHIM": 0.0, "F_AREA": 172.2488802, "F_AVR_HGT": 17.255838, "ADM_CD": 1138010700, "F_YR": "2025", "F_ZONE_NM": "서울특별시 은평구 응암동 120-49 지층 2호", "TYPE": "주택", "TYPE2": "재난지원금" }, "geometry": { "type": "Polygon", "coordinates": [ [ [ 126.917695100554653, 37.595749987223947 ], [ 126.917624362755987, 37.595619654713815 ], [ 126.917546417266465, 37.595656179229614 ], [ 126.917537450684222, 37.595675003411266 ], [ 126.917568552745891, 37.595808821625425 ], [ 126.917695100554653, 37.595749987223947 ] ] ] } },
{ "type": "Feature", "properties": { "PNU": 1.13801070010113e+18, "피해위치(": "서울특별시 은평구 응암동 113-7 B102호", "피해일시": "20250813 - 1212", "F_SHIM": 0.0, "F_AREA": 147.8527959, "F_AVR_HGT": 16.7286583, "ADM_CD": 1138010700, "F_YR": "2025", "F_ZONE_NM": "서울특별시 은평구 응암동 113-7 B102호", "TYPE": "주택", "TYPE2": "재난지원금" }, "geometry": { "type": "Polygon", "coordinates": [ [ [ 126.917072380006402, 37.598199137495044 ], [ 126.917047911357358, 37.598107309778698 ], [ 126.916892069952752, 37.598131434600539 ], [ 126.916917102053148, 37.598225515211027 ], [ 126.917072380006402, 37.598199137495044 ] ] ] } },
{ "type": "Feature", "properties": { "PNU": 1.13801070010111e+18, "피해위치(": "서울특별시 은평구 응암동 111-24 B01호", "피해일시": "20250813 - 1200", "F_SHIM": 0.0, "F_AREA": 110.8540251, "F_AVR_HGT": 17.2657238, "ADM_CD": 1138010700, "F_YR": "2025", "F_ZONE_NM": "서울특별시 은평구 응암동 111-24 B01호", "TYPE": "주택", "TYPE2": "재난지원금" }, "geometry": { "type": "Polygon", "coordinates": [ [ [ 126.917385023753994, 37.598906632678315 ], [ 126.917420359952729, 37.598800792324518 ], [ 126.917288018114888, 37.598771145704056 ], [ 126.91731947412336, 37.598893071186851 ], [ 126.917385023753994, 37.598906632678315 ] ] ] } },
{ "type": "Feature", "properties": { "PNU": 1.13801070010117e+18, "피해위치(": "서울특별시 은평구 응암동 117-27 지하 좌측", "피해일시": "20250813 - 1200", "F_SHIM": 0.0, "F_AREA": 124.9538262, "F_AVR_HGT": 18.079332, "ADM_CD": 1138010700, "F_YR": "2025", "F_ZONE_NM": "서울특별시 은평구 응암동 117-27 지하 좌측", "TYPE": "주택", "TYPE2": "재난지원금" }, "geometry": { "type": "Polygon", "coordinates": [ [ [ 126.918869412035292, 37.596700542245749 ], [ 126.918975682271309, 37.596649891231273 ], [ 126.918912701384158, 37.59656767746295 ], [ 126.918800657552666, 37.596617153096787 ], [ 126.918861596046341, 37.596703059526789 ], [ 126.918869412035292, 37.596700542245749 ] ] ] } },
{ "type": "Feature", "properties": { "PNU": 1.13801070010111e+18, "피해위치(": "서울특별시 은평구 응암동 111-27 B02호", "피해일시": "20250813 - 1200", "F_SHIM": 0.0, "F_AREA": 169.139085, "F_AVR_HGT": 17.2657238, "ADM_CD": 1138010700, "F_YR": "2025", "F_ZONE_NM": "서울특별시 은평구 응암동 111-27 B02호", "TYPE": "주택", "TYPE2": "재난지원금" }, "geometry": { "type": "Polygon", "coordinates": [ [ [ 126.917420359952729, 37.598800792324518 ], [ 126.917455127328139, 37.59869720401133 ], [ 126.917308859956634, 37.598665295036831 ], [ 126.91726839853051, 37.598696800578743 ], [ 126.917288018114888, 37.598771145704056 ], [ 126.917420359952729, 37.598800792324518 ] ] ] } },
{ "type": "Feature", "properties": { "PNU": 1.13801070010113e+18, "피해위치(": "서울특별시 은평구 응암동 113-31 B02호", "피해일시": "20250813 - 1200", "F_SHIM": 0.0, "F_AREA": 153.4240212, "F_AVR_HGT": 16.7286583, "ADM_CD": 1138010700, "F_YR": "2025", "F_ZONE_NM": "서울특별시 은평구 응암동 113-31 B02호", "TYPE": "주택", "TYPE2": "재난지원금" }, "geometry": { "type": "Polygon", "coordinates": [ [ [ 126.916804471637434, 37.597950021821674 ], [ 126.916801484839922, 37.597937694224726 ], [ 126.916822143132848, 37.597934240264031 ], [ 126.916800619236142, 37.597852217305324 ], [ 126.916788885860882, 37.597854037879507 ], [ 126.916639611085785, 37.597879518558088 ], [ 126.916664539838067, 37.597974509144912 ], [ 126.916804471637434, 37.597950021821674 ] ] ] } },
{ "type": "Feature", "properties": { "PNU": 1.13801070010113e+18, "피해위치(": "서울특별시 은평구 응암동 113-32 영빈빌라 라동 b01호", "피해일시": "20250813 - 1200", "F_SHIM": 0.0, "F_AREA": 145.3160207, "F_AVR_HGT": 16.7286583, "ADM_CD": 1138010700, "F_YR": "2025", "F_ZONE_NM": "서울특별시 은평구 응암동 113-32 영빈빌라 라동 b01호", "TYPE": "주택", "TYPE2": "재난지원금" }, "geometry": { "type": "Polygon", "coordinates": [ [ [ 126.916995122296626, 37.597905307545759 ], [ 126.916973383802969, 37.597822635756273 ], [ 126.916830564245899, 37.597847580710123 ], [ 126.916800619236142, 37.597852217305324 ], [ 126.916822143132848, 37.597934240264031 ], [ 126.916995122296626, 37.597905307545759 ] ] ] } },
{ "type": "Feature", "properties": { "PNU": 1.13801070010113e+18, "피해위치(": "서울특별시 은평구 응암동 113-3 지하 1호", "피해일시": "20250813 - 1200", "F_SHIM": 0.0, "F_AREA": 220.286551, "F_AVR_HGT": 16.7286583, "ADM_CD": 1138010700, "F_YR": "2025", "F_ZONE_NM": "서울특별시 은평구 응암동 113-3 지하 1호", "TYPE": "주택", "TYPE2": "재난지원금" }, "geometry": { "type": "Polygon", "coordinates": [ [ [ 126.916973383802969, 37.597822635756273 ], [ 126.916934486114357, 37.597673405027976 ], [ 126.916790649950769, 37.597696367042147 ], [ 126.916830564245899, 37.597847580710123 ], [ 126.916973383802969, 37.597822635756273 ] ] ] } },
{ "type": "Feature", "properties": { "PNU": 1.13801070010119e+18, "피해위치(": "서울특별시 은평구 응암동 119-8 지층 4호", "피해일시": "20250813 - 1200", "F_SHIM": 0.0, "F_AREA": 149.5538217, "F_AVR_HGT": 17.255838, "ADM_CD": 1138010700, "F_YR": "2025", "F_ZONE_NM": "서울특별시 은평구 응암동 119-8 지층 4호", "TYPE": "주택", "TYPE2": "재난지원금" }, "geometry": { "type": "Polygon", "coordinates": [ [ [ 126.918370706332524, 37.596005623674259 ], [ 126.918303888349513, 37.595912955458182 ], [ 126.918181078256964, 37.595971072362858 ], [ 126.918248235840807, 37.596063740887068 ], [ 126.918370706332524, 37.596005623674259 ] ] ] } },
{ "type": "Feature", "properties": { "PNU": 1.1380108001006401e+18, "피해위치(": "서울특별시 은평구 역촌동 64-66 지층 101호", "피해일시": "20250813 - 1200", "F_SHIM": 0.0, "F_AREA": 181.3270321, "F_AVR_HGT": 18.9328533, "ADM_CD": 1138010800, "F_YR": "2025", "F_ZONE_NM": "서울특별시 은평구 역촌동 64-66 지층 101호", "TYPE": "주택", "TYPE2": "재난지원금" }, "geometry": { "type": "Polygon", "coordinates": [ [ [ 126.913743371847175, 37.603554764341411 ], [ 126.913900315443158, 37.60356695412046 ], [ 126.913914608431028, 37.603449836998713 ], [ 126.91375868428328, 37.603437647996543 ], [ 126.913743371847175, 37.603554764341411 ] ] ] } },
{ "type": "Feature", "properties": { "PNU": 1.13801080010018e+18, "피해위치(": "서울특별시 은평구 역촌동 18-15 B01호", "피해일시": "20250813 - 1200", "F_SHIM": 0.0, "F_AREA": 176.6426681, "F_AVR_HGT": 21.4268013, "ADM_CD": 1138010800, "F_YR": "2025", "F_ZONE_NM": "서울특별시 은평구 역촌동 18-15 B01호", "TYPE": "주택", "TYPE2": "재난지원금" }, "geometry": { "type": "Polygon", "coordinates": [ [ [ 126.920685331459296, 37.606460615763346 ], [ 126.920800322111361, 37.606421501740449 ], [ 126.920797045177778, 37.606414742133168 ], [ 126.920736917264804, 37.606302979206589 ], [ 126.920606632728678, 37.606347038086561 ], [ 126.920672870985058, 37.606463400273221 ], [ 126.920685331459296, 37.606460615763346 ] ] ] } },
{ "type": "Feature", "properties": { "PNU": 1.1380108001001001e+18, "피해위치(": "서울특별시 은평구 역촌동 10-90 지하1호", "피해일시": "20250813 - 1200", "F_SHIM": 0.0, "F_AREA": 186.3496998, "F_AVR_HGT": 18.7926098, "ADM_CD": 1138010800, "F_YR": "2025", "F_ZONE_NM": "서울특별시 은평구 역촌동 10-90 지하1호", "TYPE": "주택", "TYPE2": "재난지원금" }, "geometry": { "type": "Polygon", "coordinates": [ [ [ 126.916519488773318, 37.606420748821996 ], [ 126.916675987693495, 37.606431312819574 ], [ 126.916690393410775, 37.606311312355153 ], [ 126.916687449849306, 37.60631049935553 ], [ 126.916534915213617, 37.606299667933008 ], [ 126.916519488773318, 37.606420748821996 ] ] ] } },
{ "type": "Feature", "properties": { "PNU": 1.13801080010063e+18, "피해위치(": "서울특별시 은평구 역촌동 63-58 101호", "피해일시": "20250813 - 1200", "F_SHIM": 0.0, "F_AREA": 205.0814654, "F_AVR_HGT": 18.4827896, "ADM_CD": 1138010800, "F_YR": "2025", "F_ZONE_NM": "서울특별시 은평구 역촌동 63-58 101호", "TYPE": "주택", "TYPE2": "재난지원금" }, "geometry": { "type": "Polygon", "coordinates": [ [ [ 126.914991101512953, 37.603462433975587 ], [ 126.915004841570777, 37.603332342164236 ], [ 126.914847332374123, 37.603319883143449 ], [ 126.914830986155394, 37.603451054201543 ], [ 126.914991101512953, 37.603462433975587 ] ] ] } },
{ "type": "Feature", "properties": { "PNU": 1.13801080010065e+18, "피해위치(": "서울특별시 은평구 역촌동 65-2 지하02", "피해일시": "20250813 - 1200", "F_SHIM": 0.0, "F_AREA": 142.4649899, "F_AVR_HGT": 18.4827896, "ADM_CD": 1138010800, "F_YR": "2025", "F_ZONE_NM": "서울특별시 은평구 역촌동 65-2 지하02", "TYPE": "주택", "TYPE2": "재난지원금" }, "geometry": { "type": "Polygon", "coordinates": [ [ [ 126.914610626258238, 37.603340792076928 ], [ 126.914753077454051, 37.603350177004124 ], [ 126.914764970628781, 37.603250537072512 ], [ 126.914622183136089, 37.603238358865966 ], [ 126.914610626258238, 37.603340792076928 ] ] ] } },
{ "type": "Feature", "properties": { "PNU": 1.1380108001006001e+18, "피해위치(": "서울특별시 은평구 역촌동 60-2 1층", "피해일시": "20250813 - 1200", "F_SHIM": 0.0, "F_AREA": 237.9421737, "F_AVR_HGT": 19.4027573, "ADM_CD": 1138010800, "F_YR": "2025", "F_ZONE_NM": "서울특별시 은평구 역촌동 60-2 1층", "TYPE": "소상공인", "TYPE2": "재난지원금" }, "geometry": { "type": "Polygon", "coordinates": [ [ [ 126.914219406480186, 37.605146702851648 ], [ 126.914376126583349, 37.605159252224148 ], [ 126.91439257745543, 37.605036460480783 ], [ 126.914393268708409, 37.605026369989076 ], [ 126.914394535129404, 37.605008621572225 ], [ 126.914235326213912, 37.604994088222355 ], [ 126.914233377218437, 37.605014448981464 ], [ 126.914219406480186, 37.605146702851648 ] ] ] } },
{ "type": "Feature", "properties": { "PNU": 1.13801080010061e+18, "피해위치(": "서울특별시 은평구 역촌동 61-17 B01호", "피해일시": "20250813 - 1200", "F_SHIM": 0.0, "F_AREA": 183.4446162, "F_AVR_HGT": 19.1274296, "ADM_CD": 1138010800, "F_YR": "2025", "F_ZONE_NM": "서울특별시 은평구 역촌동 61-17 B01호", "TYPE": "주택", "TYPE2": "재난지원금" }, "geometry": { "type": "Polygon", "coordinates": [ [ [ 126.913958462836248, 37.604295081218325 ], [ 126.913967874361859, 37.604188141584842 ], [ 126.913955327172346, 37.604168400761175 ], [ 126.913822729569134, 37.604156769737422 ], [ 126.91381723960518, 37.604202895959325 ], [ 126.913808313850666, 37.604281725289646 ], [ 126.913883613613777, 37.604289439574949 ], [ 126.91392856814862, 37.604293076875138 ], [ 126.913958462836248, 37.604295081218325 ] ] ] } },
{ "type": "Feature", "properties": { "PNU": 1.1380108001002801e+18, "피해위치(": "서울특별시 은평구 역촌동 28-1 미성빌라 지층2호", "피해일시": "20250813 - 1200", "F_SHIM": 0.0, "F_AREA": 187.7445151, "F_AVR_HGT": 20.4911686, "ADM_CD": 1138010800, "F_YR": "2025", "F_ZONE_NM": "서울특별시 은평구 역촌동 28-1 미성빌라 지층2호", "TYPE": "주택", "TYPE2": "재난지원금" }, "geometry": { "type": "Polygon", "coordinates": [ [ [ 126.920783376181305, 37.604287333356254 ], [ 126.920961799477638, 37.604231414161333 ], [ 126.920911284495261, 37.60413308248264 ], [ 126.920802803656059, 37.604124809403665 ], [ 126.920790927153732, 37.604216341101953 ], [ 126.920783376181305, 37.604287333356254 ] ] ] } },
{ "type": "Feature", "properties": { "PNU": 1.1380108001006001e+18, "피해위치(": "서울특별시 은평구 역촌동 60-19 b01", "피해일시": "20250813 - 1200", "F_SHIM": 0.0, "F_AREA": 336.1442027, "F_AVR_HGT": 19.1274296, "ADM_CD": 1138010800, "F_YR": "2025", "F_ZONE_NM": "서울특별시 은평구 역촌동 60-19 b01", "TYPE": "주택", "TYPE2": "재난지원금" }, "geometry": { "type": "Polygon", "coordinates": [ [ [ 126.913897359833712, 37.605121416896822 ], [ 126.913964849752432, 37.605126242187971 ], [ 126.914036642030737, 37.605131971611911 ], [ 126.914048674804036, 37.605010888507742 ], [ 126.914062184708371, 37.604885571877375 ], [ 126.913994128764941, 37.604880746222058 ], [ 126.913971141917614, 37.604878747012194 ], [ 126.913924261193145, 37.604875648888253 ], [ 126.913897359833712, 37.605121416896822 ] ] ] } },
{ "type": "Feature", "properties": { "PNU": 1.1380108001006001e+18, "피해위치(": "서울특별시 은평구 역촌동 60-27 나동 B02호", "피해일시": "20250813 - 1200", "F_SHIM": 0.0, "F_AREA": 338.9799979, "F_AVR_HGT": 19.1274296, "ADM_CD": 1138010800, "F_YR": "2025", "F_ZONE_NM": "서울특별시 은평구 역촌동 60-27 나동 B02호", "TYPE": "주택", "TYPE2": "재난지원금" }, "geometry": { "type": "Polygon", "coordinates": [ [ [ 126.913756719976632, 37.605109779829085 ], [ 126.913768270268207, 37.605110599301213 ], [ 126.913831003350623, 37.6051157815251 ], [ 126.913897359833712, 37.605121416896822 ], [ 126.913924261193145, 37.604875648888253 ], [ 126.91385790429193, 37.604870554120637 ], [ 126.913826877222789, 37.60486827861601 ], [ 126.913798002168292, 37.604865734407994 ], [ 126.91378531954885, 37.604864823998803 ], [ 126.913756719976632, 37.605109779829085 ] ] ] } },
{ "type": "Feature", "properties": { "PNU": 1.13801080010063e+18, "피해위치(": "서울특별시 은평구 역촌동 63-42 b01호", "피해일시": "20250813 - 1200", "F_SHIM": 0.0, "F_AREA": 183.649705, "F_AVR_HGT": 18.7560726, "ADM_CD": 1138010800, "F_YR": "2025", "F_ZONE_NM": "서울특별시 은평구 역촌동 63-42 b01호", "TYPE": "주택", "TYPE2": "재난지원금" }, "geometry": { "type": "Polygon", "coordinates": [ [ [ 126.915160840055364, 37.604063964122801 ], [ 126.915181612826302, 37.603923786445733 ], [ 126.915048222118031, 37.603912696807704 ], [ 126.915030166688524, 37.604053146747432 ], [ 126.915160840055364, 37.604063964122801 ] ] ] } },
{ "type": "Feature", "properties": { "PNU": 1.1380108001001101e+18, "피해위치(": "서울특별시 은평구 역촌동 11-36 지층", "피해일시": "20250813 - 1200", "F_SHIM": 0.0, "F_AREA": 131.1952027, "F_AVR_HGT": 19.7067467, "ADM_CD": 1138010800, "F_YR": "2025", "F_ZONE_NM": "서울특별시 은평구 역촌동 11-36 지층", "TYPE": "주택", "TYPE2": "재난지원금" }, "geometry": { "type": "Polygon", "coordinates": [ [ [ 126.917215520299251, 37.607023194168647 ], [ 126.917230147801547, 37.606906707638501 ], [ 126.917116001144151, 37.606898156831882 ], [ 126.917101713522214, 37.60701437329643 ], [ 126.917215520299251, 37.607023194168647 ] ] ] } },
{ "type": "Feature", "properties": { "PNU": 1.13801080010017e+18, "피해위치(": "서울특별시 은평구 역촌동 17-48 B01호", "피해일시": "20250813 - 1200", "F_SHIM": 0.0, "F_AREA": 485.7782878, "F_AVR_HGT": 21.235788, "ADM_CD": 1138010800, "F_YR": "2025", "F_ZONE_NM": "서울특별시 은평구 역촌동 17-48 B01호", "TYPE": "주택", "TYPE2": "재난지원금" }, "geometry": { "type": "Polygon", "coordinates": [ [ [ 126.921406451766813, 37.605876820502438 ], [ 126.921513396245842, 37.605841664640259 ], [ 126.921522232629414, 37.605838877584965 ], [ 126.921513417860353, 37.60582148265275 ], [ 126.921407640951514, 37.605612743411612 ], [ 126.921220490301693, 37.60567262165042 ], [ 126.921332815659682, 37.605899565347208 ], [ 126.921406451766813, 37.605876820502438 ] ] ] } },
{ "type": "Feature", "properties": { "PNU": 1.13801080010023e+18, "피해위치(": "서울특별시 은평구 역촌동 23-52 별층 나호", "피해일시": "20250813 - 1200", "F_SHIM": 0.0, "F_AREA": 177.2768331, "F_AVR_HGT": 18.7172523, "ADM_CD": 1138010800, "F_YR": "2025", "F_ZONE_NM": "서울특별시 은평구 역촌동 23-52 별층 나호", "TYPE": "주택", "TYPE2": "재난지원금" }, "geometry": { "type": "Polygon", "coordinates": [ [ [ 126.917927894445143, 37.604872335568416 ], [ 126.917944121691363, 37.604741704615769 ], [ 126.917808804817668, 37.604729805850148 ], [ 126.917801391063065, 37.604776831872051 ], [ 126.91779121746319, 37.604861246703599 ], [ 126.917927894445143, 37.604872335568416 ] ] ] } },
{ "type": "Feature", "properties": { "PNU": 1.13801080010201e+18, "피해위치(": "서울특별시 은평구 역촌동 201-8 지층", "피해일시": "20250813 - 1200", "F_SHIM": 0.0, "F_AREA": 182.5425922, "F_AVR_HGT": 35.5788857, "ADM_CD": 1138010800, "F_YR": "2025", "F_ZONE_NM": "서울특별시 은평구 역촌동 201-8 지층", "TYPE": "소상공인", "TYPE2": "재난지원금" }, "geometry": { "type": "Polygon", "coordinates": [ [ [ 126.9073898201503, 37.604845895403685 ], [ 126.907446137708604, 37.604819127071913 ], [ 126.907415657138145, 37.604742789571652 ], [ 126.907454661950197, 37.604704799210289 ], [ 126.907451226095517, 37.604690362735134 ], [ 126.907301518634455, 37.604731292076501 ], [ 126.907226068095795, 37.604780416446367 ], [ 126.9073898201503, 37.604845895403685 ] ] ] } },
{ "type": "Feature", "properties": { "PNU": 1.13801080010009e+18, "피해위치(": "서울특별시 은평구 역촌동 9-26 B01", "피해일시": "20250813 - 1200", "F_SHIM": 0.0, "F_AREA": 173.8605759, "F_AVR_HGT": 19.4969803, "ADM_CD": 1138010800, "F_YR": "2025", "F_ZONE_NM": "서울특별시 은평구 역촌동 9-26 B01", "TYPE": "주택", "TYPE2": "재난지원금" }, "geometry": { "type": "Polygon", "coordinates": [ [ [ 126.915790825291666, 37.60692783509824 ], [ 126.915792545345283, 37.606909276117676 ], [ 126.915802410787634, 37.60679954366973 ], [ 126.915666521072751, 37.606790435078736 ], [ 126.915653348184534, 37.606920166910392 ], [ 126.915790825291666, 37.60692783509824 ] ] ] } },
{ "type": "Feature", "properties": { "PNU": 1.1380108001002701e+18, "피해위치(": "서울특별시 은평구 역촌동 27-44 B02호", "피해일시": "20250813 - 1200", "F_SHIM": 0.0, "F_AREA": 139.1224463, "F_AVR_HGT": 20.8968636, "ADM_CD": 1138010800, "F_YR": "2025", "F_ZONE_NM": "서울특별시 은평구 역촌동 27-44 B02호", "TYPE": "주택", "TYPE2": "재난지원금" }, "geometry": { "type": "Polygon", "coordinates": [ [ [ 126.921303659519012, 37.604787102672965 ], [ 126.921416153325865, 37.604750328894774 ], [ 126.921420579327972, 37.60474159236923 ], [ 126.921371873220011, 37.604645244284676 ], [ 126.921253487615175, 37.604684897158492 ], [ 126.921303659519012, 37.604787102672965 ] ] ] } },
{ "type": "Feature", "properties": { "PNU": 1.13801080010047e+18, "피해위치(": "서울특별시 은평구 역촌동 47-33 혜성빌라 지하 1호", "피해일시": "20250813 - 1200", "F_SHIM": 0.0, "F_AREA": 314.9855762, "F_AVR_HGT": 20.5357567, "ADM_CD": 1138010800, "F_YR": "2025", "F_ZONE_NM": "서울특별시 은평구 역촌동 47-33 혜성빌라 지하 1호", "TYPE": "주택", "TYPE2": "재난지원금" }, "geometry": { "type": "Polygon", "coordinates": [ [ [ 126.913228249592464, 37.606882878970119 ], [ 126.913234041158347, 37.606773684279986 ], [ 126.913238923407462, 37.606667281951722 ], [ 126.913193285742025, 37.606665535940664 ], [ 126.913083667569822, 37.606658966783691 ], [ 126.913078112960406, 37.606759151825607 ], [ 126.913092484617081, 37.606768532807372 ], [ 126.913085222939074, 37.606875744228596 ], [ 126.913228249592464, 37.606882878970119 ] ] ] } },
{ "type": "Feature", "properties": { "PNU": 1.13801080010047e+18, "피해위치(": "서울특별시 은평구 역촌동 47-35 b01호", "피해일시": "20250813 - 1200", "F_SHIM": 0.0, "F_AREA": 157.2696621, "F_AVR_HGT": 20.5357567, "ADM_CD": 1138010800, "F_YR": "2025", "F_ZONE_NM": "서울특별시 은평구 역촌동 47-35 b01호", "TYPE": "주택", "TYPE2": "재난지원금" }, "geometry": { "type": "Polygon", "coordinates": [ [ [ 126.91301852254108, 37.606872360598324 ], [ 126.913055893493521, 37.606873740088226 ], [ 126.913060550783499, 37.606766256422254 ], [ 126.91301865169946, 37.606763341868998 ], [ 126.912913676969453, 37.606756505741373 ], [ 126.912907433218578, 37.606864618897951 ], [ 126.91301852254108, 37.606872360598324 ] ] ] } },
{ "type": "Feature", "properties": { "PNU": 1.13801080010022e+18, "피해위치(": "서울특별시 은평구 역촌동 22-29 지층", "피해일시": "20250813 - 1200", "F_SHIM": 0.0, "F_AREA": 113.3306245, "F_AVR_HGT": 18.4209991, "ADM_CD": 1138010800, "F_YR": "2025", "F_ZONE_NM": "서울특별시 은평구 역촌동 22-29 지층", "TYPE": "주택", "TYPE2": "재난지원금" }, "geometry": { "type": "Polygon", "coordinates": [ [ [ 126.916428839123242, 37.604774408745939 ], [ 126.916441866661188, 37.604671345753225 ], [ 126.916330555605768, 37.604661985345302 ], [ 126.916319564409193, 37.604766761662347 ], [ 126.916428839123242, 37.604774408745939 ] ] ] } },
{ "type": "Feature", "properties": { "PNU": 1.1380108001002501e+18, "피해위치(": "서울특별시 은평구 역촌동 25-138 지층우", "피해일시": "20250813 - 1200", "F_SHIM": 0.0, "F_AREA": 134.8563431, "F_AVR_HGT": 20.7625633, "ADM_CD": 1138010800, "F_YR": "2025", "F_ZONE_NM": "서울특별시 은평구 역촌동 25-138 지층우", "TYPE": "주택", "TYPE2": "재난지원금" }, "geometry": { "type": "Polygon", "coordinates": [ [ [ 126.918934328694377, 37.604764385604632 ], [ 126.919004069830066, 37.604679111350329 ], [ 126.918830938727353, 37.604657907194692 ], [ 126.918817922665838, 37.604753582405507 ], [ 126.918934328694377, 37.604764385604632 ] ] ] } },
{ "type": "Feature", "properties": { "PNU": 1.13801080010047e+18, "피해위치(": "서울특별시 은평구 역촌동 47-14 광일빌라연립 B01호", "피해일시": "20250813 - 1200", "F_SHIM": 0.0, "F_AREA": 159.6716765, "F_AVR_HGT": 19.815147, "ADM_CD": 1138010800, "F_YR": "2025", "F_ZONE_NM": "서울특별시 은평구 역촌동 47-14 광일빌라연립 B01호", "TYPE": "주택", "TYPE2": "재난지원금" }, "geometry": { "type": "Polygon", "coordinates": [ [ [ 126.913714424835817, 37.606793503854952 ], [ 126.913722138708067, 37.606686202631224 ], [ 126.913595757462417, 37.60668133334466 ], [ 126.913569938188729, 37.606679872536148 ], [ 126.913562903917011, 37.606786903961805 ], [ 126.913714424835817, 37.606793503854952 ] ] ] } },
{ "type": "Feature", "properties": { "PNU": 1.1380108001001001e+18, "피해위치(": "서울특별시 은평구 역촌동 10-50 지하 안쪽", "피해일시": "20250813 - 1200", "F_SHIM": 0.0, "F_AREA": 123.8973296, "F_AVR_HGT": 19.4969803, "ADM_CD": 1138010800, "F_YR": "2025", "F_ZONE_NM": "서울특별시 은평구 역촌동 10-50 지하 안쪽", "TYPE": "주택", "TYPE2": "재난지원금" }, "geometry": { "type": "Polygon", "coordinates": [ [ [ 126.916374805570129, 37.606675171976669 ], [ 126.916260546733142, 37.606666079672401 ], [ 126.916250032615082, 37.606749412918354 ], [ 126.916285893384156, 37.60678403653263 ], [ 126.916361652112244, 37.606788956522166 ], [ 126.916374805570129, 37.606675171976669 ] ] ] } },
{ "type": "Feature", "properties": { "PNU": 1.13801080010009e+18, "피해위치(": "서울특별시 은평구 역촌동 9-33 지층1호", "피해일시": "20250813 - 1200", "F_SHIM": 0.0, "F_AREA": 133.3895577, "F_AVR_HGT": 19.4969803, "ADM_CD": 1138010800, "F_YR": "2025", "F_ZONE_NM": "서울특별시 은평구 역촌동 9-33 지층1호", "TYPE": "주택", "TYPE2": "재난지원금" }, "geometry": { "type": "Polygon", "coordinates": [ [ [ 126.916178867879907, 37.606787653219897 ], [ 126.916195439282404, 37.606656211917176 ], [ 126.91609352472787, 37.606647128374682 ], [ 126.916077403571904, 37.606780822444314 ], [ 126.916178867879907, 37.606787653219897 ] ] ] } },
{ "type": "Feature", "properties": { "PNU": 1.13801080010054e+18, "피해위치(": "서울특별시 은평구 역촌동 54-6 지층", "피해일시": "20250813 - 1200", "F_SHIM": 0.0, "F_AREA": 312.1452967, "F_AVR_HGT": 27.0137535, "ADM_CD": 1138010800, "F_YR": "2025", "F_ZONE_NM": "서울특별시 은평구 역촌동 54-6 지층", "TYPE": "소상공인", "TYPE2": "재난지원금" }, "geometry": { "type": "Polygon", "coordinates": [ [ [ 126.910212049457826, 37.605682908573527 ], [ 126.910239004326186, 37.605681487851918 ], [ 126.910431206654806, 37.605665328566296 ], [ 126.91041347933826, 37.605529266570599 ], [ 126.910216559805363, 37.605513617506688 ], [ 126.910212049457826, 37.605682908573527 ] ] ] } },
{ "type": "Feature", "properties": { "PNU": 1.1380108001006001e+18, "피해위치(": "서울특별시 은평구 역촌동 60-10 지층", "피해일시": "20250813 - 1200", "F_SHIM": 0.0, "F_AREA": 117.0721445, "F_AVR_HGT": 19.1274296, "ADM_CD": 1138010800, "F_YR": "2025", "F_ZONE_NM": "서울특별시 은평구 역촌동 60-10 지층", "TYPE": "주택", "TYPE2": "재난지원금" }, "geometry": { "type": "Polygon", "coordinates": [ [ [ 126.914308237174652, 37.604720513781821 ], [ 126.914317504824652, 37.60463943221599 ], [ 126.914174147570009, 37.604628063932097 ], [ 126.914165554927791, 37.604712840014066 ], [ 126.914308237174652, 37.604720513781821 ] ] ] } },
{ "type": "Feature", "properties": { "PNU": 1.1380108001007401e+18, "피해위치(": "서울특별시 은평구 역촌동 74-38 지층1호", "피해일시": "20250813 - 1200", "F_SHIM": 0.0, "F_AREA": 265.5410202, "F_AVR_HGT": 31.6584316, "ADM_CD": 1138010800, "F_YR": "2025", "F_ZONE_NM": "서울특별시 은평구 역촌동 74-38 지층1호", "TYPE": "주택", "TYPE2": "재난지원금" }, "geometry": { "type": "Polygon", "coordinates": [ [ [ 126.908377414204494, 37.604692016283316 ], [ 126.908370583877684, 37.604538843894709 ], [ 126.90823728620785, 37.604543874217867 ], [ 126.908192211578836, 37.604545820745791 ], [ 126.908200516225577, 37.604697012148939 ], [ 126.908377414204494, 37.604692016283316 ] ] ] } },
{ "type": "Feature", "properties": { "PNU": 1.13801080010063e+18, "피해위치(": "서울특별시 은평구 역촌동 63-52 지층2호", "피해일시": "20250813 - 1200", "F_SHIM": 0.0, "F_AREA": 162.246943, "F_AVR_HGT": 18.7560726, "ADM_CD": 1138010800, "F_YR": "2025", "F_ZONE_NM": "서울특별시 은평구 역촌동 63-52 지층2호", "TYPE": "주택", "TYPE2": "재난지원금" }, "geometry": { "type": "Polygon", "coordinates": [ [ [ 126.915334215008187, 37.603773523996352 ], [ 126.915354173560772, 37.603651635632716 ], [ 126.915238900890401, 37.60364200100755 ], [ 126.915231653505273, 37.603641725414569 ], [ 126.915219876621705, 37.603641176214587 ], [ 126.915199919206174, 37.603761893279177 ], [ 126.915334215008187, 37.603773523996352 ] ] ] } },
{ "type": "Feature", "properties": { "PNU": 1.13801080010026e+18, "피해위치(": "서울특별시 은평구 역촌동 26-1", "피해일시": "20250813 - 1200", "F_SHIM": 0.0, "F_AREA": 152.7354875, "F_AVR_HGT": 21.235788, "ADM_CD": 1138010800, "F_YR": "2025", "F_ZONE_NM": "서울특별시 은평구 역촌동 26-1", "TYPE": "주택", "TYPE2": "재난지원금" }, "geometry": { "type": "Polygon", "coordinates": [ [ [ 126.921325004142759, 37.605580612322569 ], [ 126.921439197374369, 37.605544290173732 ], [ 126.921461890747864, 37.605503491071438 ], [ 126.921429910017011, 37.605439589729727 ], [ 126.921279010728327, 37.605488770967888 ], [ 126.921325004142759, 37.605580612322569 ] ] ] } },
{ "type": "Feature", "properties": { "PNU": 1.1380108001002701e+18, "피해위치(": "서울특별시 은평구 역촌동 27-48 지층3호", "피해일시": "20250813 - 1200", "F_SHIM": 0.0, "F_AREA": 97.928381, "F_AVR_HGT": 20.8968636, "ADM_CD": 1138010800, "F_YR": "2025", "F_ZONE_NM": "서울특별시 은평구 역촌동 27-48 지층3호", "TYPE": "주택", "TYPE2": "재난지원금" }, "geometry": { "type": "Polygon", "coordinates": [ [ [ 126.921259085888224, 37.604533716114553 ], [ 126.921241797588479, 37.604497935354047 ], [ 126.921214565692068, 37.604441605425791 ], [ 126.921119066216193, 37.604471903518231 ], [ 126.921132627880638, 37.60449786105012 ], [ 126.921167436699832, 37.604564016863797 ], [ 126.921189415275876, 37.604555922982797 ], [ 126.921259085888224, 37.604533716114553 ] ] ] } },
{ "type": "Feature", "properties": { "PNU": 1.1380108001001001e+18, "피해위치(": "서울특별시 은평구 역촌동 10-63 지층1호", "피해일시": "20250813 - 1200", "F_SHIM": 0.0, "F_AREA": 123.4425946, "F_AVR_HGT": 18.7926098, "ADM_CD": 1138010800, "F_YR": "2025", "F_ZONE_NM": "서울특별시 은평구 역촌동 10-63 지층1호", "TYPE": "주택", "TYPE2": "재난지원금" }, "geometry": { "type": "Polygon", "coordinates": [ [ [ 126.917331990082801, 37.606477912856647 ], [ 126.917342178131278, 37.606381334839909 ], [ 126.917212518923876, 37.606371151293587 ], [ 126.917202896957022, 37.606467729703596 ], [ 126.917331990082801, 37.606477912856647 ] ] ] } },
{ "type": "Feature", "properties": { "PNU": 1.13801070010592e+18, "피해위치(": "서울특별시 은평구 응암동 592-50 지층 1호", "피해일시": "20250813 - 1200", "F_SHIM": 0.0, "F_AREA": 200.5978819, "F_AVR_HGT": 13.9332214, "ADM_CD": 1138010700, "F_YR": "2025", "F_ZONE_NM": "서울특별시 은평구 응암동 592-50 지층 1호", "TYPE": "주택", "TYPE2": "재난지원금" }, "geometry": { "type": "Polygon", "coordinates": [ [ [ 126.914277632497232, 37.588226418035184 ], [ 126.914275403771214, 37.588224920753099 ], [ 126.914199830791162, 37.588174139424623 ], [ 126.914171772233303, 37.58815661252914 ], [ 126.9141573692457, 37.588138230788338 ], [ 126.914146936700675, 37.58809391262875 ], [ 126.914009453719572, 37.588130670082023 ], [ 126.914196089601162, 37.588275227163152 ], [ 126.914216632782669, 37.588290595140691 ], [ 126.914277632497232, 37.588226418035184 ] ] ] } },
{ "type": "Feature", "properties": { "PNU": 1.1380107001059201e+18, "피해위치(": "서울특별시 은평구 응암동 592-83 지층1호", "피해일시": "20250813 - 1200", "F_SHIM": 0.0, "F_AREA": 197.4411157, "F_AVR_HGT": 14.3276182, "ADM_CD": 1138010700, "F_YR": "2025", "F_ZONE_NM": "서울특별시 은평구 응암동 592-83 지층1호", "TYPE": "주택", "TYPE2": "재난지원금" }, "geometry": { "type": "Polygon", "coordinates": [ [ [ 126.914880180841308, 37.588233195737992 ], [ 126.914837549636474, 37.588128479004062 ], [ 126.91478954311988, 37.58814838253879 ], [ 126.914716639599234, 37.588158086619366 ], [ 126.914708465422464, 37.588138204881055 ], [ 126.914656017330898, 37.588151149491452 ], [ 126.914693955757414, 37.588250547027933 ], [ 126.914700274368343, 37.588269337210441 ], [ 126.914880180841308, 37.588233195737992 ] ] ] } },
{ "type": "Feature", "properties": { "PNU": 1.13801070010597e+18, "피해위치(": "서울특별시 은평구 응암동 597-18 벧엘하우스 지하 04호", "피해일시": "20250813 - 1200", "F_SHIM": 0.0, "F_AREA": 172.0583769, "F_AVR_HGT": 14.9832645, "ADM_CD": 1138010700, "F_YR": "2025", "F_ZONE_NM": "서울특별시 은평구 응암동 597-18 벧엘하우스 지하 04호", "TYPE": "주택", "TYPE2": "재난지원금" }, "geometry": { "type": "Polygon", "coordinates": [ [ [ 126.915346466828922, 37.588239762853995 ], [ 126.915413287280643, 37.588222873097791 ], [ 126.915415099453838, 37.588222333828696 ], [ 126.915486671244111, 37.588199041493809 ], [ 126.915442133148559, 37.58808790857465 ], [ 126.915301871693771, 37.588129161422252 ], [ 126.915346466828922, 37.588239762853995 ] ] ] } },
{ "type": "Feature", "properties": { "PNU": 1.1380107001059401e+18, "피해위치(": "서울특별시 은평구 응암동 594-67 지하좌측", "피해일시": "20250824 - 0957", "F_SHIM": 0.0, "F_AREA": 100.966814, "F_AVR_HGT": 14.5900732, "ADM_CD": 1138010700, "F_YR": "2025", "F_ZONE_NM": "서울특별시 은평구 응암동 594-67 지하좌측", "TYPE": "주택", "TYPE2": "재난지원금" }, "geometry": { "type": "Polygon", "coordinates": [ [ [ 126.914786397524082, 37.586546311697212 ], [ 126.914743798118025, 37.586473660985632 ], [ 126.914736679320313, 37.586461582551095 ], [ 126.914708813367966, 37.586473635263367 ], [ 126.914638809208739, 37.586503406371392 ], [ 126.914686038385526, 37.586586511953925 ], [ 126.914786397524082, 37.586546311697212 ] ] ] } },
{ "type": "Feature", "properties": { "PNU": 1.1380107001059401e+18, "피해위치(": "서울특별시 은평구 응암동 594-57 지층", "피해일시": "20250813 - 1200", "F_SHIM": 0.0, "F_AREA": 230.4792781, "F_AVR_HGT": 14.5900732, "ADM_CD": 1138010700, "F_YR": "2025", "F_ZONE_NM": "서울특별시 은평구 응암동 594-57 지층", "TYPE": "주택", "TYPE2": "재난지원금" }, "geometry": { "type": "Polygon", "coordinates": [ [ [ 126.915428151149783, 37.586523986546148 ], [ 126.915457613796534, 37.586501753695735 ], [ 126.915468697879845, 37.58651167261295 ], [ 126.915479121834224, 37.586504922822279 ], [ 126.915454928273817, 37.58647418159142 ], [ 126.915419429311413, 37.586429106445713 ], [ 126.915355974718636, 37.586375811922004 ], [ 126.915255903788662, 37.586461062134248 ], [ 126.915258606079632, 37.586474038295499 ], [ 126.915262995329229, 37.586496836427749 ], [ 126.915359821843708, 37.586574301764841 ], [ 126.915428151149783, 37.586523986546148 ] ] ] } },
{ "type": "Feature", "properties": { "PNU": 1.1380107001059401e+18, "피해위치(": "서울특별시 은평구 응암동 594-66 지층", "피해일시": "20250823 - 1759", "F_SHIM": 0.0, "F_AREA": 130.3580824, "F_AVR_HGT": 14.5900732, "ADM_CD": 1138010700, "F_YR": "2025", "F_ZONE_NM": "서울특별시 은평구 응암동 594-66 지층", "TYPE": "주택", "TYPE2": "재난지원금" }, "geometry": { "type": "Polygon", "coordinates": [ [ [ 126.914915253196412, 37.586506699885156 ], [ 126.914894040071076, 37.586473771332038 ], [ 126.914836967878017, 37.586384441805862 ], [ 126.914752576757891, 37.586421320199548 ], [ 126.914783651296119, 37.586473690274772 ], [ 126.914823652860349, 37.586541023251606 ], [ 126.914915253196412, 37.586506699885156 ] ] ] } },
{ "type": "Feature", "properties": { "PNU": 1.1380107001059401e+18, "피해위치(": "서울특별시 은평구 응암동 594-65 지층", "피해일시": "20250822 - 2018", "F_SHIM": 0.0, "F_AREA": 133.7516334, "F_AVR_HGT": 14.5900732, "ADM_CD": 1138010700, "F_YR": "2025", "F_ZONE_NM": "서울특별시 은평구 응암동 594-65 지층", "TYPE": "주택", "TYPE2": "재난지원금" }, "geometry": { "type": "Polygon", "coordinates": [ [ [ 126.915006217710683, 37.586473853597106 ], [ 126.914969393464077, 37.586419767493105 ], [ 126.914919659898359, 37.586348192794773 ], [ 126.914836967878017, 37.586384441805862 ], [ 126.914894040071076, 37.586473771332038 ], [ 126.914915253196412, 37.586506699885156 ], [ 126.914917552550378, 37.586505836626273 ], [ 126.915006217710683, 37.586473853597106 ] ] ] } },
{ "type": "Feature", "properties": { "PNU": 1.13801070010592e+18, "피해위치(": "서울특별시 은평구 응암동 592-64 지층 1호", "피해일시": "20250813 - 1200", "F_SHIM": 0.0, "F_AREA": 161.7668947, "F_AVR_HGT": 13.9332214, "ADM_CD": 1138010700, "F_YR": "2025", "F_ZONE_NM": "서울특별시 은평구 응암동 592-64 지층 1호", "TYPE": "주택", "TYPE2": "재난지원금" }, "geometry": { "type": "Polygon", "coordinates": [ [ [ 126.913997250429674, 37.588099928439256 ], [ 126.913974044725066, 37.587999181116636 ], [ 126.91383682325457, 37.587996466413585 ], [ 126.913840311247384, 37.588015119392523 ], [ 126.913863722406759, 37.58813361629641 ], [ 126.913997250429674, 37.588099928439256 ] ] ] } },
{ "type": "Feature", "properties": { "PNU": 1.1380107001059401e+18, "피해위치(": "서울특별시 은평구 응암동 594-55 지층", "피해일시": "20250813 - 1200", "F_SHIM": 0.0, "F_AREA": 171.9073234, "F_AVR_HGT": 14.5900732, "ADM_CD": 1138010700, "F_YR": "2025", "F_ZONE_NM": "서울특별시 은평구 응암동 594-55 지층", "TYPE": "주택", "TYPE2": "재난지원금" }, "geometry": { "type": "Polygon", "coordinates": [ [ [ 126.915255903788662, 37.586461062134248 ], [ 126.915355974718636, 37.586375811922004 ], [ 126.915377963519632, 37.586354744916207 ], [ 126.915297746061256, 37.586307114334005 ], [ 126.915283716050681, 37.586299175415803 ], [ 126.915167360945219, 37.586367655332452 ], [ 126.915174709676009, 37.586376760658339 ], [ 126.915215863183946, 37.586427245923204 ], [ 126.915251030786621, 37.586465022907952 ], [ 126.915255903788662, 37.586461062134248 ] ] ] } },
{ "type": "Feature", "properties": { "PNU": 1.1380107001059401e+18, "피해위치(": "서울특별시 은평구 응암동 594-54 지층 1, 2호", "피해일시": "20250813 - 1200", "F_SHIM": 0.0, "F_AREA": 141.9117509, "F_AVR_HGT": 16.6771694, "ADM_CD": 1138010700, "F_YR": "2025", "F_ZONE_NM": "서울특별시 은평구 응암동 594-54 지층 1, 2호", "TYPE": "주택", "TYPE2": "재난지원금" }, "geometry": { "type": "Polygon", "coordinates": [ [ [ 126.915283716050681, 37.586299175415803 ], [ 126.91521983863997, 37.586220022233348 ], [ 126.915097162085132, 37.586272279726508 ], [ 126.915167360945219, 37.586367655332452 ], [ 126.915283716050681, 37.586299175415803 ] ] ] } },
{ "type": "Feature", "properties": { "PNU": 1.1380107001059601e+18, "피해위치(": "서울특별시 은평구 응암동 596-25 1층", "피해일시": "20250813 - 1200", "F_SHIM": 0.0, "F_AREA": 119.9476412, "F_AVR_HGT": 14.3276182, "ADM_CD": 1138010700, "F_YR": "2025", "F_ZONE_NM": "서울특별시 은평구 응암동 596-25 1층", "TYPE": "주택", "TYPE2": "재난지원금" }, "geometry": { "type": "Polygon", "coordinates": [ [ [ 126.915003964691095, 37.588048863921152 ], [ 126.914960373290754, 37.587951976083708 ], [ 126.914872489181462, 37.587972814458958 ], [ 126.91485875877251, 37.587999203238674 ], [ 126.914890364228867, 37.588082567543466 ], [ 126.915003964691095, 37.588048863921152 ] ] ] } },
{ "type": "Feature", "properties": { "PNU": 1.13801070010592e+18, "피해위치(": "서울특별시 은평구 응암동 592-53 지층1호", "피해일시": "20250813 - 1200", "F_SHIM": 0.0, "F_AREA": 107.9626109, "F_AVR_HGT": 13.9332214, "ADM_CD": 1138010700, "F_YR": "2025", "F_ZONE_NM": "서울특별시 은평구 응암동 592-53 지층1호", "TYPE": "주택", "TYPE2": "재난지원금" }, "geometry": { "type": "Polygon", "coordinates": [ [ [ 126.914207678890662, 37.58804656576509 ], [ 126.914170882129554, 37.587949412366555 ], [ 126.914066800908003, 37.587975553966743 ], [ 126.914105295871707, 37.588072708654764 ], [ 126.914207678890662, 37.58804656576509 ] ] ] } },
{ "type": "Feature", "properties": { "PNU": 1.13801070010592e+18, "피해위치(": "서울특별시 은평구 응암동 592-59 1층", "피해일시": "20250813 - 1200", "F_SHIM": 0.0, "F_AREA": 169.8958946, "F_AVR_HGT": 13.312472, "ADM_CD": 1138010700, "F_YR": "2025", "F_ZONE_NM": "서울특별시 은평구 응암동 592-59 1층", "TYPE": "주택", "TYPE2": "재난지원금" }, "geometry": { "type": "Polygon", "coordinates": [ [ [ 126.914066800908003, 37.587975553966743 ], [ 126.914170882129554, 37.587949412366555 ], [ 126.914200102745824, 37.587941325120454 ], [ 126.914182759798621, 37.587861575122204 ], [ 126.914162942024973, 37.5877681283174 ], [ 126.914131574798176, 37.587772339730087 ], [ 126.914152748873377, 37.587867769710819 ], [ 126.914154439928197, 37.587873987758599 ], [ 126.914009606058173, 37.587894152640118 ], [ 126.914010396287622, 37.587896135392796 ], [ 126.914041318788946, 37.587981751881891 ], [ 126.914066800908003, 37.587975553966743 ] ] ] } },
{ "type": "Feature", "properties": { "PNU": 1.1380107001059601e+18, "피해위치(": "서울특별시 은평구 응암동 596-9 지층 좌측", "피해일시": "20250813 - 1200", "F_SHIM": 0.0, "F_AREA": 162.9833737, "F_AVR_HGT": 14.9682938, "ADM_CD": 1138010700, "F_YR": "2025", "F_ZONE_NM": "서울특별시 은평구 응암동 596-9 지층 좌측", "TYPE": "주택", "TYPE2": "재난지원금" }, "geometry": { "type": "Polygon", "coordinates": [ [ [ 126.915529697615639, 37.587911847856233 ], [ 126.915509104359217, 37.587802092884353 ], [ 126.91535574989922, 37.58784784118258 ], [ 126.91540023776669, 37.587953198788554 ], [ 126.915529697615639, 37.587911847856233 ] ] ] } },
{ "type": "Feature", "properties": { "PNU": 1.13801070010592e+18, "피해위치(": "서울특별시 은평구 응암동 592-57 지하", "피해일시": "20250813 - 1200", "F_SHIM": 0.0, "F_AREA": 316.6252331, "F_AVR_HGT": 13.312472, "ADM_CD": 1138010700, "F_YR": "2025", "F_ZONE_NM": "서울특별시 은평구 응암동 592-57 지하", "TYPE": "소상공인", "TYPE2": "재난지원금" }, "geometry": { "type": "Polygon", "coordinates": [ [ [ 126.914258768929997, 37.587926412151745 ], [ 126.914399431979021, 37.587890476649875 ], [ 126.914371439413074, 37.587816395023715 ], [ 126.91434389936687, 37.587742674118175 ], [ 126.914162942024973, 37.5877681283174 ], [ 126.914182759798621, 37.587861575122204 ], [ 126.914200102745824, 37.587941325120454 ], [ 126.914258768929997, 37.587926412151745 ] ] ] } },
{ "type": "Feature", "properties": { "PNU": 1.13801070010592e+18, "피해위치(": "서울특별시 은평구 응암동 592-61 지층", "피해일시": "20250813 - 1200", "F_SHIM": 0.0, "F_AREA": 195.2219391, "F_AVR_HGT": 13.312472, "ADM_CD": 1138010700, "F_YR": "2025", "F_ZONE_NM": "서울특별시 은평구 응암동 592-61 지층", "TYPE": "소상공인", "TYPE2": "재난지원금" }, "geometry": { "type": "Polygon", "coordinates": [ [ [ 126.913821174564447, 37.587920501758418 ], [ 126.914010396287622, 37.587896135392796 ], [ 126.914009606058173, 37.587894152640118 ], [ 126.913989571966823, 37.587792236387756 ], [ 126.913801480492637, 37.587818495628838 ], [ 126.913821174564447, 37.587920501758418 ] ] ] } },
{ "type": "Feature", "properties": { "PNU": 1.13801070010592e+18, "피해위치(": "서울특별시 은평구 응암동 592-60 지하", "피해일시": "20250822 - 1534", "F_SHIM": 0.0, "F_AREA": 142.5793463, "F_AVR_HGT": 13.312472, "ADM_CD": 1138010700, "F_YR": "2025", "F_ZONE_NM": "서울특별시 은평구 응암동 592-60 지하", "TYPE": "주택", "TYPE2": "재난지원금" }, "geometry": { "type": "Polygon", "coordinates": [ [ [ 126.914009606058173, 37.587894152640118 ], [ 126.914152748873377, 37.587867769710819 ], [ 126.914131574798176, 37.587772339730087 ], [ 126.913989571966823, 37.587792236387756 ], [ 126.914009606058173, 37.587894152640118 ] ] ] } },
{ "type": "Feature", "properties": { "PNU": 1.13801070010696e+18, "피해위치(": "서울특별시 은평구 응암동 696-43 지층 나호", "피해일시": "20250813 - 1200", "F_SHIM": 0.0, "F_AREA": 135.6197734, "F_AVR_HGT": 21.6968647, "ADM_CD": 1138010700, "F_YR": "2025", "F_ZONE_NM": "서울특별시 은평구 응암동 696-43 지층 나호", "TYPE": "주택", "TYPE2": "재난지원금" }, "geometry": { "type": "Polygon", "coordinates": [ [ [ 126.918070513819856, 37.58556849710218 ], [ 126.918064889166061, 37.58543460670365 ], [ 126.917970235449928, 37.585437873395712 ], [ 126.917951553220703, 37.585439031452765 ], [ 126.917962218572839, 37.585519857388121 ], [ 126.917993747355951, 37.585572677441554 ], [ 126.918070513819856, 37.58556849710218 ] ] ] } },
{ "type": "Feature", "properties": { "PNU": 1.1380107001059601e+18, "피해위치(": "서울특별시 은평구 응암동 596-14 지하1층 좌측", "피해일시": "20250822 - 1553", "F_SHIM": 0.0, "F_AREA": 171.7821248, "F_AVR_HGT": 14.9682938, "ADM_CD": 1138010700, "F_YR": "2025", "F_ZONE_NM": "서울특별시 은평구 응암동 596-14 지하1층 좌측", "TYPE": "주택", "TYPE2": "재난지원금" }, "geometry": { "type": "Polygon", "coordinates": [ [ [ 126.915349205183659, 37.587828645425425 ], [ 126.915505616270721, 37.587783169658294 ], [ 126.915487050487428, 37.587682606204474 ], [ 126.915392140695459, 37.587709025954162 ], [ 126.915315351730285, 37.587730683641361 ], [ 126.915349205183659, 37.587828645425425 ] ] ] } },
{ "type": "Feature", "properties": { "PNU": 1.1380107001058801e+18, "피해위치(": "서울특별시 은평구 응암동 588-8 지층 가호", "피해일시": "20250813 - 1200", "F_SHIM": 0.0, "F_AREA": 135.0622954, "F_AVR_HGT": 14.1621948, "ADM_CD": 1138010700, "F_YR": "2025", "F_ZONE_NM": "서울특별시 은평구 응암동 588-8 지층 가호", "TYPE": "주택", "TYPE2": "재난지원금" }, "geometry": { "type": "Polygon", "coordinates": [ [ [ 126.914960946740379, 37.590390041268428 ], [ 126.915036670936288, 37.590410368924232 ], [ 126.915082538016122, 37.590303095255948 ], [ 126.915000487289575, 37.590270689798892 ], [ 126.914975249275031, 37.590261030762932 ], [ 126.914973354474284, 37.590264435095492 ], [ 126.914936218680126, 37.590331098741757 ], [ 126.914960946740379, 37.590390041268428 ] ] ] } },
{ "type": "Feature", "properties": { "PNU": 1.1380107001058801e+18, "피해위치(": "서울특별시 은평구 응암동 588-12 지층 우측", "피해일시": "20250813 - 1200", "F_SHIM": 0.0, "F_AREA": 128.941381, "F_AVR_HGT": 14.5028101, "ADM_CD": 1138010700, "F_YR": "2025", "F_ZONE_NM": "서울특별시 은평구 응암동 588-12 지층 우측", "TYPE": "주택", "TYPE2": "재난지원금" }, "geometry": { "type": "Polygon", "coordinates": [ [ [ 126.915489412773098, 37.590352135755531 ], [ 126.915495794235326, 37.590316641613519 ], [ 126.915354298304194, 37.590285814838936 ], [ 126.91534207322097, 37.590283012862372 ], [ 126.91533256522753, 37.590280483163802 ], [ 126.915313329923222, 37.590367414130469 ], [ 126.915438760983221, 37.590386966932634 ], [ 126.915489412773098, 37.590352135755531 ] ] ] } },
{ "type": "Feature", "properties": { "PNU": 1.13801070010589e+18, "피해위치(": "서울특별시 은평구 응암동 589-17", "피해일시": "20250813 - 1121", "F_SHIM": 0.0, "F_AREA": 191.5659809, "F_AVR_HGT": 14.5028101, "ADM_CD": 1138010700, "F_YR": "2025", "F_ZONE_NM": "서울특별시 은평구 응암동 589-17", "TYPE": "주택", "TYPE2": "재난지원금" }, "geometry": { "type": "Polygon", "coordinates": [ [ [ 126.915661910950519, 37.590303247785435 ], [ 126.915761579394115, 37.590276831289437 ], [ 126.915820666429568, 37.590291199856381 ], [ 126.915868863698719, 37.59022436376069 ], [ 126.915875214391747, 37.590215556739068 ], [ 126.915868877306082, 37.590212488793426 ], [ 126.915726065428785, 37.590144450844583 ], [ 126.915724586990962, 37.590150125973146 ], [ 126.915717341946504, 37.590148949427117 ], [ 126.915705266052512, 37.590213451147008 ], [ 126.915677645586541, 37.590207844959814 ], [ 126.91566068161984, 37.590289191531632 ], [ 126.915655922959786, 37.590291981122569 ], [ 126.915661910950519, 37.590303247785435 ] ] ] } },
{ "type": "Feature", "properties": { "PNU": 1.13801070010591e+18, "피해위치(": "서울특별시 은평구 응암동 591-24 지층 좌", "피해일시": "20250822 - 1110", "F_SHIM": 0.0, "F_AREA": 137.0263483, "F_AVR_HGT": 14.423204, "ADM_CD": 1138010700, "F_YR": "2025", "F_ZONE_NM": "서울특별시 은평구 응암동 591-24 지층 좌", "TYPE": "주택", "TYPE2": "재난지원금" }, "geometry": { "type": "Polygon", "coordinates": [ [ [ 126.914469515434391, 37.589154970501738 ], [ 126.914529404085386, 37.589063294401249 ], [ 126.914407065690625, 37.589015271792988 ], [ 126.914387896748551, 37.589044629749232 ], [ 126.914385068165302, 37.58904291579028 ], [ 126.914347861416246, 37.589102533512161 ], [ 126.914449824652408, 37.589146306525691 ], [ 126.914469515434391, 37.589154970501738 ] ] ] } },
{ "type": "Feature", "properties": { "PNU": 1.13801070010593e+18, "피해위치(": "서울특별시 은평구 응암동 593-37 지하", "피해일시": "20250813 - 1200", "F_SHIM": 0.0, "F_AREA": 132.7320623, "F_AVR_HGT": 13.312472, "ADM_CD": 1138010700, "F_YR": "2025", "F_ZONE_NM": "서울특별시 은평구 응암동 593-37 지하", "TYPE": "소상공인", "TYPE2": "재난지원금" }, "geometry": { "type": "Polygon", "coordinates": [ [ [ 126.914066962461504, 37.587643901520813 ], [ 126.914184166013371, 37.58762704977341 ], [ 126.914139091833192, 37.587540611955482 ], [ 126.914123278095019, 37.587508795477866 ], [ 126.914022937450113, 37.587531786363442 ], [ 126.914066962461504, 37.587643901520813 ] ] ] } },
{ "type": "Feature", "properties": { "PNU": 1.13801070010589e+18, "피해위치(": "서울특별시 은평구 응암동 589-19 지층101호", "피해일시": "20250813 - 1200", "F_SHIM": 0.0, "F_AREA": 213.6638399, "F_AVR_HGT": 14.5028101, "ADM_CD": 1138010700, "F_YR": "2025", "F_ZONE_NM": "서울특별시 은평구 응암동 589-19 지층101호", "TYPE": "주택", "TYPE2": "재난지원금" }, "geometry": { "type": "Polygon", "coordinates": [ [ [ 126.915875214391747, 37.590215556739068 ], [ 126.915943937316243, 37.590120732900097 ], [ 126.91586901960433, 37.590088306186999 ], [ 126.915846136891716, 37.590078405780019 ], [ 126.915737291331951, 37.590031295334065 ], [ 126.91573295715331, 37.590058862314073 ], [ 126.91573134967166, 37.590078322413831 ], [ 126.915726065428785, 37.590144450844583 ], [ 126.915868877306082, 37.590212488793426 ], [ 126.915875214391747, 37.590215556739068 ] ] ] } },
{ "type": "Feature", "properties": { "PNU": 1.1380107001059e+18, "피해위치(": "서울특별시 은평구 응암동 590-57 B02호", "피해일시": "20250813 - 1200", "F_SHIM": 0.0, "F_AREA": 146.2506125, "F_AVR_HGT": 14.5028101, "ADM_CD": 1138010700, "F_YR": "2025", "F_ZONE_NM": "서울특별시 은평구 응암동 590-57 B02호", "TYPE": "주택", "TYPE2": "재난지원금" }, "geometry": { "type": "Polygon", "coordinates": [ [ [ 126.916297206060634, 37.590213789890186 ], [ 126.916324955615096, 37.590205520862604 ], [ 126.916328013714661, 37.590204622085061 ], [ 126.916343210699083, 37.590182829224098 ], [ 126.916388688066476, 37.590117720842493 ], [ 126.916300643563119, 37.590078734777364 ], [ 126.916278462717329, 37.590068898029777 ], [ 126.916271318360401, 37.590078713602956 ], [ 126.916210420230712, 37.590163181965522 ], [ 126.91621640356496, 37.590178593126424 ], [ 126.916297206060634, 37.590213789890186 ] ] ] } },
{ "type": "Feature", "properties": { "PNU": 1.1380107001058801e+18, "피해위치(": "서울특별시 은평구 응암동 588-18 b01", "피해일시": "20250822 - 1638", "F_SHIM": 0.0, "F_AREA": 122.9543003, "F_AVR_HGT": 14.1621948, "ADM_CD": 1138010700, "F_YR": "2025", "F_ZONE_NM": "서울특별시 은평구 응암동 588-18 b01", "TYPE": "주택", "TYPE2": "재난지원금" }, "geometry": { "type": "Polygon", "coordinates": [ [ [ 126.915372284223636, 37.590202216595571 ], [ 126.915390020293827, 37.590138890319857 ], [ 126.915385605149197, 37.590138346507509 ], [ 126.915393785884419, 37.590113575399585 ], [ 126.915258286715172, 37.590086717216586 ], [ 126.915232263083624, 37.590169138289014 ], [ 126.915372284223636, 37.590202216595571 ] ] ] } },
{ "type": "Feature", "properties": { "PNU": 1.1380107001058801e+18, "피해위치(": "서울특별시 은평구 응암동 588-24 지하우측", "피해일시": "20250822 - 1501", "F_SHIM": 0.0, "F_AREA": 137.4788534, "F_AVR_HGT": 14.1621948, "ADM_CD": 1138010700, "F_YR": "2025", "F_ZONE_NM": "서울특별시 은평구 응암동 588-24 지하우측", "TYPE": "주택", "TYPE2": "재난지원금" }, "geometry": { "type": "Polygon", "coordinates": [ [ [ 126.915176410029787, 37.5901978388572 ], [ 126.915211082094174, 37.590077943161013 ], [ 126.915212900555758, 37.590071997992055 ], [ 126.915130851379729, 37.590038421345561 ], [ 126.915105783107961, 37.590077866123536 ], [ 126.915059616336791, 37.590150721973473 ], [ 126.915075007410834, 37.590157220334802 ], [ 126.915176410029787, 37.5901978388572 ] ] ] } },
{ "type": "Feature", "properties": { "PNU": 1.13801070010593e+18, "피해위치(": "서울특별시 은평구 응암동 593-2 지층 뒤쪽", "피해일시": "20250813 - 1200", "F_SHIM": 0.0, "F_AREA": 108.7985563, "F_AVR_HGT": 13.312472, "ADM_CD": 1138010700, "F_YR": "2025", "F_ZONE_NM": "서울특별시 은평구 응암동 593-2 지층 뒤쪽", "TYPE": "주택", "TYPE2": "재난지원금" }, "geometry": { "type": "Polygon", "coordinates": [ [ [ 126.914236493341491, 37.58751365446399 ], [ 126.914216217553346, 37.587424622150515 ], [ 126.91409187878638, 37.587443721108777 ], [ 126.914123278095019, 37.587508795477866 ], [ 126.914139091833192, 37.587540611955482 ], [ 126.914236493341491, 37.58751365446399 ] ] ] } },
{ "type": "Feature", "properties": { "PNU": 1.1380107001058801e+18, "피해위치(": "서울특별시 은평구 응암동 588-28 B01호", "피해일시": "20250813 - 1200", "F_SHIM": 0.0, "F_AREA": 158.1164473, "F_AVR_HGT": 14.1621948, "ADM_CD": 1138010700, "F_YR": "2025", "F_ZONE_NM": "서울특별시 은평구 응암동 588-28 B01호", "TYPE": "주택", "TYPE2": "재난지원금" }, "geometry": { "type": "Polygon", "coordinates": [ [ [ 126.915059616336791, 37.590150721973473 ], [ 126.915105783107961, 37.590077866123536 ], [ 126.915130851379729, 37.590038421345561 ], [ 126.915107877502834, 37.590029124388408 ], [ 126.915019377226074, 37.589993290480052 ], [ 126.914961421595294, 37.590077760354994 ], [ 126.914942821434551, 37.590104776253057 ], [ 126.915059616336791, 37.590150721973473 ] ] ] } },
{ "type": "Feature", "properties": { "PNU": 1.13801070010701e+18, "피해위치(": "서울특별시 은평구 응암동 701-23", "피해일시": "20250822 - 1714", "F_SHIM": 0.0, "F_AREA": 127.6129179, "F_AVR_HGT": 22.276466, "ADM_CD": 1138010700, "F_YR": "2025", "F_ZONE_NM": "서울특별시 은평구 응암동 701-23", "TYPE": "주택", "TYPE2": "재난지원금" }, "geometry": { "type": "Polygon", "coordinates": [ [ [ 126.916538646474606, 37.584995548861322 ], [ 126.916490850563889, 37.584912083194482 ], [ 126.916360030141789, 37.584960191614208 ], [ 126.916410545096085, 37.585041947421367 ], [ 126.916538646474606, 37.584995548861322 ] ] ] } },
{ "type": "Feature", "properties": { "PNU": 1.13801070010593e+18, "피해위치(": "서울특별시 은평구 응암동 593-3 102호(지하)", "피해일시": "20250813 - 1200", "F_SHIM": 0.0, "F_AREA": 117.4111395, "F_AVR_HGT": 13.312472, "ADM_CD": 1138010700, "F_YR": "2025", "F_ZONE_NM": "서울특별시 은평구 응암동 593-3 102호(지하)", "TYPE": "주택", "TYPE2": "재난지원금" }, "geometry": { "type": "Polygon", "coordinates": [ [ [ 126.914216217553346, 37.587424622150515 ], [ 126.914197411891365, 37.587337122594313 ], [ 126.914051892897376, 37.587363143426053 ], [ 126.914066917297433, 37.587392166275613 ], [ 126.91409187878638, 37.587443721108777 ], [ 126.914216217553346, 37.587424622150515 ] ] ] } },
{ "type": "Feature", "properties": { "PNU": 1.1380107001059501e+18, "피해위치(": "서울특별시 은평구 응암동 595-18 지하B102호", "피해일시": "20250822 - 1946", "F_SHIM": 0.0, "F_AREA": 167.8553438, "F_AVR_HGT": 14.0544497, "ADM_CD": 1138010700, "F_YR": "2025", "F_ZONE_NM": "서울특별시 은평구 응암동 595-18 지하B102호", "TYPE": "주택", "TYPE2": "재난지원금" }, "geometry": { "type": "Polygon", "coordinates": [ [ [ 126.915324549811317, 37.587412552551072 ], [ 126.915300205543502, 37.5873159491764 ], [ 126.91512954679871, 37.587346457897667 ], [ 126.915153099872128, 37.587441709250562 ], [ 126.915324549811317, 37.587412552551072 ] ] ] } },
{ "type": "Feature", "properties": { "PNU": 1.1380107001058701e+18, "피해위치(": "서울특별시 은평구 응암동 587-43 지층 2호", "피해일시": "20250813 - 1200", "F_SHIM": 0.0, "F_AREA": 220.6753462, "F_AVR_HGT": 14.1621948, "ADM_CD": 1138010700, "F_YR": "2025", "F_ZONE_NM": "서울특별시 은평구 응암동 587-43 지층 2호", "TYPE": "주택", "TYPE2": "재난지원금" }, "geometry": { "type": "Polygon", "coordinates": [ [ [ 126.914884881687712, 37.590077704205292 ], [ 126.914928662099641, 37.590012414943253 ], [ 126.914787313135619, 37.58995320657958 ], [ 126.914689535917873, 37.589911148812945 ], [ 126.914705770862057, 37.589970896035609 ], [ 126.91473373391139, 37.590071376383612 ], [ 126.914800982173858, 37.590077642599603 ], [ 126.914879551353607, 37.590085268563911 ], [ 126.914884881687712, 37.590077704205292 ] ] ] } },
{ "type": "Feature", "properties": { "PNU": 1.13801070010593e+18, "피해위치(": "서울특별시 은평구 응암동 593-4 지하4호", "피해일시": "20250813 - 1200", "F_SHIM": 0.0, "F_AREA": 127.3510198, "F_AVR_HGT": 13.312472, "ADM_CD": 1138010700, "F_YR": "2025", "F_ZONE_NM": "서울특별시 은평구 응암동 593-4 지하4호", "TYPE": "주택", "TYPE2": "재난지원금" }, "geometry": { "type": "Polygon", "coordinates": [ [ [ 126.914197411891365, 37.587337122594313 ], [ 126.914179838960663, 37.587260525865048 ], [ 126.914011113496343, 37.58728346612552 ], [ 126.914051892897376, 37.587363143426053 ], [ 126.914197411891365, 37.587337122594313 ] ] ] } },
{ "type": "Feature", "properties": { "PNU": 1.1380107001059501e+18, "피해위치(": "서울특별시 은평구 응암동 595-19 지층 2호", "피해일시": "20250813 - 1200", "F_SHIM": 0.0, "F_AREA": 148.0717915, "F_AVR_HGT": 14.0544497, "ADM_CD": 1138010700, "F_YR": "2025", "F_ZONE_NM": "서울특별시 은평구 응암동 595-19 지층 2호", "TYPE": "주택", "TYPE2": "재난지원금" }, "geometry": { "type": "Polygon", "coordinates": [ [ [ 126.915300205543502, 37.5873159491764 ], [ 126.91527946911134, 37.587232592911349 ], [ 126.915108021233934, 37.587260307971889 ], [ 126.915120644338629, 37.58731014168491 ], [ 126.91512954679871, 37.587346457897667 ], [ 126.915300205543502, 37.5873159491764 ] ] ] } },
{ "type": "Feature", "properties": { "PNU": 1.1380107001059501e+18, "피해위치(": "서울특별시 은평구 응암동 595-23 b03호", "피해일시": "20250813 - 1811", "F_SHIM": 0.0, "F_AREA": 161.6384018, "F_AVR_HGT": 14.0544497, "ADM_CD": 1138010700, "F_YR": "2025", "F_ZONE_NM": "서울특별시 은평구 응암동 595-23 b03호", "TYPE": "주택", "TYPE2": "재난지원금" }, "geometry": { "type": "Polygon", "coordinates": [ [ [ 126.915120644338629, 37.58731014168491 ], [ 126.915108021233934, 37.587260307971889 ], [ 126.915092130067762, 37.587197227383989 ], [ 126.914972778813421, 37.587211825997343 ], [ 126.914950131504028, 37.587214602444789 ], [ 126.914953054366919, 37.587232624289456 ], [ 126.914970499841885, 37.587322194995629 ], [ 126.915120644338629, 37.58731014168491 ] ] ] } },
{ "type": "Feature", "properties": { "PNU": 1.13801070010595e+18, "피해위치(": "서울특별시 은평구 응암동 595-10 지층02호", "피해일시": "20250813 - 1200", "F_SHIM": 0.0, "F_AREA": 106.4860462, "F_AVR_HGT": 14.9682938, "ADM_CD": 1138010700, "F_YR": "2025", "F_ZONE_NM": "서울특별시 은평구 응암동 595-10 지층02호", "TYPE": "주택", "TYPE2": "재난지원금" }, "geometry": { "type": "Polygon", "coordinates": [ [ [ 126.915617124002267, 37.587303836728822 ], [ 126.915591992959065, 37.587201917027897 ], [ 126.915585878230985, 37.587202633364797 ], [ 126.915492682631182, 37.587215809965286 ], [ 126.915506191014941, 37.587283663983818 ], [ 126.915516224206129, 37.587321422567705 ], [ 126.915617124002267, 37.587303836728822 ] ] ] } },
{ "type": "Feature", "properties": { "PNU": 1.13801070010587e+18, "피해위치(": "서울특별시 은평구 응암동 587-4 지하좌측", "피해일시": "20250813 - 1200", "F_SHIM": 0.0, "F_AREA": 189.633652, "F_AVR_HGT": 14.1621948, "ADM_CD": 1138010700, "F_YR": "2025", "F_ZONE_NM": "서울특별시 은평구 응암동 587-4 지하좌측", "TYPE": "주택", "TYPE2": "재난지원금" }, "geometry": { "type": "Polygon", "coordinates": [ [ [ 126.914928662099641, 37.590012414943253 ], [ 126.914997164489336, 37.589913356863143 ], [ 126.914850507170883, 37.589842882375017 ], [ 126.914787313135619, 37.58995320657958 ], [ 126.914928662099641, 37.590012414943253 ] ] ] } },
{ "type": "Feature", "properties": { "PNU": 1.13801070010593e+18, "피해위치(": "서울특별시 은평구 응암동 593-5 지하101호", "피해일시": "20250822 - 1607", "F_SHIM": 0.0, "F_AREA": 137.2709233, "F_AVR_HGT": 13.312472, "ADM_CD": 1138010700, "F_YR": "2025", "F_ZONE_NM": "서울특별시 은평구 응암동 593-5 지하101호", "TYPE": "주택", "TYPE2": "재난지원금" }, "geometry": { "type": "Polygon", "coordinates": [ [ [ 126.914011113496343, 37.58728346612552 ], [ 126.914179838960663, 37.587260525865048 ], [ 126.914157424967925, 37.587160499937916 ], [ 126.914056178616903, 37.587183850577105 ], [ 126.914031810306639, 37.587205996751962 ], [ 126.914009530097161, 37.587282023375664 ], [ 126.914011113496343, 37.58728346612552 ] ] ] } },
{ "type": "Feature", "properties": { "PNU": 1.1380107001059501e+18, "피해위치(": "서울특별시 은평구 응암동 595-40   지층", "피해일시": "20250822 - 1958", "F_SHIM": 0.0, "F_AREA": 77.4558515, "F_AVR_HGT": 13.312472, "ADM_CD": 1138010700, "F_YR": "2025", "F_ZONE_NM": "서울특별시 은평구 응암동 595-40   지층", "TYPE": "주택", "TYPE2": "재난지원금" }, "geometry": { "type": "Polygon", "coordinates": [ [ [ 126.914350692291279, 37.587257498704233 ], [ 126.91432350043371, 37.587176660262145 ], [ 126.914269599359372, 37.58718364811876 ], [ 126.91423887288876, 37.58722110638282 ], [ 126.914252618461333, 37.587278779588523 ], [ 126.914350692291279, 37.587257498704233 ] ] ] } },
{ "type": "Feature", "properties": { "PNU": 1.1380107001059501e+18, "피해위치(": "서울특별시 은평구 응암동 595-39 반지하", "피해일시": "20250813 - 1200", "F_SHIM": 0.0, "F_AREA": 111.7168317, "F_AVR_HGT": 14.0544497, "ADM_CD": 1138010700, "F_YR": "2025", "F_ZONE_NM": "서울특별시 은평구 응암동 595-39 반지하", "TYPE": "주택", "TYPE2": "재난지원금" }, "geometry": { "type": "Polygon", "coordinates": [ [ [ 126.914486704448507, 37.58722804675152 ], [ 126.914474333189901, 37.587156769711363 ], [ 126.91432350043371, 37.587176660262145 ], [ 126.914350692291279, 37.587257498704233 ], [ 126.914486704448507, 37.58722804675152 ] ] ] } },
{ "type": "Feature", "properties": { "PNU": 1.1380107001059501e+18, "피해위치(": "서울특별시 은평구 응암동 595-31 B02호", "피해일시": "20250822 - 2010", "F_SHIM": 0.0, "F_AREA": 163.0269733, "F_AVR_HGT": 14.0544497, "ADM_CD": 1138010700, "F_YR": "2025", "F_ZONE_NM": "서울특별시 은평구 응암동 595-31 B02호", "TYPE": "주택", "TYPE2": "재난지원금" }, "geometry": { "type": "Polygon", "coordinates": [ [ [ 126.914786739863032, 37.587227096299017 ], [ 126.914767278204579, 37.58711896379014 ], [ 126.914612596112974, 37.587138851881555 ], [ 126.914629121990203, 37.587239954571103 ], [ 126.914786739863032, 37.587227096299017 ] ] ] } },
{ "type": "Feature", "properties": { "PNU": 1.1380107001059501e+18, "피해위치(": "서울특별시 은평구 응암동 595-22 B02호", "피해일시": "20250813 - 1133", "F_SHIM": 0.0, "F_AREA": 165.1690016, "F_AVR_HGT": 14.5900732, "ADM_CD": 1138010700, "F_YR": "2025", "F_ZONE_NM": "서울특별시 은평구 응암동 595-22 B02호", "TYPE": "주택", "TYPE2": "재난지원금" }, "geometry": { "type": "Polygon", "coordinates": [ [ [ 126.915092130067762, 37.587197227383989 ], [ 126.915106511031411, 37.587195526040475 ], [ 126.915101440800541, 37.587174168982742 ], [ 126.915112765123496, 37.587172195105239 ], [ 126.915091928740608, 37.587077576418636 ], [ 126.914950382658972, 37.587095492402533 ], [ 126.914972778813421, 37.587211825997343 ], [ 126.915092130067762, 37.587197227383989 ] ] ] } },
{ "type": "Feature", "properties": { "PNU": 1.13801070010733e+18, "피해위치(": "서울특별시 은평구 응암동 733-14 지하", "피해일시": "20250813 - 1200", "F_SHIM": 0.0, "F_AREA": 190.0916498, "F_AVR_HGT": 28.0104385, "ADM_CD": 1138010700, "F_YR": "2025", "F_ZONE_NM": "서울특별시 은평구 응암동 733-14 지하", "TYPE": "주택", "TYPE2": "재난지원금" }, "geometry": { "type": "Polygon", "coordinates": [ [ [ 126.919156723562011, 37.58474963353143 ], [ 126.919174487476326, 37.584656934518598 ], [ 126.919030056005909, 37.58462710116131 ], [ 126.918991317307217, 37.584746544759575 ], [ 126.919151369323586, 37.584779632611621 ], [ 126.919155810483488, 37.584756300186811 ], [ 126.919156723562011, 37.58474963353143 ] ] ] } },
{ "type": "Feature", "properties": { "PNU": 1.13801070010593e+18, "피해위치(": "서울특별시 은평구 응암동 593-20 지층 2호", "피해일시": "20250822 - 1904", "F_SHIM": 0.0, "F_AREA": 104.1991762, "F_AVR_HGT": 13.5448166, "ADM_CD": 1138010700, "F_YR": "2025", "F_ZONE_NM": "서울특별시 은평구 응암동 593-20 지층 2호", "TYPE": "주택", "TYPE2": "재난지원금" }, "geometry": { "type": "Polygon", "coordinates": [ [ [ 126.913745430495624, 37.58714812111581 ], [ 126.913707864459866, 37.587032046299939 ], [ 126.913624059764373, 37.587050544222691 ], [ 126.913663997058123, 37.587171936641482 ], [ 126.913745430495624, 37.58714812111581 ] ] ] } },
{ "type": "Feature", "properties": { "PNU": 1.1380107001059501e+18, "피해위치(": "서울특별시 은평구 응암동 595-21 지층B", "피해일시": "20250813 - 1200", "F_SHIM": 0.0, "F_AREA": 135.5348706, "F_AVR_HGT": 14.5900732, "ADM_CD": 1138010700, "F_YR": "2025", "F_ZONE_NM": "서울특별시 은평구 응암동 595-21 지층B", "TYPE": "주택", "TYPE2": "재난지원금" }, "geometry": { "type": "Polygon", "coordinates": [ [ [ 126.915258393064391, 37.587149236393351 ], [ 126.915234721424312, 37.587058579994014 ], [ 126.915091928740608, 37.587077576418636 ], [ 126.915112765123496, 37.587172195105239 ], [ 126.915258393064391, 37.587149236393351 ] ] ] } },
{ "type": "Feature", "properties": { "PNU": 1.13801070010593e+18, "피해위치(": "서울특별시 은평구 응암동 593-7 1층", "피해일시": "20250813 - 1200", "F_SHIM": 0.0, "F_AREA": 137.2559466, "F_AVR_HGT": 13.5448166, "ADM_CD": 1138010700, "F_YR": "2025", "F_ZONE_NM": "서울특별시 은평구 응암동 593-7 1층", "TYPE": "주택", "TYPE2": "재난지원금" }, "geometry": { "type": "Polygon", "coordinates": [ [ [ 126.914134898025452, 37.587060293724214 ], [ 126.913977313735202, 37.587044680022835 ], [ 126.913998442754121, 37.587081545979785 ], [ 126.914047364299407, 37.58716942828503 ], [ 126.914153933250006, 37.587145000410615 ], [ 126.914134898025452, 37.587060293724214 ] ] ] } },
{ "type": "Feature", "properties": { "PNU": 1.13801070010595e+18, "피해위치(": "서울특별시 은평구 응암동 595-13 지층 우측", "피해일시": "20250813 - 1100", "F_SHIM": 0.0, "F_AREA": 147.1405583, "F_AVR_HGT": 14.5900732, "ADM_CD": 1138010700, "F_YR": "2025", "F_ZONE_NM": "서울특별시 은평구 응암동 595-13 지층 우측", "TYPE": "주택", "TYPE2": "재난지원금" }, "geometry": { "type": "Polygon", "coordinates": [ [ [ 126.91529271377469, 37.587136287282796 ], [ 126.915470499453974, 37.587110468641967 ], [ 126.915453381678546, 37.587030809081149 ], [ 126.915271749608692, 37.587054102128143 ], [ 126.91529271377469, 37.587136287282796 ] ] ] } },
{ "type": "Feature", "properties": { "PNU": 1.1380107001059401e+18, "피해위치(": "서울특별시 은평구 응암동 594-74 B 3호", "피해일시": "20250823 - 1613", "F_SHIM": 0.0, "F_AREA": 173.0624976, "F_AVR_HGT": 13.5448166, "ADM_CD": 1138010700, "F_YR": "2025", "F_ZONE_NM": "서울특별시 은평구 응암동 594-74 B 3호", "TYPE": "주택", "TYPE2": "재난지원금" }, "geometry": { "type": "Polygon", "coordinates": [ [ [ 126.91436851654565, 37.587118670066701 ], [ 126.914348384709882, 37.587003239013114 ], [ 126.914278746804513, 37.58700967466126 ], [ 126.914194387961857, 37.58701808154661 ], [ 126.914214321113036, 37.587109546276174 ], [ 126.914258449337737, 37.587133274811876 ], [ 126.914299214831246, 37.58712798912719 ], [ 126.91436851654565, 37.587118670066701 ] ] ] } },
{ "type": "Feature", "properties": { "PNU": 1.1380107001059401e+18, "피해위치(": "서울특별시 은평구 응암동 594-76 나동 102호", "피해일시": "20250813 - 1200", "F_SHIM": 0.0, "F_AREA": 135.3135683, "F_AVR_HGT": 14.5900732, "ADM_CD": 1138010700, "F_YR": "2025", "F_ZONE_NM": "서울특별시 은평구 응암동 594-76 나동 102호", "TYPE": "주택", "TYPE2": "재난지원금" }, "geometry": { "type": "Polygon", "coordinates": [ [ [ 126.91448900112394, 37.587103081816018 ], [ 126.914466712784517, 37.586992064019235 ], [ 126.914348384709882, 37.587003239013114 ], [ 126.91436851654565, 37.587118670066701 ], [ 126.91448900112394, 37.587103081816018 ] ] ] } },
{ "type": "Feature", "properties": { "PNU": 1.1380107001059401e+18, "피해위치(": "서울특별시 은평구 응암동 594-77 지층", "피해일시": "20250813 - 1200", "F_SHIM": 0.0, "F_AREA": 134.6165812, "F_AVR_HGT": 14.5900732, "ADM_CD": 1138010700, "F_YR": "2025", "F_ZONE_NM": "서울특별시 은평구 응암동 594-77 지층", "TYPE": "주택", "TYPE2": "재난지원금" }, "geometry": { "type": "Polygon", "coordinates": [ [ [ 126.91461141018587, 37.587087675056175 ], [ 126.914590928579528, 37.586980622947024 ], [ 126.914466712784517, 37.586992064019235 ], [ 126.91448900112394, 37.587103081816018 ], [ 126.91461141018587, 37.587087675056175 ] ] ] } },
{ "type": "Feature", "properties": { "PNU": 1.1380107001059401e+18, "피해위치(": "서울특별시 은평구 응암동 594-78 지층 우측", "피해일시": "20250813 - 1100", "F_SHIM": 0.0, "F_AREA": 157.19043, "F_AVR_HGT": 14.5900732, "ADM_CD": 1138010700, "F_YR": "2025", "F_ZONE_NM": "서울특별시 은평구 응암동 594-78 지층 우측", "TYPE": "주택", "TYPE2": "재난지원금" }, "geometry": { "type": "Polygon", "coordinates": [ [ [ 126.91475216421037, 37.587069398502543 ], [ 126.91473440648609, 37.586956492016775 ], [ 126.914590928579528, 37.586980622947024 ], [ 126.91461141018587, 37.587087675056175 ], [ 126.91475216421037, 37.587069398502543 ] ] ] } },
{ "type": "Feature", "properties": { "PNU": 1.13801070010593e+18, "피해위치(": "서울특별시 은평구 응암동 593-9 1층, 2층", "피해일시": "20250813 - 1200", "F_SHIM": 0.0, "F_AREA": 90.9394212, "F_AVR_HGT": 13.5448166, "ADM_CD": 1138010700, "F_YR": "2025", "F_ZONE_NM": "서울특별시 은평구 응암동 593-9 1층, 2층", "TYPE": "소상공인", "TYPE2": "재난지원금" }, "geometry": { "type": "Polygon", "coordinates": [ [ [ 126.913895804543571, 37.587036690879479 ], [ 126.913835218329851, 37.58695159289946 ], [ 126.913764526757802, 37.586987579772675 ], [ 126.913776607249076, 37.58701660047241 ], [ 126.913805628797931, 37.587081402867589 ], [ 126.913895804543571, 37.587036690879479 ] ] ] } },
{ "type": "Feature", "properties": { "PNU": 1.13801070010587e+18, "피해위치(": "서울특별시 은평구 응암동 587-6 미즈머리까끼", "피해일시": "20250813 - 1200", "F_SHIM": 0.0, "F_AREA": 115.9293712, "F_AVR_HGT": 14.1621948, "ADM_CD": 1138010700, "F_YR": "2025", "F_ZONE_NM": "서울특별시 은평구 응암동 587-6 미즈머리까끼", "TYPE": "소상공인", "TYPE2": "재난지원금" }, "geometry": { "type": "Polygon", "coordinates": [ [ [ 126.915068270856523, 37.589814300648591 ], [ 126.915097871571461, 37.589771795847263 ], [ 126.915080705766087, 37.589733491430032 ], [ 126.914968102151093, 37.589686377520657 ], [ 126.914923757096588, 37.589750585205252 ], [ 126.915068270856523, 37.589814300648591 ] ] ] } },
{ "type": "Feature", "properties": { "PNU": 1.13801070010592e+18, "피해위치(": "서울특별시 은평구 응암동 592-15 지층 우측", "피해일시": "20250813 - 1200", "F_SHIM": 0.0, "F_AREA": 130.5652195, "F_AVR_HGT": 14.3276182, "ADM_CD": 1138010700, "F_YR": "2025", "F_ZONE_NM": "서울특별시 은평구 응암동 592-15 지층 우측", "TYPE": "주택", "TYPE2": "재난지원금" }, "geometry": { "type": "Polygon", "coordinates": [ [ [ 126.914616406131643, 37.588633678828202 ], [ 126.914644165308175, 37.588519364283393 ], [ 126.914585175833082, 37.588519861446066 ], [ 126.914546815364233, 37.588501002605618 ], [ 126.914539417542258, 37.588533973200668 ], [ 126.914517117840489, 37.588626848305218 ], [ 126.914516091287425, 37.588633334639489 ], [ 126.914591579908446, 37.588659879207633 ], [ 126.914613676325857, 37.588644398538136 ], [ 126.914616406131643, 37.588633678828202 ] ] ] } },
{ "type": "Feature", "properties": { "PNU": 1.1380107001059401e+18, "피해위치(": "서울특별시 은평구 응암동 594-79 101호", "피해일시": "20250813 - 1200", "F_SHIM": 0.0, "F_AREA": 217.7466918, "F_AVR_HGT": 14.5900732, "ADM_CD": 1138010700, "F_YR": "2025", "F_ZONE_NM": "서울특별시 은평구 응암동 594-79 101호", "TYPE": "주택", "TYPE2": "재난지원금" }, "geometry": { "type": "Polygon", "coordinates": [ [ [ 126.914937420669503, 37.587045117829952 ], [ 126.914912543279499, 37.586920583440318 ], [ 126.91473440648609, 37.586956492016775 ], [ 126.91475216421037, 37.587069398502543 ], [ 126.914937420669503, 37.587045117829952 ] ] ] } },
{ "type": "Feature", "properties": { "PNU": 1.13801070010593e+18, "피해위치(": "서울특별시 은평구 응암동 593-12", "피해일시": "20250813 - 1200", "F_SHIM": 0.0, "F_AREA": 52.8082042, "F_AVR_HGT": 13.5448166, "ADM_CD": 1138010700, "F_YR": "2025", "F_ZONE_NM": "서울특별시 은평구 응암동 593-12", "TYPE": "주택", "TYPE2": "재난지원금" }, "geometry": { "type": "Polygon", "coordinates": [ [ [ 126.914128366226095, 37.58703037618406 ], [ 126.914112257396354, 37.586960537912887 ], [ 126.914026880559703, 37.586968133038269 ], [ 126.914037348444452, 37.587020758325536 ], [ 126.914128366226095, 37.58703037618406 ] ] ] } },
{ "type": "Feature", "properties": { "PNU": 1.13801070010597e+18, "피해위치(": "서울특별시 은평구 응암동 597-23 b01호", "피해일시": "20250813 - 1145", "F_SHIM": 0.0, "F_AREA": 88.4619641, "F_AVR_HGT": 14.3276182, "ADM_CD": 1138010700, "F_YR": "2025", "F_ZONE_NM": "서울특별시 은평구 응암동 597-23 b01호", "TYPE": "주택", "TYPE2": "재난지원금" }, "geometry": { "type": "Polygon", "coordinates": [ [ [ 126.915156862155527, 37.588497215868991 ], [ 126.915148129088905, 37.588412156507474 ], [ 126.915143713006955, 37.588412513670185 ], [ 126.915070906343416, 37.588416604904069 ], [ 126.915017461503282, 37.588419989494895 ], [ 126.915033712754237, 37.588465591237139 ], [ 126.915083052870116, 37.588487070815852 ], [ 126.91511575849519, 37.588500609532495 ], [ 126.915141575788581, 37.588498375964676 ], [ 126.915156862155527, 37.588497215868991 ] ] ] } },
{ "type": "Feature", "properties": { "PNU": 1.13801070010597e+18, "피해위치(": "서울특별시 은평구 응암동 597-12 지하좌측", "피해일시": "20250813 - 1200", "F_SHIM": 0.0, "F_AREA": 129.7331742, "F_AVR_HGT": 14.3276182, "ADM_CD": 1138010700, "F_YR": "2025", "F_ZONE_NM": "서울특별시 은평구 응암동 597-12 지하좌측", "TYPE": "주택", "TYPE2": "재난지원금" }, "geometry": { "type": "Polygon", "coordinates": [ [ [ 126.915316315862682, 37.588465527653192 ], [ 126.915305808221007, 37.58844641910013 ], [ 126.91535101993631, 37.588415187936441 ], [ 126.915340959053054, 37.588401395523256 ], [ 126.915214481767237, 37.588408330802956 ], [ 126.915148129088905, 37.588412156507474 ], [ 126.915156862155527, 37.588497215868991 ], [ 126.915238395850935, 37.588485472589866 ], [ 126.915316315862682, 37.588465527653192 ] ] ] } },
{ "type": "Feature", "properties": { "PNU": 1.1380107001059401e+18, "피해위치(": "서울특별시 은평구 응암동 594-84 지층", "피해일시": "20250822 - 2136", "F_SHIM": 0.0, "F_AREA": 110.8235109, "F_AVR_HGT": 14.5900732, "ADM_CD": 1138010700, "F_YR": "2025", "F_ZONE_NM": "서울특별시 은평구 응암동 594-84 지층", "TYPE": "주택", "TYPE2": "재난지원금" }, "geometry": { "type": "Polygon", "coordinates": [ [ [ 126.915437361175464, 37.586981513514871 ], [ 126.915421924226322, 37.586917081821817 ], [ 126.915313556545655, 37.586931058101513 ], [ 126.915255362530928, 37.586930114604634 ], [ 126.915267846054121, 37.587002833224247 ], [ 126.915437361175464, 37.586981513514871 ] ] ] } },
{ "type": "Feature", "properties": { "PNU": 1.13801070010594e+18, "피해위치(": "서울특별시 은평구 응암동 594-10 지층 우측", "피해일시": "20250813 - 1115", "F_SHIM": 0.0, "F_AREA": 163.2385249, "F_AVR_HGT": 14.5900732, "ADM_CD": 1138010700, "F_YR": "2025", "F_ZONE_NM": "서울특별시 은평구 응암동 594-10 지층 우측", "TYPE": "주택", "TYPE2": "재난지원금" }, "geometry": { "type": "Polygon", "coordinates": [ [ [ 126.914661404404853, 37.586935084977846 ], [ 126.914621890636838, 37.586837659406704 ], [ 126.914609320305345, 37.586840172910982 ], [ 126.914568778810249, 37.586847711330869 ], [ 126.914471954250587, 37.586866200265533 ], [ 126.914481357508095, 37.586958287876925 ], [ 126.914583832076303, 37.586949353538095 ], [ 126.914661404404853, 37.586935084977846 ] ] ] } },
{ "type": "Feature", "properties": { "PNU": 1.13801070010594e+18, "피해위치(": "서울특별시 은평구 응암동 594-12 지층 우측", "피해일시": "20250813 - 1200", "F_SHIM": 0.0, "F_AREA": 124.678055, "F_AVR_HGT": 14.5900732, "ADM_CD": 1138010700, "F_YR": "2025", "F_ZONE_NM": "서울특별시 은평구 응암동 594-12 지층 우측", "TYPE": "주택", "TYPE2": "재난지원금" }, "geometry": { "type": "Polygon", "coordinates": [ [ [ 126.914770910370933, 37.586915974518256 ], [ 126.914730171972963, 37.586800528380607 ], [ 126.914621890636838, 37.586837659406704 ], [ 126.914661404404853, 37.586935084977846 ], [ 126.914770910370933, 37.586915974518256 ] ] ] } },
{ "type": "Feature", "properties": { "PNU": 1.13801070010594e+18, "피해위치(": "서울특별시 은평구 응암동 594-19 지층1호", "피해일시": "20250822 - 1357", "F_SHIM": 0.0, "F_AREA": 96.5750602, "F_AVR_HGT": 14.5900732, "ADM_CD": 1138010700, "F_YR": "2025", "F_ZONE_NM": "서울특별시 은평구 응암동 594-19 지층1호", "TYPE": "주택", "TYPE2": "재난지원금" }, "geometry": { "type": "Polygon", "coordinates": [ [ [ 126.914868754840668, 37.586896675200634 ], [ 126.91495527445629, 37.586879800157583 ], [ 126.914967642753041, 37.586856203416637 ], [ 126.914922330626709, 37.586779316154072 ], [ 126.914844079504292, 37.586793314092333 ], [ 126.914868754840668, 37.586896675200634 ] ] ] } },
{ "type": "Feature", "properties": { "PNU": 1.1380107001059e+18, "피해위치(": "서울특별시 은평구 응암동 590-27 상가 지층", "피해일시": "20250813 - 1200", "F_SHIM": 0.0, "F_AREA": 190.4856161, "F_AVR_HGT": 14.8748117, "ADM_CD": 1138010700, "F_YR": "2025", "F_ZONE_NM": "서울특별시 은평구 응암동 590-27 상가 지층", "TYPE": "소상공인", "TYPE2": "재난지원금" }, "geometry": { "type": "Polygon", "coordinates": [ [ [ 126.915403960450092, 37.589635790659621 ], [ 126.9154217801089, 37.589598052399381 ], [ 126.915505592602656, 37.589476480564528 ], [ 126.915406569830083, 37.589434692776294 ], [ 126.915303247893362, 37.589586433281568 ], [ 126.915377600325044, 37.589617481437031 ], [ 126.915403960450092, 37.589635790659621 ] ] ] } },
{ "type": "Feature", "properties": { "PNU": 1.1380107001058701e+18, "피해위치(": "서울특별시 은평구 응암동 587-27", "피해일시": "20250813 - 1100", "F_SHIM": 0.0, "F_AREA": 137.6825208, "F_AVR_HGT": 14.423204, "ADM_CD": 1138010700, "F_YR": "2025", "F_ZONE_NM": "서울특별시 은평구 응암동 587-27", "TYPE": "주택", "TYPE2": "재난지원금" }, "geometry": { "type": "Polygon", "coordinates": [ [ [ 126.914439125174326, 37.589583546521808 ], [ 126.914419534755353, 37.589488658379324 ], [ 126.914276056828456, 37.589508554285622 ], [ 126.914293949025918, 37.589603170901299 ], [ 126.914439125174326, 37.589583546521808 ] ] ] } },
{ "type": "Feature", "properties": { "PNU": 1.13801070010592e+18, "피해위치(": "서울특별시 은평구 응암동 592-29 지층4호", "피해일시": "20250813 - 1100", "F_SHIM": 0.0, "F_AREA": 187.2228393, "F_AVR_HGT": 14.3276182, "ADM_CD": 1138010700, "F_YR": "2025", "F_ZONE_NM": "서울특별시 은평구 응암동 592-29 지층4호", "TYPE": "주택", "TYPE2": "재난지원금" }, "geometry": { "type": "Polygon", "coordinates": [ [ [ 126.914968476799345, 37.588482752234825 ], [ 126.914936651530851, 37.588393441295082 ], [ 126.914805955214192, 37.588426051111419 ], [ 126.914778558365995, 37.588423508225382 ], [ 126.914689576907946, 37.588413802268875 ], [ 126.914665267168743, 37.588482799826046 ], [ 126.914968476799345, 37.588482752234825 ] ] ] } },
{ "type": "Feature", "properties": { "PNU": 1.13801070010592e+18, "피해위치(": "서울특별시 은평구 응암동 592-22 지층1호", "피해일시": "20250813 - 1116", "F_SHIM": 0.0, "F_AREA": 104.106324, "F_AVR_HGT": 13.9332214, "ADM_CD": 1138010700, "F_YR": "2025", "F_ZONE_NM": "서울특별시 은평구 응암동 592-22 지층1호", "TYPE": "주택", "TYPE2": "재난지원금" }, "geometry": { "type": "Polygon", "coordinates": [ [ [ 126.914221833505309, 37.588335792388911 ], [ 126.914192869073716, 37.588318291858521 ], [ 126.914178852652441, 37.588308190457951 ], [ 126.914139550073756, 37.5883399661382 ], [ 126.91407011234196, 37.588338743437802 ], [ 126.914063476311597, 37.588397843129584 ], [ 126.914079779249903, 37.588398756191729 ], [ 126.91420476631707, 37.588407588260878 ], [ 126.914221833505309, 37.588335792388911 ] ] ] } },
{ "type": "Feature", "properties": { "PNU": 1.13801070010594e+18, "피해위치(": "서울특별시 은평구 응암동 594-26 지하층", "피해일시": "20250813 - 1200", "F_SHIM": 0.0, "F_AREA": 111.5786308, "F_AVR_HGT": 14.5900732, "ADM_CD": 1138010700, "F_YR": "2025", "F_ZONE_NM": "서울특별시 은평구 응암동 594-26 지하층", "TYPE": "주택", "TYPE2": "재난지원금" }, "geometry": { "type": "Polygon", "coordinates": [ [ [ 126.91510919226063, 37.586825133030807 ], [ 126.915052695259988, 37.586727487942227 ], [ 126.914955413946103, 37.586759338548923 ], [ 126.914963663648336, 37.586772589079594 ], [ 126.915005247379185, 37.586842716205602 ], [ 126.915034217371755, 37.586855080929773 ], [ 126.915056303055167, 37.586848339720099 ], [ 126.91510919226063, 37.586825133030807 ] ] ] } },
{ "type": "Feature", "properties": { "PNU": 1.13801070010594e+18, "피해위치(": "서울특별시 은평구 응암동 594-17 지상1층", "피해일시": "20250813 - 1200", "F_SHIM": 0.0, "F_AREA": 59.2208282, "F_AVR_HGT": 14.5900732, "ADM_CD": 1138010700, "F_YR": "2025", "F_ZONE_NM": "서울특별시 은평구 응암동 594-17 지상1층", "TYPE": "주택", "TYPE2": "재난지원금" }, "geometry": { "type": "Polygon", "coordinates": [ [ [ 126.914811139143623, 37.586787613695051 ], [ 126.91476966591766, 37.586720009339736 ], [ 126.914751358011173, 37.586690984162772 ], [ 126.914700043693642, 37.586713200766901 ], [ 126.914749648384586, 37.586798290235471 ], [ 126.914811139143623, 37.586787613695051 ] ] ] } },
{ "type": "Feature", "properties": { "PNU": 1.13801070010594e+18, "피해위치(": "서울특별시 은평구 응암동 594-20 지층 좌", "피해일시": "20250813 - 1145", "F_SHIM": 0.0, "F_AREA": 95.2075642, "F_AVR_HGT": 14.5900732, "ADM_CD": 1138010700, "F_YR": "2025", "F_ZONE_NM": "서울특별시 은평구 응암동 594-20 지층 좌", "TYPE": "주택", "TYPE2": "재난지원금" }, "geometry": { "type": "Polygon", "coordinates": [ [ [ 126.914844079504292, 37.586793314092333 ], [ 126.914922330626709, 37.586779316154072 ], [ 126.914916454682796, 37.586769401007004 ], [ 126.914867866812898, 37.586686024226161 ], [ 126.91476966591766, 37.586720009339736 ], [ 126.914811139143623, 37.586787613695051 ], [ 126.914841601415006, 37.586782320254237 ], [ 126.914844079504292, 37.586793314092333 ] ] ] } },
{ "type": "Feature", "properties": { "PNU": 1.13801070010594e+18, "피해위치(": "서울특별시 은평구 응암동 594-25 지층101호", "피해일시": "20250813 - 1100", "F_SHIM": 0.0, "F_AREA": 93.0811133, "F_AVR_HGT": 14.5900732, "ADM_CD": 1138010700, "F_YR": "2025", "F_ZONE_NM": "서울특별시 은평구 응암동 594-25 지층101호", "TYPE": "주택", "TYPE2": "재난지원금" }, "geometry": { "type": "Polygon", "coordinates": [ [ [ 126.915052695259988, 37.586727487942227 ], [ 126.915062786954195, 37.586724188718293 ], [ 126.915016794867, 37.586647841583336 ], [ 126.914912359810657, 37.586688039044951 ], [ 126.914955413946103, 37.586759338548923 ], [ 126.915052695259988, 37.586727487942227 ] ] ] } },
{ "type": "Feature", "properties": { "PNU": 1.1380107001059401e+18, "피해위치(": "서울특별시 은평구 응암동 594-99", "피해일시": "20250824 - 1007", "F_SHIM": 0.0, "F_AREA": 117.4034245, "F_AVR_HGT": 14.5900732, "ADM_CD": 1138010700, "F_YR": "2025", "F_ZONE_NM": "서울특별시 은평구 응암동 594-99", "TYPE": "주택", "TYPE2": "재난지원금" }, "geometry": { "type": "Polygon", "coordinates": [ [ [ 126.914552653739946, 37.58674285181349 ], [ 126.914512048511796, 37.586659273540135 ], [ 126.914464515182928, 37.586545804464912 ], [ 126.914440274379601, 37.586555967718098 ], [ 126.914460983861431, 37.58675872267024 ], [ 126.914552653739946, 37.58674285181349 ] ] ] } },
{ "type": "Feature", "properties": { "PNU": 1.13801070010594e+18, "피해위치(": "서울특별시 은평구 응암동 594-4 지층", "피해일시": "20250813 - 1100", "F_SHIM": 0.0, "F_AREA": 106.5364591, "F_AVR_HGT": 15.8952347, "ADM_CD": 1138010700, "F_YR": "2025", "F_ZONE_NM": "서울특별시 은평구 응암동 594-4 지층", "TYPE": "주택", "TYPE2": "재난지원금" }, "geometry": { "type": "Polygon", "coordinates": [ [ [ 126.915596540362969, 37.586693224146309 ], [ 126.915622153975647, 37.586670628059736 ], [ 126.91557082584437, 37.586606620753415 ], [ 126.915475118482647, 37.586638626102705 ], [ 126.915464467136744, 37.586646186613713 ], [ 126.915539089015056, 37.586735798912322 ], [ 126.915596540362969, 37.586693224146309 ] ] ] } },
{ "type": "Feature", "properties": { "PNU": 1.13801070010591e+18, "피해위치(": "서울특별시 은평구 응암동 591-35 지하 102호", "피해일시": "20250813 - 1200", "F_SHIM": 0.0, "F_AREA": 166.7470243, "F_AVR_HGT": 14.423204, "ADM_CD": 1138010700, "F_YR": "2025", "F_ZONE_NM": "서울특별시 은평구 응암동 591-35 지하 102호", "TYPE": "주택", "TYPE2": "재난지원금" }, "geometry": { "type": "Polygon", "coordinates": [ [ [ 126.915059545047257, 37.589527150438606 ], [ 126.915119423693227, 37.589443763096462 ], [ 126.915130763562459, 37.589428634852609 ], [ 126.915000622178653, 37.589371597303902 ], [ 126.914928156101766, 37.589471823768108 ], [ 126.915059545047257, 37.589527150438606 ] ] ] } },
{ "type": "Feature", "properties": { "PNU": 1.13801070010597e+18, "피해위치(": "서울특별시 은평구 응암동 597-38 지층가호", "피해일시": "20250813 - 1131", "F_SHIM": 0.0, "F_AREA": 149.8388557, "F_AVR_HGT": 14.3276182, "ADM_CD": 1138010700, "F_YR": "2025", "F_ZONE_NM": "서울특별시 은평구 응암동 597-38 지층가호", "TYPE": "주택", "TYPE2": "재난지원금" }, "geometry": { "type": "Polygon", "coordinates": [ [ [ 126.915239535068878, 37.588381319570793 ], [ 126.915191327395846, 37.588281238963184 ], [ 126.915189531484359, 37.588277498562448 ], [ 126.915188921521576, 37.58827625475719 ], [ 126.915113136933471, 37.588290416850583 ], [ 126.915046468659995, 37.588302882712235 ], [ 126.915081013020313, 37.588390754039075 ], [ 126.915239535068878, 37.588381319570793 ] ] ] } },
{ "type": "Feature", "properties": { "PNU": 1.1380107001059201e+18, "피해위치(": "서울특별시 은평구 응암동 592-87 지하좌측", "피해일시": "20250813 - 1200", "F_SHIM": 0.0, "F_AREA": 98.551523, "F_AVR_HGT": 13.9332214, "ADM_CD": 1138010700, "F_YR": "2025", "F_ZONE_NM": "서울특별시 은평구 응암동 592-87 지하좌측", "TYPE": "주택", "TYPE2": "재난지원금" }, "geometry": { "type": "Polygon", "coordinates": [ [ [ 126.91407011234196, 37.588338743437802 ], [ 126.914139550073756, 37.5883399661382 ], [ 126.914178852652441, 37.588308190457951 ], [ 126.914132911734796, 37.588275180410612 ], [ 126.914075668523736, 37.588234863995751 ], [ 126.914034635054065, 37.58827510761725 ], [ 126.914007997510637, 37.588301036237631 ], [ 126.91401761389433, 37.588307440358953 ], [ 126.914021155276075, 37.588309551288624 ], [ 126.91407011234196, 37.588338743437802 ] ] ] } },
{ "type": "Feature", "properties": { "PNU": 1.13801070010594e+18, "피해위치(": "서울특별시 은평구 응암동 594-21 지층", "피해일시": "20250813 - 1200", "F_SHIM": 0.0, "F_AREA": 163.1288102, "F_AVR_HGT": 14.5900732, "ADM_CD": 1138010700, "F_YR": "2025", "F_ZONE_NM": "서울특별시 은평구 응암동 594-21 지층", "TYPE": "주택", "TYPE2": "재난지원금" }, "geometry": { "type": "Polygon", "coordinates": [ [ [ 126.91476966591766, 37.586720009339736 ], [ 126.914867866812898, 37.586686024226161 ], [ 126.914819392270644, 37.586602647507434 ], [ 126.914786397524082, 37.586546311697212 ], [ 126.914686038385526, 37.586586511953925 ], [ 126.914719715320388, 37.586640325535001 ], [ 126.914751358011173, 37.586690984162772 ], [ 126.91476966591766, 37.586720009339736 ] ] ] } },
{ "type": "Feature", "properties": { "PNU": 1.13801070010594e+18, "피해위치(": "서울특별시 은평구 응암동 594-23 지하 우", "피해일시": "20250822 - 2130", "F_SHIM": 0.0, "F_AREA": 129.6560085, "F_AVR_HGT": 14.5900732, "ADM_CD": 1138010700, "F_YR": "2025", "F_ZONE_NM": "서울특별시 은평구 응암동 594-23 지하 우", "TYPE": "주택", "TYPE2": "재난지원금" }, "geometry": { "type": "Polygon", "coordinates": [ [ [ 126.914996536393858, 37.586641069347927 ], [ 126.914924665088236, 37.586523347985832 ], [ 126.914832805031438, 37.586557067508686 ], [ 126.914903884314043, 37.586674247753734 ], [ 126.914996536393858, 37.586641069347927 ] ] ] } },
{ "type": "Feature", "properties": { "PNU": 1.1380107001059401e+18, "피해위치(": "서울특별시 은평구 응암동 594-69 지층 1호", "피해일시": "20250813 - 1200", "F_SHIM": 0.0, "F_AREA": 227.2369205, "F_AVR_HGT": 14.5900732, "ADM_CD": 1138010700, "F_YR": "2025", "F_ZONE_NM": "서울특별시 은평구 응암동 594-69 지층 1호", "TYPE": "주택", "TYPE2": "재난지원금" }, "geometry": { "type": "Polygon", "coordinates": [ [ [ 126.914512048511796, 37.586659273540135 ], [ 126.914628484588036, 37.586619445660851 ], [ 126.914643209088197, 37.586614320882873 ], [ 126.914638350389225, 37.586605938145098 ], [ 126.914686038385526, 37.586586511953925 ], [ 126.914638809208739, 37.586503406371392 ], [ 126.914624009527273, 37.586475825331895 ], [ 126.914464515182928, 37.586545804464912 ], [ 126.914512048511796, 37.586659273540135 ] ] ] } },
{ "type": "Feature", "properties": { "PNU": 1.1380107001059401e+18, "피해위치(": "서울특별시 은평구 응암동 594-58 지층우측", "피해일시": "20250813 - 1200", "F_SHIM": 0.0, "F_AREA": 153.634579, "F_AVR_HGT": 14.5900732, "ADM_CD": 1138010700, "F_YR": "2025", "F_ZONE_NM": "서울특별시 은평구 응암동 594-58 지층우측", "TYPE": "주택", "TYPE2": "재난지원금" }, "geometry": { "type": "Polygon", "coordinates": [ [ [ 126.915262821821926, 37.586647210724678 ], [ 126.915359821843708, 37.586574301764841 ], [ 126.915262995329229, 37.586496836427749 ], [ 126.915258606079632, 37.586474038295499 ], [ 126.915255903788662, 37.586461062134248 ], [ 126.915251030786621, 37.586465022907952 ], [ 126.915240377779085, 37.586474024974073 ], [ 126.915174644632373, 37.586531099372188 ], [ 126.915181087729266, 37.586540113936451 ], [ 126.915235317078356, 37.586611178247175 ], [ 126.915262821821926, 37.586647210724678 ] ] ] } },
{ "type": "Feature", "properties": { "PNU": 1.13801070010594e+18, "피해위치(": "서울특별시 은평구 응암동 594-22 지하1호", "피해일시": "20250822 - 2133", "F_SHIM": 0.0, "F_AREA": 172.6592241, "F_AVR_HGT": 14.5900732, "ADM_CD": 1138010700, "F_YR": "2025", "F_ZONE_NM": "서울특별시 은평구 응암동 594-22 지하1호", "TYPE": "주택", "TYPE2": "재난지원금" }, "geometry": { "type": "Polygon", "coordinates": [ [ [ 126.9150976944332, 37.586595283304433 ], [ 126.915095546909441, 37.586592128284138 ], [ 126.915035407666309, 37.586511265870712 ], [ 126.915030659543362, 37.58650513569286 ], [ 126.915006217710683, 37.586473853597106 ], [ 126.914917552550378, 37.586505836626273 ], [ 126.914915253196412, 37.586506699885156 ], [ 126.914823652860349, 37.586541023251606 ], [ 126.914832805031438, 37.586557067508686 ], [ 126.914924665088236, 37.586523347985832 ], [ 126.914996536393858, 37.586641069347927 ], [ 126.9150976944332, 37.586595283304433 ] ] ] } },
{ "type": "Feature", "properties": { "PNU": 1.13801090010029e+18, "피해위치(": "서울특별시 은평구 신사동 29-85 지층B호", "피해일시": "20250813 - 1200", "F_SHIM": 0.0, "F_AREA": 206.0803751, "F_AVR_HGT": 26.259132, "ADM_CD": 1138010900, "F_YR": "2025", "F_ZONE_NM": "서울특별시 은평구 신사동 29-85 지층B호", "TYPE": "주택", "TYPE2": "재난지원금" }, "geometry": { "type": "Polygon", "coordinates": [ [ [ 126.911101296653612, 37.59640202761954 ], [ 126.911244415647559, 37.596409705427654 ], [ 126.911256821031898, 37.59626393576265 ], [ 126.911114043434978, 37.596255086952247 ], [ 126.911101296653612, 37.59640202761954 ] ] ] } },
{ "type": "Feature", "properties": { "PNU": 1.13801070010769e+18, "피해위치(": "서울특별시 은평구 응암동 769 상가A동 109호", "피해일시": "20250813 - 1200", "F_SHIM": 0.0, "F_AREA": 80657.839131500004, "F_AVR_HGT": 46.4452835, "ADM_CD": 1138010700, "F_YR": "2025", "F_ZONE_NM": "서울특별시 은평구 응암동 769 상가A동 109호", "TYPE": "소상공인", "TYPE2": "재난지원금" }, "geometry": { "type": "Polygon", "coordinates": [ [ [ 126.93346840015441, 37.598238650789334 ], [ 126.933380218148258, 37.598081828789709 ], [ 126.933369474776896, 37.598066325671077 ], [ 126.933355672617935, 37.598052352456989 ], [ 126.93333915088958, 37.598040449932412 ], [ 126.93332047561131, 37.59803079861998 ], [ 126.93330009948275, 37.598023669075388 ], [ 126.933278475202684, 37.598019331854545 ], [ 126.933256972810625, 37.598017922896609 ], [ 126.932697832168486, 37.598017598204883 ], [ 126.932638972704964, 37.598016455661515 ], [ 126.932580081325355, 37.598013087640915 ], [ 126.932537587069476, 37.598009260663531 ], [ 126.932491606640085, 37.598003791842167 ], [ 126.932446352123733, 37.597997035021258 ], [ 126.932394770131566, 37.597987625586065 ], [ 126.932348069314457, 37.597977507211958 ], [ 126.932306453055517, 37.597967157545298 ], [ 126.931619218932369, 37.597785708934708 ], [ 126.931589025797578, 37.597778185857543 ], [ 126.931557020472937, 37.597771103180456 ], [ 126.931527810802422, 37.597765400657288 ], [ 126.93149982322835, 37.597760617855052 ], [ 126.931473578670662, 37.597756719044455 ], [ 126.931446733498206, 37.597753315412383 ], [ 126.930508106738458, 37.597644474249265 ], [ 126.930504710088471, 37.59764401270413 ], [ 126.930498007283418, 37.597643188776196 ], [ 126.93049382929506, 37.597642735770449 ], [ 126.930487126318951, 37.597642092038519 ], [ 126.930480377945656, 37.597641556396894 ], [ 126.930474716477377, 37.597641192595979 ], [ 126.930465182390535, 37.597640763394793 ], [ 126.930450892202785, 37.597640520535805 ], [ 126.930433125054748, 37.597640915279435 ], [ 126.930417791953673, 37.597641870096474 ], [ 126.930405244214612, 37.597643087874893 ], [ 126.930396852424536, 37.597644118949731 ], [ 126.930385980220606, 37.597645716148818 ], [ 126.930369229657757, 37.597648778406793 ], [ 126.930352127263163, 37.597652678364945 ], [ 126.930338920511034, 37.597656247306048 ], [ 126.930323697036542, 37.597660986307858 ], [ 126.930309922821039, 37.597665897368913 ], [ 126.930295162452083, 37.597671852974194 ], [ 126.930276730760269, 37.597680392184508 ], [ 126.930261934636462, 37.59768821279998 ], [ 126.93024801001657, 37.597696466411897 ], [ 126.93023095703721, 37.597707898604675 ], [ 126.930216508875191, 37.597718926925964 ], [ 126.930207045997435, 37.597726930952788 ], [ 126.930195111563648, 37.597738077917953 ], [ 126.930183119106175, 37.597750693449953 ], [ 126.930169571615338, 37.597767173260088 ], [ 126.930155249739698, 37.597788229596716 ], [ 126.93014044510231, 37.597816781822488 ], [ 126.930134871669424, 37.597830932903022 ], [ 126.930132180691089, 37.59783854458626 ], [ 126.930109483562845, 37.597902518705865 ], [ 126.930002702076663, 37.598091092969057 ], [ 126.929947268440486, 37.598249109888236 ], [ 126.929913100542663, 37.598348062196351 ], [ 126.929864107575327, 37.598496532552311 ], [ 126.929918801489166, 37.598508179419234 ], [ 126.929904026361683, 37.598552958340811 ], [ 126.92985089413456, 37.598683992146007 ], [ 126.929776837242798, 37.598824824916619 ], [ 126.929773641528826, 37.599122165496198 ], [ 126.929773778660476, 37.599132662035217 ], [ 126.929774436706538, 37.599143140871142 ], [ 126.929775413170077, 37.599152214366647 ], [ 126.929776808495291, 37.599161414254368 ], [ 126.929778679111251, 37.599170938784944 ], [ 126.929780799553171, 37.599179733670859 ], [ 126.929783688815505, 37.599189781390749 ], [ 126.929796468218285, 37.599230630730098 ], [ 126.929815826387113, 37.599319119051081 ], [ 126.929879757203253, 37.599370351741349 ], [ 126.930105305096745, 37.599419159538627 ], [ 126.930488357862799, 37.599479477253148 ], [ 126.930659385859329, 37.599524043576878 ], [ 126.930719881380256, 37.599544595268341 ], [ 126.930766497033034, 37.599561741902633 ], [ 126.930794649276933, 37.599572669682004 ], [ 126.9308290607907, 37.599586628507254 ], [ 126.930881616356729, 37.59960927465108 ], [ 126.930920712261781, 37.599627200579178 ], [ 126.9309499487225, 37.59964122835229 ], [ 126.930971499395142, 37.599651917886511 ], [ 126.931005069870324, 37.599669200785797 ], [ 126.931037089058805, 37.599686401660627 ], [ 126.931057235104944, 37.59969760390085 ], [ 126.931074721196111, 37.599707570203044 ], [ 126.931103388871179, 37.599724408666198 ], [ 126.93111962948575, 37.59973422105152 ], [ 126.931138042807532, 37.599745620460659 ], [ 126.931161005348073, 37.599760221069268 ], [ 126.931177471574728, 37.599770970603629 ], [ 126.931201576382549, 37.599787130585987 ], [ 126.931219230287809, 37.599799313385354 ], [ 126.931241489682563, 37.599815075827692 ], [ 126.93125716264619, 37.599826473586454 ], [ 126.931271443513594, 37.599837077649383 ], [ 126.931286901034866, 37.599848790620037 ], [ 126.931307529554587, 37.599864822374371 ], [ 126.931327150572187, 37.599880511152271 ], [ 126.931340785469331, 37.599891673432118 ], [ 126.931358742478707, 37.59990672151725 ], [ 126.931375397924199, 37.599921039029709 ], [ 126.931388817080105, 37.599932840873826 ], [ 126.931405879236323, 37.599948185744438 ], [ 126.931420768701145, 37.599961925572138 ], [ 126.931437343635395, 37.599977594502697 ], [ 126.931466125382414, 37.600005821372321 ], [ 126.931478151337998, 37.600018027821662 ], [ 126.931489091039481, 37.600029332642066 ], [ 126.931500720604021, 37.60004160192269 ], [ 126.931510528622724, 37.600052149243837 ], [ 126.931523831967169, 37.600066744051553 ], [ 126.931532225573761, 37.600076137273611 ], [ 126.931542327139269, 37.60008763079847 ], [ 126.931556896548045, 37.600104613958358 ], [ 126.931566522521777, 37.600116098189339 ], [ 126.931580435141157, 37.600133089966846 ], [ 126.931596869545658, 37.600153795287241 ], [ 126.931606822612849, 37.600166685242364 ], [ 126.931614852726497, 37.600177303580203 ], [ 126.931625099356054, 37.600191121720286 ], [ 126.931635447467301, 37.600205408430753 ], [ 126.931649029565776, 37.600224706521097 ], [ 126.93165706996264, 37.600236451090979 ], [ 126.93166823118348, 37.600253125885096 ], [ 126.931777026817315, 37.600428963021386 ], [ 126.931788988187009, 37.600474100333194 ], [ 126.931800441039186, 37.600530247356723 ], [ 126.931831937086628, 37.600683991693252 ], [ 126.931846330816171, 37.600719552983257 ], [ 126.931851887465143, 37.600747576837009 ], [ 126.93186260638069, 37.600801534029848 ], [ 126.932378944213696, 37.6007484363545 ], [ 126.932371617430476, 37.60069958976932 ], [ 126.93245098628482, 37.600468678230854 ], [ 126.932509679510275, 37.600357639361178 ], [ 126.932514410036489, 37.600348542197146 ], [ 126.932524883441658, 37.600325456121794 ], [ 126.93255680987275, 37.600259802117911 ], [ 126.932598187081837, 37.600174710406755 ], [ 126.932686261096777, 37.600117756596802 ], [ 126.932847743730093, 37.60016449455825 ], [ 126.932849724967198, 37.600165000261498 ], [ 126.932872616732737, 37.600170860958301 ], [ 126.932964498315599, 37.600197123961088 ], [ 126.932982895013254, 37.600202387376676 ], [ 126.933121138368492, 37.600239759261825 ], [ 126.933253664161398, 37.60027610956719 ], [ 126.933318614284275, 37.600293445991149 ], [ 126.933369172478535, 37.600272563374723 ], [ 126.933726790392384, 37.599405708108939 ], [ 126.933859173983777, 37.599222623173127 ], [ 126.933877408788703, 37.599193874236768 ], [ 126.93388507960303, 37.599176327477224 ], [ 126.933891135930295, 37.599153445970799 ], [ 126.933893032870714, 37.599134463338764 ], [ 126.933891111458806, 37.599105414535032 ], [ 126.933861682149896, 37.598916299282699 ], [ 126.933826894045836, 37.598692763377827 ], [ 126.933819280932951, 37.598659161340166 ], [ 126.933808102398203, 37.598623836378195 ], [ 126.933793412853205, 37.598589230187194 ], [ 126.933775211975714, 37.598555703159001 ], [ 126.933753612762075, 37.598523525651963 ], [ 126.93372884160884, 37.598492787892589 ], [ 126.933701011510621, 37.59846376023885 ], [ 126.933612423782165, 37.598378746566866 ], [ 126.933569340583674, 37.598337393661296 ], [ 126.933544427478793, 37.598313476225407 ], [ 126.93346840015441, 37.598238650789334 ] ], [ [ 126.932192220499672, 37.5993577854153 ], [ 126.93208916184706, 37.599357724838043 ], [ 126.932016346593997, 37.599299703708212 ], [ 126.932016422865715, 37.599217705262213 ], [ 126.932089345783837, 37.599159769903466 ], [ 126.932192404163416, 37.599159830480268 ], [ 126.932265219417175, 37.599217851502857 ], [ 126.932265143418505, 37.599299849949297 ], [ 126.932192220499672, 37.5993577854153 ] ] ] } },
{ "type": "Feature", "properties": { "PNU": 1.1380108001006601e+18, "피해위치(": "서울특별시 은평구 역촌동 66-36", "피해일시": "20250813 - 1200", "F_SHIM": 0.0, "F_AREA": 170.1444864, "F_AVR_HGT": 18.4971825, "ADM_CD": 1138010800, "F_YR": "2025", "F_ZONE_NM": "서울특별시 은평구 역촌동 66-36", "TYPE": "주택", "TYPE2": "재난지원금" }, "geometry": { "type": "Polygon", "coordinates": [ [ [ 126.913741512652336, 37.602438355385537 ], [ 126.913886563656902, 37.602450266044066 ], [ 126.913901198186565, 37.602331437287908 ], [ 126.913756146669428, 37.602320157334795 ], [ 126.913741512652336, 37.602438355385537 ] ] ] } },
{ "type": "Feature", "properties": { "PNU": 1.13801080010042e+18, "피해위치(": "서울특별시 은평구 역촌동 42-24 B02호", "피해일시": "20250813 - 1208", "F_SHIM": 0.0, "F_AREA": 135.4151404, "F_AVR_HGT": 18.1469875, "ADM_CD": 1138010800, "F_YR": "2025", "F_ZONE_NM": "서울특별시 은평구 역촌동 42-24 B02호", "TYPE": "주택", "TYPE2": "재난지원금" }, "geometry": { "type": "Polygon", "coordinates": [ [ [ 126.918822421243135, 37.60130336258193 ], [ 126.918948223452475, 37.601311919896702 ], [ 126.918961366615264, 37.601203000254699 ], [ 126.918835904611598, 37.601194172897344 ], [ 126.918822421243135, 37.60130336258193 ] ] ] } },
{ "type": "Feature", "properties": { "PNU": 1.1380109001002001e+18, "피해위치(": "서울특별시 은평구 신사동 20-30 지하", "피해일시": "20250813 - 1200", "F_SHIM": 0.0, "F_AREA": 151.5511047, "F_AVR_HGT": 23.9548985, "ADM_CD": 1138010900, "F_YR": "2025", "F_ZONE_NM": "서울특별시 은평구 신사동 20-30 지하", "TYPE": "주택", "TYPE2": "재난지원금" }, "geometry": { "type": "Polygon", "coordinates": [ [ [ 126.91054114554953, 37.598339252255172 ], [ 126.910688912892155, 37.598345312549142 ], [ 126.910691634091492, 37.598249269820194 ], [ 126.910538221101049, 37.598230050821343 ], [ 126.910539296538062, 37.598276812685377 ], [ 126.91054114554953, 37.598339252255172 ] ] ] } },
{ "type": "Feature", "properties": { "PNU": 1.13801090010014e+18, "피해위치(": "서울특별시 은평구 신사동 14-31 지상 1층", "피해일시": "20250813 - 1200", "F_SHIM": 0.0, "F_AREA": 338.7694389, "F_AVR_HGT": 28.8990646, "ADM_CD": 1138010900, "F_YR": "2025", "F_ZONE_NM": "서울특별시 은평구 신사동 14-31 지상 1층", "TYPE": "주택", "TYPE2": "재난지원금" }, "geometry": { "type": "Polygon", "coordinates": [ [ [ 126.907963975776369, 37.600239753719976 ], [ 126.908035886052119, 37.600237558238859 ], [ 126.908031943331935, 37.600130518333103 ], [ 126.908030541331613, 37.600074476077943 ], [ 126.907926469291468, 37.600078087630571 ], [ 126.907818206011186, 37.6000827769439 ], [ 126.907822420353384, 37.600243876053995 ], [ 126.907963975776369, 37.600239753719976 ] ] ] } },
{ "type": "Feature", "properties": { "PNU": 1.1380108001008301e+18, "피해위치(": "서울특별시 은평구 역촌동 83-35 b01", "피해일시": "20250813 - 1200", "F_SHIM": 0.0, "F_AREA": 130.3454635, "F_AVR_HGT": 17.8084465, "ADM_CD": 1138010800, "F_YR": "2025", "F_ZONE_NM": "서울특별시 은평구 역촌동 83-35 b01", "TYPE": "주택", "TYPE2": "재난지원금" }, "geometry": { "type": "Polygon", "coordinates": [ [ [ 126.915600765734695, 37.601041758501658 ], [ 126.91561048893729, 37.600956802887318 ], [ 126.915456493565131, 37.600945698708884 ], [ 126.915449748090467, 37.60100146463472 ], [ 126.915446542357017, 37.60103182542219 ], [ 126.915600765734695, 37.601041758501658 ] ] ] } },
{ "type": "Feature", "properties": { "PNU": 1.13801090010014e+18, "피해위치(": "서울특별시 은평구 신사동 14-2 지하 나호", "피해일시": "20250813 - 1200", "F_SHIM": 0.0, "F_AREA": 144.7966737, "F_AVR_HGT": 23.9636665, "ADM_CD": 1138010900, "F_YR": "2025", "F_ZONE_NM": "서울특별시 은평구 신사동 14-2 지하 나호", "TYPE": "주택", "TYPE2": "재난지원금" }, "geometry": { "type": "Polygon", "coordinates": [ [ [ 126.909395540001569, 37.600162854610815 ], [ 126.909523052987907, 37.600159079839017 ], [ 126.909518665609838, 37.600043570393041 ], [ 126.909391267282189, 37.600046354168391 ], [ 126.909391829704148, 37.600049417949762 ], [ 126.909395540001569, 37.600162854610815 ] ] ] } },
{ "type": "Feature", "properties": { "PNU": 1.1380108001008401e+18, "피해위치(": "서울특별시 은평구 역촌동 84-8 b02호", "피해일시": "20250813 - 1202", "F_SHIM": 0.0, "F_AREA": 148.8755851, "F_AVR_HGT": 17.9289299, "ADM_CD": 1138010800, "F_YR": "2025", "F_ZONE_NM": "서울특별시 은평구 역촌동 84-8 b02호", "TYPE": "주택", "TYPE2": "재난지원금" }, "geometry": { "type": "Polygon", "coordinates": [ [ [ 126.9148437730138, 37.600921554497212 ], [ 126.914847773660796, 37.600889482441815 ], [ 126.914860807602778, 37.600782184940755 ], [ 126.914751990912194, 37.600775347624747 ], [ 126.914737816555856, 37.600889401647542 ], [ 126.91473518522038, 37.600912464876501 ], [ 126.914757151698211, 37.600914463188182 ], [ 126.9148437730138, 37.600921554497212 ] ] ] } },
{ "type": "Feature", "properties": { "PNU": 1.13801090010022e+18, "피해위치(": "서울특별시 은평구 신사동 22-35 103호", "피해일시": "20250813 - 1200", "F_SHIM": 0.0, "F_AREA": 287.0575302, "F_AVR_HGT": 17.3037468, "ADM_CD": 1138010900, "F_YR": "2025", "F_ZONE_NM": "서울특별시 은평구 신사동 22-35 103호", "TYPE": "주택", "TYPE2": "재난지원금" }, "geometry": { "type": "Polygon", "coordinates": [ [ [ 126.914020543846107, 37.597894184191553 ], [ 126.91418114740091, 37.597865111275269 ], [ 126.914150932430971, 37.597751835297281 ], [ 126.914330904081964, 37.597718451790371 ], [ 126.914323802051129, 37.597691146745753 ], [ 126.914143833096517, 37.597722277785365 ], [ 126.913983910413435, 37.597750360074919 ], [ 126.913996875607211, 37.597799022794646 ], [ 126.914020543846107, 37.597894184191553 ] ] ] } },
{ "type": "Feature", "properties": { "PNU": 1.13801090010029e+18, "피해위치(": "서울특별시 은평구 신사동 29-8   101호", "피해일시": "20250813 - 1200", "F_SHIM": 0.0, "F_AREA": 208.038679, "F_AVR_HGT": 21.4706779, "ADM_CD": 1138010900, "F_YR": "2025", "F_ZONE_NM": "서울특별시 은평구 신사동 29-8   101호", "TYPE": "주택", "TYPE2": "재난지원금" }, "geometry": { "type": "Polygon", "coordinates": [ [ [ 126.911552910859896, 37.597783400243067 ], [ 126.911616420859644, 37.597796422794914 ], [ 126.911657097310368, 37.597681848678597 ], [ 126.911699595267933, 37.597559076982684 ], [ 126.911664386876552, 37.597552382907644 ], [ 126.911618247095689, 37.597690288338875 ], [ 126.911500740115713, 37.597663439572983 ], [ 126.911466987466497, 37.597764233871992 ], [ 126.911552910859896, 37.597783400243067 ] ] ] } },
{ "type": "Feature", "properties": { "PNU": 1.1380108001003401e+18, "피해위치(": "서울특별시 은평구 역촌동 34-47 한양빌라 지층 101호", "피해일시": "20250813 - 1200", "F_SHIM": 0.0, "F_AREA": 181.7988064, "F_AVR_HGT": 18.1681458, "ADM_CD": 1138010800, "F_YR": "2025", "F_ZONE_NM": "서울특별시 은평구 역촌동 34-47 한양빌라 지층 101호", "TYPE": "주택", "TYPE2": "재난지원금" }, "geometry": { "type": "Polygon", "coordinates": [ [ [ 126.918147013781208, 37.603159812924687 ], [ 126.918162447254588, 37.60302945163756 ], [ 126.918021583567878, 37.60301836008081 ], [ 126.918021464684671, 37.603023405499542 ], [ 126.918005470383875, 37.603148720868724 ], [ 126.918147013781208, 37.603159812924687 ] ] ] } },
{ "type": "Feature", "properties": { "PNU": 1.13801080010065e+18, "피해위치(": "서울특별시 은평구 역촌동 65-10 B01", "피해일시": "20250813 - 1200", "F_SHIM": 0.0, "F_AREA": 288.069275, "F_AVR_HGT": 18.4827896, "ADM_CD": 1138010800, "F_YR": "2025", "F_ZONE_NM": "서울특별시 은평구 역촌동 65-10 B01", "TYPE": "주택", "TYPE2": "재난지원금" }, "geometry": { "type": "Polygon", "coordinates": [ [ [ 126.914601690844734, 37.603136712939239 ], [ 126.91461347555385, 37.603033108615882 ], [ 126.914625822259353, 37.602933108633827 ], [ 126.914482694404143, 37.602922011186813 ], [ 126.914470796602174, 37.60302534512077 ], [ 126.914459013901279, 37.603127057367914 ], [ 126.914601690844734, 37.603136712939239 ] ] ] } },
{ "type": "Feature", "properties": { "PNU": 1.13801080010065e+18, "피해위치(": "서울특별시 은평구 역촌동 65-22 지층", "피해일시": "20250813 - 1200", "F_SHIM": 0.0, "F_AREA": 109.3595789, "F_AVR_HGT": 18.6892239, "ADM_CD": 1138010800, "F_YR": "2025", "F_ZONE_NM": "서울특별시 은평구 역촌동 65-22 지층", "TYPE": "주택", "TYPE2": "재난지원금" }, "geometry": { "type": "Polygon", "coordinates": [ [ [ 126.913785258832576, 37.603084302382833 ], [ 126.913794543029667, 37.602989435813704 ], [ 126.913677682245833, 37.602983132118659 ], [ 126.913667266410599, 37.603077186951964 ], [ 126.913785258832576, 37.603084302382833 ] ] ] } },
{ "type": "Feature", "properties": { "PNU": 1.13801080010083e+18, "피해위치(": "서울특별시 은평구 역촌동 83-7 지층2호", "피해일시": "20250813 - 1200", "F_SHIM": 0.0, "F_AREA": 128.9494858, "F_AVR_HGT": 18.1712967, "ADM_CD": 1138010800, "F_YR": "2025", "F_ZONE_NM": "서울특별시 은평구 역촌동 83-7 지층2호", "TYPE": "주택", "TYPE2": "재난지원금" }, "geometry": { "type": "Polygon", "coordinates": [ [ [ 126.915294761381219, 37.602241824700201 ], [ 126.915304574940876, 37.60217714130691 ], [ 126.915307323963376, 37.602150113831961 ], [ 126.915189898146608, 37.602143811221168 ], [ 126.915162609187306, 37.602141538801298 ], [ 126.915149144962584, 37.60222937476852 ], [ 126.915170659178614, 37.602231102377246 ], [ 126.915294761381219, 37.602241824700201 ] ] ] } },
{ "type": "Feature", "properties": { "PNU": 1.13801080010083e+18, "피해위치(": "서울특별시 은평구 역촌동 83-6 지층 좌쪽", "피해일시": "20250813 - 1200", "F_SHIM": 0.0, "F_AREA": 142.2769019, "F_AVR_HGT": 18.1712967, "ADM_CD": 1138010800, "F_YR": "2025", "F_ZONE_NM": "서울특별시 은평구 역촌동 83-6 지층 좌쪽", "TYPE": "주택", "TYPE2": "재난지원금" }, "geometry": { "type": "Polygon", "coordinates": [ [ [ 126.915149144962584, 37.60222937476852 ], [ 126.915162609187306, 37.602141538801298 ], [ 126.914996497051163, 37.602128172700866 ], [ 126.914986206049448, 37.602213758518857 ], [ 126.915030027584763, 37.602216853979876 ], [ 126.915029684622155, 37.60221964677509 ], [ 126.915149144962584, 37.60222937476852 ] ] ] } },
{ "type": "Feature", "properties": { "PNU": 1.13801080010083e+18, "피해위치(": "서울특별시 은평구 역촌동 83-10 지층", "피해일시": "20250813 - 1200", "F_SHIM": 0.0, "F_AREA": 132.8229674, "F_AVR_HGT": 18.1712967, "ADM_CD": 1138010800, "F_YR": "2025", "F_ZONE_NM": "서울특별시 은평구 역촌동 83-10 지층", "TYPE": "주택", "TYPE2": "재난지원금" }, "geometry": { "type": "Polygon", "coordinates": [ [ [ 126.915307323963376, 37.602150113831961 ], [ 126.915314512225905, 37.602103358076427 ], [ 126.915320908091147, 37.602056331446583 ], [ 126.915187178988859, 37.602046953583972 ], [ 126.915178006942554, 37.602046406285083 ], [ 126.915165004576806, 37.602126584239905 ], [ 126.915190127547575, 37.602141288637206 ], [ 126.915189898146608, 37.602143811221168 ], [ 126.915307323963376, 37.602150113831961 ] ] ] } },
{ "type": "Feature", "properties": { "PNU": 1.13801080010083e+18, "피해위치(": "서울특별시 은평구 역촌동 83-12 지층102호", "피해일시": "20250813 - 1200", "F_SHIM": 0.0, "F_AREA": 130.1201145, "F_AVR_HGT": 18.1712967, "ADM_CD": 1138010800, "F_YR": "2025", "F_ZONE_NM": "서울특별시 은평구 역촌동 83-12 지층102호", "TYPE": "주택", "TYPE2": "재난지원금" }, "geometry": { "type": "Polygon", "coordinates": [ [ [ 126.915165004576806, 37.602126584239905 ], [ 126.915178006942554, 37.602046406285083 ], [ 126.915009061023241, 37.602035560881014 ], [ 126.914998441066658, 37.602111866337786 ], [ 126.915165004576806, 37.602126584239905 ] ] ] } },
{ "type": "Feature", "properties": { "PNU": 1.1380108001008101e+18, "피해위치(": "서울특별시 은평구 역촌동 81-59 B02", "피해일시": "20250813 - 1200", "F_SHIM": 0.0, "F_AREA": 287.0864724, "F_AVR_HGT": 19.4708935, "ADM_CD": 1138010800, "F_YR": "2025", "F_ZONE_NM": "서울특별시 은평구 역촌동 81-59 B02", "TYPE": "주택", "TYPE2": "재난지원금" }, "geometry": { "type": "Polygon", "coordinates": [ [ [ 126.913133682794466, 37.602099222368643 ], [ 126.913149107847147, 37.601983187337801 ], [ 126.913024308041273, 37.601988409630899 ], [ 126.913003583229141, 37.601989565367838 ], [ 126.912999393033573, 37.601989742421871 ], [ 126.912884898512146, 37.601994792099305 ], [ 126.912887662032091, 37.602051736285716 ], [ 126.912891103517481, 37.602109942356414 ], [ 126.913024170909821, 37.602104185813836 ], [ 126.913133682794466, 37.602099222368643 ] ] ] } },
{ "type": "Feature", "properties": { "PNU": 1.13801080010083e+18, "피해위치(": "서울특별시 은평구 역촌동 83-14 지층 101호", "피해일시": "20250813 - 1200", "F_SHIM": 0.0, "F_AREA": 138.7067126, "F_AVR_HGT": 18.1712967, "ADM_CD": 1138010800, "F_YR": "2025", "F_ZONE_NM": "서울특별시 은평구 역촌동 83-14 지층 101호", "TYPE": "주택", "TYPE2": "재난지원금" }, "geometry": { "type": "Polygon", "coordinates": [ [ [ 126.915197912298382, 37.60197037789731 ], [ 126.915207854552733, 37.601892360057704 ], [ 126.915027927678281, 37.601878713603263 ], [ 126.915018438208804, 37.601956731759643 ], [ 126.915197912298382, 37.60197037789731 ] ] ] } },
{ "type": "Feature", "properties": { "PNU": 1.13801080010063e+18, "피해위치(": "서울특별시 은평구 역촌동 63-34 지층1호", "피해일시": "20250813 - 1200", "F_SHIM": 0.0, "F_AREA": 214.5236883, "F_AVR_HGT": 18.4827896, "ADM_CD": 1138010800, "F_YR": "2025", "F_ZONE_NM": "서울특별시 은평구 역촌동 63-34 지층1호", "TYPE": "주택", "TYPE2": "재난지원금" }, "geometry": { "type": "Polygon", "coordinates": [ [ [ 126.915240798503959, 37.602685248960121 ], [ 126.915248116645955, 37.602624167683096 ], [ 126.915253957719244, 37.602567319944129 ], [ 126.915117283793492, 37.602557579457219 ], [ 126.915134419098138, 37.60242893166825 ], [ 126.91510316714178, 37.602426115744493 ], [ 126.915088748901255, 37.602555396206526 ], [ 126.915099493080405, 37.602567477242054 ], [ 126.915086352174754, 37.602669368762314 ], [ 126.915099261029468, 37.602670189099243 ], [ 126.915240798503959, 37.602685248960121 ] ] ] } },
{ "type": "Feature", "properties": { "PNU": 1.13801080010078e+18, "피해위치(": "서울특별시 은평구 역촌동 78-14 지하1층", "피해일시": "20250813 - 1200", "F_SHIM": 0.0, "F_AREA": 125.3019295, "F_AVR_HGT": 25.3817345, "ADM_CD": 1138010800, "F_YR": "2025", "F_ZONE_NM": "서울특별시 은평구 역촌동 78-14 지하1층", "TYPE": "주택", "TYPE2": "재난지원금" }, "geometry": { "type": "Polygon", "coordinates": [ [ [ 126.909839438640233, 37.60265667026416 ], [ 126.909845463307747, 37.602656593855293 ], [ 126.909840912988116, 37.602562608819568 ], [ 126.909704563798044, 37.60256565627143 ], [ 126.909710110391799, 37.602659723175641 ], [ 126.909839438640233, 37.60265667026416 ] ] ] } },
{ "type": "Feature", "properties": { "PNU": 1.13801080010042e+18, "피해위치(": "서울특별시 은평구 역촌동 42-21 b02호", "피해일시": "20250813 - 1200", "F_SHIM": 0.0, "F_AREA": 134.5827508, "F_AVR_HGT": 18.1469875, "ADM_CD": 1138010800, "F_YR": "2025", "F_ZONE_NM": "서울특별시 은평구 역촌동 42-21 b02호", "TYPE": "주택", "TYPE2": "재난지원금" }, "geometry": { "type": "Polygon", "coordinates": [ [ [ 126.919045476561422, 37.60153669302845 ], [ 126.919058619622618, 37.601427773379655 ], [ 126.918933384311231, 37.601418405694687 ], [ 126.918920015481461, 37.601526514287016 ], [ 126.919045476561422, 37.60153669302845 ] ] ] } },
{ "type": "Feature", "properties": { "PNU": 1.13801090010013e+18, "피해위치(": "서울특별시 은평구 신사동 13-30 지층", "피해일시": "20250813 - 1200", "F_SHIM": 0.0, "F_AREA": 119.628453, "F_AVR_HGT": 26.5788647, "ADM_CD": 1138010900, "F_YR": "2025", "F_ZONE_NM": "서울특별시 은평구 신사동 13-30 지층", "TYPE": "주택", "TYPE2": "재난지원금" }, "geometry": { "type": "Polygon", "coordinates": [ [ [ 126.908429299386029, 37.600914786685827 ], [ 126.90859834018093, 37.600910270814389 ], [ 126.908596979081835, 37.600884726877176 ], [ 126.908596315770907, 37.600871752200952 ], [ 126.908593640006359, 37.600837963234774 ], [ 126.908425810896389, 37.600842606192906 ], [ 126.908427796923661, 37.600884593563386 ], [ 126.908429299386029, 37.600914786685827 ] ] ] } },
{ "type": "Feature", "properties": { "PNU": 1.13801090010338e+18, "피해위치(": "서울특별시 은평구 신사동 338-12 지층1호", "피해일시": "20250813 - 1200", "F_SHIM": 0.0, "F_AREA": 116.3238108, "F_AVR_HGT": 14.7480541, "ADM_CD": 1138010900, "F_YR": "2025", "F_ZONE_NM": "서울특별시 은평구 신사동 338-12 지층1호", "TYPE": "주택", "TYPE2": "재난지원금" }, "geometry": { "type": "Polygon", "coordinates": [ [ [ 126.912641417732175, 37.58991043538024 ], [ 126.91268785303609, 37.589899298124116 ], [ 126.912760222603069, 37.589883224937594 ], [ 126.912743340598837, 37.589797618701247 ], [ 126.912600303494372, 37.589826793042512 ], [ 126.912641417732175, 37.58991043538024 ] ] ] } },
{ "type": "Feature", "properties": { "PNU": 1.13801100010189e+18, "피해위치(": "서울특별시 은평구 증산동 189-33 지층", "피해일시": "20250813 - 1200", "F_SHIM": 0.0, "F_AREA": 117.7793781, "F_AVR_HGT": 14.9766136, "ADM_CD": 1138011000, "F_YR": "2025", "F_ZONE_NM": "서울특별시 은평구 증산동 189-33 지층", "TYPE": "주택", "TYPE2": "재난지원금" }, "geometry": { "type": "Polygon", "coordinates": [ [ [ 126.90750586230412, 37.584982303764022 ], [ 126.907470892553306, 37.584880915055649 ], [ 126.907360868179666, 37.584899018243348 ], [ 126.907366001640767, 37.584913239886902 ], [ 126.907370884651058, 37.584991485350045 ], [ 126.90750586230412, 37.584982303764022 ] ] ] } },
{ "type": "Feature", "properties": { "PNU": 1.13801100010189e+18, "피해위치(": "서울특별시 은평구 증산동 189-32 지하 1호", "피해일시": "20250813 - 1200", "F_SHIM": 0.0, "F_AREA": 148.8745176, "F_AVR_HGT": 14.9766136, "ADM_CD": 1138011000, "F_YR": "2025", "F_ZONE_NM": "서울특별시 은평구 증산동 189-32 지하 1호", "TYPE": "주택", "TYPE2": "재난지원금" }, "geometry": { "type": "Polygon", "coordinates": [ [ [ 126.907470892553306, 37.584880915055649 ], [ 126.907519477296432, 37.584869240942936 ], [ 126.907462158644748, 37.584776808246396 ], [ 126.907383829582429, 37.584790323660229 ], [ 126.907332282519391, 37.584798877944372 ], [ 126.907334075184707, 37.584804816868328 ], [ 126.907360811809525, 37.58489882899147 ], [ 126.907360868179666, 37.584899018243348 ], [ 126.907470892553306, 37.584880915055649 ] ] ] } },
{ "type": "Feature", "properties": { "PNU": 1.13801090010341e+18, "피해위치(": "서울특별시 은평구 신사동 341-20 지하 1호", "피해일시": "20250813 - 1200", "F_SHIM": 0.0, "F_AREA": 125.6380475, "F_AVR_HGT": 17.6702267, "ADM_CD": 1138010900, "F_YR": "2025", "F_ZONE_NM": "서울특별시 은평구 신사동 341-20 지하 1호", "TYPE": "주택", "TYPE2": "재난지원금" }, "geometry": { "type": "Polygon", "coordinates": [ [ [ 126.91149488350527, 37.589740992327897 ], [ 126.911602754550913, 37.589673230400727 ], [ 126.91152958913608, 37.589597942426309 ], [ 126.911424772142496, 37.58966822937554 ], [ 126.91149488350527, 37.589740992327897 ] ] ] } },
{ "type": "Feature", "properties": { "PNU": 1.1380109001034001e+18, "피해위치(": "서울특별시 은평구 신사동 340-35 지층1호", "피해일시": "20250813 - 1200", "F_SHIM": 0.0, "F_AREA": 159.2881549, "F_AVR_HGT": 21.5173756, "ADM_CD": 1138010900, "F_YR": "2025", "F_ZONE_NM": "서울특별시 은평구 신사동 340-35 지층1호", "TYPE": "주택", "TYPE2": "재난지원금" }, "geometry": { "type": "Polygon", "coordinates": [ [ [ 126.911231880788534, 37.589726645999399 ], [ 126.911319246208919, 37.589669049772098 ], [ 126.911222349219088, 37.589556352607026 ], [ 126.911190626489443, 37.589572906454578 ], [ 126.91112525334735, 37.589608355207936 ], [ 126.911231880788534, 37.589726645999399 ] ] ] } },
{ "type": "Feature", "properties": { "PNU": 1.13801100010169e+18, "피해위치(": "서울특별시 은평구 증산동 169-20 101호", "피해일시": "20250813 - 1200", "F_SHIM": 0.0, "F_AREA": 143.4827991, "F_AVR_HGT": 13.5254751, "ADM_CD": 1138011000, "F_YR": "2025", "F_ZONE_NM": "서울특별시 은평구 증산동 169-20 101호", "TYPE": "주택", "TYPE2": "재난지원금" }, "geometry": { "type": "Polygon", "coordinates": [ [ [ 126.909068875485104, 37.584299960558631 ], [ 126.909193856261027, 37.584216176623322 ], [ 126.909120236610931, 37.584148274815576 ], [ 126.908995709510194, 37.584231428339677 ], [ 126.909068875485104, 37.584299960558631 ] ] ] } },
{ "type": "Feature", "properties": { "PNU": 1.13801090010338e+18, "피해위치(": "서울특별시 은평구 신사동 338-28 지층 우측", "피해일시": "20250813 - 1200", "F_SHIM": 0.0, "F_AREA": 121.6070049, "F_AVR_HGT": 14.498098, "ADM_CD": 1138010900, "F_YR": "2025", "F_ZONE_NM": "서울특별시 은평구 신사동 338-28 지층 우측", "TYPE": "주택", "TYPE2": "재난지원금" }, "geometry": { "type": "Polygon", "coordinates": [ [ [ 126.912431531533755, 37.589503482589194 ], [ 126.912468548841076, 37.589604330706891 ], [ 126.912580211817101, 37.5895841427363 ], [ 126.912548405666868, 37.589480775823866 ], [ 126.912431531533755, 37.589503482589194 ] ] ] } },
{ "type": "Feature", "properties": { "PNU": 1.1380109001033801e+18, "피해위치(": "서울특별시 은평구 신사동 338-33 지층 우측", "피해일시": "20250813 - 1200", "F_SHIM": 0.0, "F_AREA": 153.6898294, "F_AVR_HGT": 15.6028763, "ADM_CD": 1138010900, "F_YR": "2025", "F_ZONE_NM": "서울특별시 은평구 신사동 338-33 지층 우측", "TYPE": "주택", "TYPE2": "재난지원금" }, "geometry": { "type": "Polygon", "coordinates": [ [ [ 126.912355556995465, 37.589409632719139 ], [ 126.912316949753517, 37.589313017989497 ], [ 126.912161584426173, 37.589331821161004 ], [ 126.912205058482172, 37.589429791100521 ], [ 126.912355556995465, 37.589409632719139 ] ] ] } },
{ "type": "Feature", "properties": { "PNU": 1.1380110001017101e+18, "피해위치(": "서울특별시 은평구 증산동 171-17 1층", "피해일시": "20250813 - 1200", "F_SHIM": 0.0, "F_AREA": 164.1122861, "F_AVR_HGT": 13.5254751, "ADM_CD": 1138011000, "F_YR": "2025", "F_ZONE_NM": "서울특별시 은평구 증산동 171-17 1층", "TYPE": "주택", "TYPE2": "재난지원금" }, "geometry": { "type": "Polygon", "coordinates": [ [ [ 126.908511045255253, 37.584038777174726 ], [ 126.908624692585121, 37.583964715552128 ], [ 126.90853151221242, 37.583876886200358 ], [ 126.908419448257021, 37.583952300461419 ], [ 126.908511045255253, 37.584038777174726 ] ] ] } },
{ "type": "Feature", "properties": { "PNU": 1.1380110001017201e+18, "피해위치(": "서울특별시 은평구 증산동 172-40 지층", "피해일시": "20250813 - 1200", "F_SHIM": 0.0, "F_AREA": 168.8225278, "F_AVR_HGT": 13.1812721, "ADM_CD": 1138011000, "F_YR": "2025", "F_ZONE_NM": "서울특별시 은평구 증산동 172-40 지층", "TYPE": "주택", "TYPE2": "재난지원금" }, "geometry": { "type": "Polygon", "coordinates": [ [ [ 126.907912383129172, 37.583885343674694 ], [ 126.907821187025263, 37.583795866531439 ], [ 126.907709915096547, 37.583871190649752 ], [ 126.907794506373335, 37.583964113408619 ], [ 126.907912383129172, 37.583885343674694 ] ] ] } },
{ "type": "Feature", "properties": { "PNU": 1.1380110001017201e+18, "피해위치(": "서울특별시 은평구 증산동 172-27 지하101호", "피해일시": "20250813 - 1200", "F_SHIM": 0.0, "F_AREA": 158.0951047, "F_AVR_HGT": 13.1812721, "ADM_CD": 1138011000, "F_YR": "2025", "F_ZONE_NM": "서울특별시 은평구 증산동 172-27 지하101호", "TYPE": "주택", "TYPE2": "재난지원금" }, "geometry": { "type": "Polygon", "coordinates": [ [ [ 126.907385433124432, 37.583516772949608 ], [ 126.907440153354315, 37.58357698438796 ], [ 126.907542133353573, 37.583508140219529 ], [ 126.907546439477429, 37.583504990197909 ], [ 126.907447152004437, 37.583413461081761 ], [ 126.907385510853658, 37.583455037479297 ], [ 126.907350158714308, 37.583478164613638 ], [ 126.907385433124432, 37.583516772949608 ] ] ] } },
{ "type": "Feature", "properties": { "PNU": 1.1380110001017201e+18, "피해위치(": "서울특별시 은평구 증산동 172-24 B02호", "피해일시": "20250813 - 1200", "F_SHIM": 0.0, "F_AREA": 155.3999481, "F_AVR_HGT": 13.1812721, "ADM_CD": 1138011000, "F_YR": "2025", "F_ZONE_NM": "서울특별시 은평구 증산동 172-24 B02호", "TYPE": "주택", "TYPE2": "재난지원금" }, "geometry": { "type": "Polygon", "coordinates": [ [ [ 126.907645247574038, 37.583437494892785 ], [ 126.907545960748863, 37.583345425267844 ], [ 126.907451345932458, 37.583409500087143 ], [ 126.907447152004437, 37.583413461081761 ], [ 126.907546439477429, 37.583504990197909 ], [ 126.907645247574038, 37.583437494892785 ] ] ] } },
{ "type": "Feature", "properties": { "PNU": 1.1380110001017201e+18, "피해위치(": "서울특별시 은평구 증산동 172-15 지하 2호", "피해일시": "20250813 - 1200", "F_SHIM": 0.0, "F_AREA": 166.9995176, "F_AVR_HGT": 13.1812721, "ADM_CD": 1138011000, "F_YR": "2025", "F_ZONE_NM": "서울특별시 은평구 증산동 172-15 지하 2호", "TYPE": "주택", "TYPE2": "재난지원금" }, "geometry": { "type": "Polygon", "coordinates": [ [ [ 126.907346793685392, 37.583273458000562 ], [ 126.907268543147453, 37.583198974139243 ], [ 126.907249771844249, 37.583181299832511 ], [ 126.907143714827654, 37.583251311774326 ], [ 126.90721889793663, 37.583334172433567 ], [ 126.90725240658206, 37.583336451660067 ], [ 126.907346793685392, 37.583273458000562 ] ] ] } },
{ "type": "Feature", "properties": { "PNU": 1.1380110001017201e+18, "피해위치(": "서울특별시 은평구 증산동 172-34 101호", "피해일시": "20250813 - 1200", "F_SHIM": 0.0, "F_AREA": 133.5784795, "F_AVR_HGT": 13.1812721, "ADM_CD": 1138011000, "F_YR": "2025", "F_ZONE_NM": "서울특별시 은평구 증산동 172-34 101호", "TYPE": "주택", "TYPE2": "재난지원금" }, "geometry": { "type": "Polygon", "coordinates": [ [ [ 126.907720000027766, 37.583322768746733 ], [ 126.907850985664169, 37.583235296949148 ], [ 126.907786756508557, 37.583174159142565 ], [ 126.907675713370736, 37.583248312137492 ], [ 126.90765610986891, 37.583262171730738 ], [ 126.907720000027766, 37.583322768746733 ] ] ] } },
{ "type": "Feature", "properties": { "PNU": 1.13801100010186e+18, "피해위치(": "서울특별시 은평구 증산동 186-18 지하1호", "피해일시": "20250813 - 1200", "F_SHIM": 0.0, "F_AREA": 151.2722259, "F_AVR_HGT": 13.3572927, "ADM_CD": 1138011000, "F_YR": "2025", "F_ZONE_NM": "서울특별시 은평구 증산동 186-18 지하1호", "TYPE": "주택", "TYPE2": "재난지원금" }, "geometry": { "type": "Polygon", "coordinates": [ [ [ 126.907044216148449, 37.58323798769937 ], [ 126.90697898330599, 37.583165316034403 ], [ 126.906865006417306, 37.583231086750594 ], [ 126.906860247879607, 37.583233875990466 ], [ 126.906939388831162, 37.583320163746635 ], [ 126.907036596630363, 37.583265011169836 ], [ 126.907044216148449, 37.58323798769937 ] ] ] } },
{ "type": "Feature", "properties": { "PNU": 1.1380110001017201e+18, "피해위치(": "서울특별시 은평구 증산동 172-7 우측", "피해일시": "20250813 - 1200", "F_SHIM": 0.0, "F_AREA": 162.5848756, "F_AVR_HGT": 13.1812721, "ADM_CD": 1138011000, "F_YR": "2025", "F_ZONE_NM": "서울특별시 은평구 증산동 172-7 우측", "TYPE": "주택", "TYPE2": "재난지원금" }, "geometry": { "type": "Polygon", "coordinates": [ [ [ 126.90765610986891, 37.583262171730738 ], [ 126.907675713370736, 37.583248312137492 ], [ 126.907570431726739, 37.583152003132085 ], [ 126.907558874706439, 37.583159291917667 ], [ 126.907527488430873, 37.583179899503115 ], [ 126.907471628247322, 37.583216074636333 ], [ 126.907575887640803, 37.583314995773556 ], [ 126.90765610986891, 37.583262171730738 ] ] ] } },
{ "type": "Feature", "properties": { "PNU": 1.1380110001017201e+18, "피해위치(": "서울특별시 은평구 증산동 172-14 지하 1호", "피해일시": "20250813 - 1200", "F_SHIM": 0.0, "F_AREA": 181.7618093, "F_AVR_HGT": 13.3572927, "ADM_CD": 1138011000, "F_YR": "2025", "F_ZONE_NM": "서울특별시 은평구 증산동 172-14 지하 1호", "TYPE": "주택", "TYPE2": "재난지원금" }, "geometry": { "type": "Polygon", "coordinates": [ [ [ 126.907249771844249, 37.583181299832511 ], [ 126.907136693060849, 37.583073902089403 ], [ 126.907039022024918, 37.583137523644837 ], [ 126.907143714827654, 37.583251311774326 ], [ 126.907249771844249, 37.583181299832511 ] ] ] } },
{ "type": "Feature", "properties": { "PNU": 1.13801100010185e+18, "피해위치(": "서울특별시 은평구 증산동 185-17 1층", "피해일시": "20250813 - 1200", "F_SHIM": 0.0, "F_AREA": 219.439125, "F_AVR_HGT": 13.3878389, "ADM_CD": 1138011000, "F_YR": "2025", "F_ZONE_NM": "서울특별시 은평구 증산동 185-17 1층", "TYPE": "소상공인", "TYPE2": "재난지원금" }, "geometry": { "type": "Polygon", "coordinates": [ [ [ 126.905826749663532, 37.582674701941691 ], [ 126.905943675920568, 37.582604429681055 ], [ 126.905929317981219, 37.582588650805853 ], [ 126.905834355985604, 37.58248135657297 ], [ 126.905816228613915, 37.582491703214529 ], [ 126.905714146633457, 37.582551626062468 ], [ 126.905826749663532, 37.582674701941691 ] ] ] } },
{ "type": "Feature", "properties": { "PNU": 1.1380110001019e+18, "피해위치(": "서울특별시 은평구 증산동 190-3 101호", "피해일시": "20250813 - 1200", "F_SHIM": 0.0, "F_AREA": 109.1532065, "F_AVR_HGT": 17.3123775, "ADM_CD": 1138011000, "F_YR": "2025", "F_ZONE_NM": "서울특별시 은평구 증산동 190-3 101호", "TYPE": "주택", "TYPE2": "재난지원금" }, "geometry": { "type": "Polygon", "coordinates": [ [ [ 126.908598932568253, 37.586199229040155 ], [ 126.908737267797889, 37.586122754108693 ], [ 126.908689672311723, 37.586066675411253 ], [ 126.908555299793164, 37.586143153408464 ], [ 126.908598932568253, 37.586199229040155 ] ] ] } },
{ "type": "Feature", "properties": { "PNU": 1.1380110001009201e+18, "피해위치(": "서울특별시 은평구 증산동 92-11 지하 102호", "피해일시": "20250813 - 1200", "F_SHIM": 0.0, "F_AREA": 158.3165375, "F_AVR_HGT": 23.1117035, "ADM_CD": 1138011000, "F_YR": "2025", "F_ZONE_NM": "서울특별시 은평구 증산동 92-11 지하 102호", "TYPE": "주택", "TYPE2": "재난지원금" }, "geometry": { "type": "Polygon", "coordinates": [ [ [ 126.906390957331638, 37.586183234824603 ], [ 126.906466110745484, 37.586113018519917 ], [ 126.906465340210232, 37.586095718984097 ], [ 126.906452003667596, 37.58607741824536 ], [ 126.906379846662176, 37.586017264401114 ], [ 126.906298344297952, 37.586094323018244 ], [ 126.906282588654918, 37.586108635972437 ], [ 126.906390957331638, 37.586183234824603 ] ] ] } },
{ "type": "Feature", "properties": { "PNU": 1.13801100010185e+18, "피해위치(": "서울특별시 은평구 증산동 185-16", "피해일시": "20250813 - 1200", "F_SHIM": 0.0, "F_AREA": 152.1491587, "F_AVR_HGT": 13.3878389, "ADM_CD": 1138011000, "F_YR": "2025", "F_ZONE_NM": "서울특별시 은평구 증산동 185-16", "TYPE": "소상공인", "TYPE2": "재난지원금" }, "geometry": { "type": "Polygon", "coordinates": [ [ [ 126.905816228613915, 37.582491703214529 ], [ 126.905725104833991, 37.582393241663951 ], [ 126.905622909586597, 37.582453254440722 ], [ 126.905714146633457, 37.582551626062468 ], [ 126.905816228613915, 37.582491703214529 ] ] ] } },
{ "type": "Feature", "properties": { "PNU": 1.1380110001020401e+18, "피해위치(": "서울특별시 은평구 증산동 204-17 지층", "피해일시": "20250813 - 1200", "F_SHIM": 0.0, "F_AREA": 201.6856853, "F_AVR_HGT": 23.1117035, "ADM_CD": 1138011000, "F_YR": "2025", "F_ZONE_NM": "서울특별시 은평구 증산동 204-17 지층", "TYPE": "주택", "TYPE2": "재난지원금" }, "geometry": { "type": "Polygon", "coordinates": [ [ [ 126.90660641162691, 37.585916716637165 ], [ 126.906736965092009, 37.585817532962423 ], [ 126.906651458541873, 37.585749349793673 ], [ 126.906544495005818, 37.585816657479825 ], [ 126.906508236085855, 37.585839513326803 ], [ 126.906514305109596, 37.585848014501913 ], [ 126.906552538903256, 37.585901536758442 ], [ 126.906585332641214, 37.585932737223914 ], [ 126.90660641162691, 37.585916716637165 ] ] ] } },
{ "type": "Feature", "properties": { "PNU": 1.13801100010176e+18, "피해위치(": "서울특별시 은평구 증산동 176-12 지층 2호", "피해일시": "20250813 - 1200", "F_SHIM": 0.0, "F_AREA": 188.3491368, "F_AVR_HGT": 12.9667507, "ADM_CD": 1138011000, "F_YR": "2025", "F_ZONE_NM": "서울특별시 은평구 증산동 176-12 지층 2호", "TYPE": "주택", "TYPE2": "재난지원금" }, "geometry": { "type": "Polygon", "coordinates": [ [ [ 126.905722931761275, 37.581703535274805 ], [ 126.905797661430157, 37.581784414322478 ], [ 126.90593703178601, 37.581691095015685 ], [ 126.90594711594467, 37.581684616081894 ], [ 126.905866155296806, 37.581607065726566 ], [ 126.905722931761275, 37.581703535274805 ] ] ] } },
{ "type": "Feature", "properties": { "PNU": 1.13801100010184e+18, "피해위치(": "서울특별시 은평구 증산동 184-7 102호", "피해일시": "20250813 - 1200", "F_SHIM": 0.0, "F_AREA": 126.4462867, "F_AVR_HGT": 12.9667507, "ADM_CD": 1138011000, "F_YR": "2025", "F_ZONE_NM": "서울특별시 은평구 증산동 184-7 102호", "TYPE": "소상공인", "TYPE2": "재난지원금" }, "geometry": { "type": "Polygon", "coordinates": [ [ [ 126.905615748885424, 37.581680923603678 ], [ 126.905535480001276, 37.58159391323214 ], [ 126.905438272578209, 37.581649605181013 ], [ 126.905517409982281, 37.581736074106175 ], [ 126.905615748885424, 37.581680923603678 ] ] ] } },
{ "type": "Feature", "properties": { "PNU": 1.13801100010176e+18, "피해위치(": "서울특별시 은평구 증산동 176-3 B02호", "피해일시": "20250813 - 1200", "F_SHIM": 0.0, "F_AREA": 191.9154142, "F_AVR_HGT": 12.9667507, "ADM_CD": 1138011000, "F_YR": "2025", "F_ZONE_NM": "서울특별시 은평구 증산동 176-3 B02호", "TYPE": "주택", "TYPE2": "재난지원금" }, "geometry": { "type": "Polygon", "coordinates": [ [ [ 126.90594711594467, 37.581684616081894 ], [ 126.906096229734985, 37.581585357966247 ], [ 126.906014589423933, 37.581508077457755 ], [ 126.905866155296806, 37.581607065726566 ], [ 126.90594711594467, 37.581684616081894 ] ] ] } },
{ "type": "Feature", "properties": { "PNU": 1.13801100010205e+18, "피해위치(": "서울특별시 은평구 증산동 205-22 지층1호", "피해일시": "20250813 - 1200", "F_SHIM": 0.0, "F_AREA": 136.5808834, "F_AVR_HGT": 23.1117035, "ADM_CD": 1138011000, "F_YR": "2025", "F_ZONE_NM": "서울특별시 은평구 증산동 205-22 지층1호", "TYPE": "주택", "TYPE2": "재난지원금" }, "geometry": { "type": "Polygon", "coordinates": [ [ [ 126.906867979182223, 37.585711952515545 ], [ 126.906764603835043, 37.585628258152553 ], [ 126.90667983154087, 37.585695403576302 ], [ 126.906783434692159, 37.585778017013133 ], [ 126.906867979182223, 37.585711952515545 ] ] ] } },
{ "type": "Feature", "properties": { "PNU": 1.13801100010177e+18, "피해위치(": "서울특별시 은평구 증산동 177-18 지층 105호", "피해일시": "20250813 - 1200", "F_SHIM": 0.0, "F_AREA": 170.9320212, "F_AVR_HGT": 12.7560802, "ADM_CD": 1138011000, "F_YR": "2025", "F_ZONE_NM": "서울특별시 은평구 증산동 177-18 지층 105호", "TYPE": "주택", "TYPE2": "재난지원금" }, "geometry": { "type": "Polygon", "coordinates": [ [ [ 126.906203013907771, 37.581476695237512 ], [ 126.906313149487445, 37.581403083464409 ], [ 126.906216246737571, 37.581309212642459 ], [ 126.906106334289973, 37.581385437365853 ], [ 126.906203013907771, 37.581476695237512 ] ] ] } },
{ "type": "Feature", "properties": { "PNU": 1.13801140020109e+18, "피해위치(": "서울특별시 은평구 진관동 산109-14 선림사 1호", "피해일시": "20250822 - 1425", "F_SHIM": 0.0, "F_AREA": 6084.4824463000004, "F_AVR_HGT": 100.0469757, "ADM_CD": 1138011400, "F_YR": "2025", "F_ZONE_NM": "서울특별시 은평구 진관동 산109-14 선림사 1호", "TYPE": "주택", "TYPE2": "재난지원금" }, "geometry": { "type": "Polygon", "coordinates": [ [ [ 126.936830875488639, 37.626732849697703 ], [ 126.936843472639765, 37.627085427735928 ], [ 126.936865485291491, 37.627187556763779 ], [ 126.936888617099896, 37.627292443394559 ], [ 126.936891323913457, 37.627306229856067 ], [ 126.936879291793289, 37.627321215556407 ], [ 126.936875334017685, 37.627326132733714 ], [ 126.936872383945357, 37.627331627089532 ], [ 126.936859957178385, 37.627357559466596 ], [ 126.936853670029961, 37.627370674275689 ], [ 126.936860184257114, 37.62755312609162 ], [ 126.937206566552035, 37.627604554060603 ], [ 126.937592777290789, 37.62752594628104 ], [ 126.937585341005345, 37.626725016926535 ], [ 126.936830875488639, 37.626732849697703 ] ] ] } },
{ "type": "Feature", "properties": { "PNU": 1.1380103001010401e+18, "피해위치(": "서울특별시 은평구 불광동 104-66 지층 2호(B02)", "피해일시": "20250813 - 1200", "F_SHIM": 0.0, "F_AREA": 168.761384, "F_AVR_HGT": 39.5350967, "ADM_CD": 1138010300, "F_YR": "2025", "F_ZONE_NM": "서울특별시 은평구 불광동 104-66 지층 2호(B02)", "TYPE": "주택", "TYPE2": "재난지원금" }, "geometry": { "type": "Polygon", "coordinates": [ [ [ 126.926677386605277, 37.623622486517903 ], [ 126.92673524183499, 37.623764157177817 ], [ 126.926859465362085, 37.623702338544817 ], [ 126.926776770043958, 37.623593177574904 ], [ 126.926677386605277, 37.623622486517903 ] ] ] } },
{ "type": "Feature", "properties": { "PNU": 1.13801030010471e+18, "피해위치(": "서울특별시 은평구 불광동 471-21 B01", "피해일시": "20250813 - 1200", "F_SHIM": 0.0, "F_AREA": 287.3055608, "F_AVR_HGT": 54.8142296, "ADM_CD": 1138010300, "F_YR": "2025", "F_ZONE_NM": "서울특별시 은평구 불광동 471-21 B01", "TYPE": "주택", "TYPE2": "재난지원금" }, "geometry": { "type": "Polygon", "coordinates": [ [ [ 126.925523250152153, 37.626931766534248 ], [ 126.92559830150546, 37.626984612215715 ], [ 126.92564387350717, 37.626840574982282 ], [ 126.925557272799438, 37.626782676411786 ], [ 126.925505391937392, 37.626747739074588 ], [ 126.925397834892635, 37.62684505656371 ], [ 126.925397732839102, 37.626845155605594 ], [ 126.925423293443075, 37.626862957417735 ], [ 126.925453857239972, 37.626884510522267 ], [ 126.925523250152153, 37.626931766534248 ] ] ] } },
{ "type": "Feature", "properties": { "PNU": 1.13801020010159e+18, "피해위치(": "서울특별시 은평구 녹번동 159-20 지층 B01호", "피해일시": "20250813 - 1200", "F_SHIM": 0.0, "F_AREA": 142.3064382, "F_AVR_HGT": 20.277227, "ADM_CD": 1138010200, "F_YR": "2025", "F_ZONE_NM": "서울특별시 은평구 녹번동 159-20 지층 B01호", "TYPE": "주택", "TYPE2": "재난지원금" }, "geometry": { "type": "Polygon", "coordinates": [ [ [ 126.923294172490245, 37.603411106754074 ], [ 126.923418296577566, 37.603403890995189 ], [ 126.923406755093779, 37.603286485320361 ], [ 126.923282175013469, 37.603296764106076 ], [ 126.923282510030234, 37.603301269241335 ], [ 126.923294172490245, 37.603411106754074 ] ] ] } },
{ "type": "Feature", "properties": { "PNU": 1.13801020010157e+18, "피해위치(": "서울특별시 은평구 녹번동 157-2 지층", "피해일시": "20250813 - 1200", "F_SHIM": 0.0, "F_AREA": 111.6685365, "F_AVR_HGT": 21.58493, "ADM_CD": 1138010200, "F_YR": "2025", "F_ZONE_NM": "서울특별시 은평구 녹번동 157-2 지층", "TYPE": "주택", "TYPE2": "재난지원금" }, "geometry": { "type": "Polygon", "coordinates": [ [ [ 126.924525555977056, 37.603123061415886 ], [ 126.924512946646786, 37.603161074658381 ], [ 126.924589030204075, 37.603177432060221 ], [ 126.924675305531423, 37.603083966261259 ], [ 126.9245462344267, 37.603057122971251 ], [ 126.924525555977056, 37.603123061415886 ] ] ] } },
{ "type": "Feature", "properties": { "PNU": 1.1380102001016e+18, "피해위치(": "서울특별시 은평구 녹번동 160-6 지하 103호", "피해일시": "20250813 - 1200", "F_SHIM": 0.0, "F_AREA": 164.9816346, "F_AVR_HGT": 20.277227, "ADM_CD": 1138010200, "F_YR": "2025", "F_ZONE_NM": "서울특별시 은평구 녹번동 160-6 지하 103호", "TYPE": "주택", "TYPE2": "재난지원금" }, "geometry": { "type": "Polygon", "coordinates": [ [ [ 126.92336496720489, 37.602853985973269 ], [ 126.9233551163464, 37.602744419951648 ], [ 126.923202229387229, 37.602751616563474 ], [ 126.923208356849315, 37.602847935681432 ], [ 126.923209816934516, 37.602859469228832 ], [ 126.92336496720489, 37.602853985973269 ] ] ] } },
{ "type": "Feature", "properties": { "PNU": 1.13801020010157e+18, "피해위치(": "서울특별시 은평구 녹번동 157-38 지층", "피해일시": "20250823 - 1254", "F_SHIM": 0.0, "F_AREA": 112.1537221, "F_AVR_HGT": 20.277227, "ADM_CD": 1138010200, "F_YR": "2025", "F_ZONE_NM": "서울특별시 은평구 녹번동 157-38 지층", "TYPE": "주택", "TYPE2": "재난지원금" }, "geometry": { "type": "Polygon", "coordinates": [ [ [ 126.923430121454658, 37.602816818512238 ], [ 126.923518771222462, 37.602836338357456 ], [ 126.92354843079265, 37.60273779044514 ], [ 126.92353620374044, 37.602734628927642 ], [ 126.92341981517535, 37.602709504650761 ], [ 126.923430121454658, 37.602816818512238 ] ] ] } },
{ "type": "Feature", "properties": { "PNU": 1.13801020010117e+18, "피해위치(": "서울특별시 은평구 녹번동 117-55 지층 01호", "피해일시": "20250813 - 1200", "F_SHIM": 0.0, "F_AREA": 199.9525283, "F_AVR_HGT": 30.2868591, "ADM_CD": 1138010200, "F_YR": "2025", "F_ZONE_NM": "서울특별시 은평구 녹번동 117-55 지층 01호", "TYPE": "주택", "TYPE2": "재난지원금" }, "geometry": { "type": "Polygon", "coordinates": [ [ [ 126.931582331042378, 37.607180703357265 ], [ 126.931526379930659, 37.607065434579013 ], [ 126.931462374214703, 37.60708584889727 ], [ 126.931374005124795, 37.607121655497181 ], [ 126.931428262692307, 37.607231157055445 ], [ 126.931582331042378, 37.607180703357265 ] ] ] } },
{ "type": "Feature", "properties": { "PNU": 1.13801030010104e+18, "피해위치(": "서울특별시 은평구 불광동 104-2 1층 금채컴퍼니", "피해일시": "20250813 - 1200", "F_SHIM": 0.0, "F_AREA": 175.6172005, "F_AVR_HGT": 39.5350967, "ADM_CD": 1138010300, "F_YR": "2025", "F_ZONE_NM": "서울특별시 은평구 불광동 104-2 1층 금채컴퍼니", "TYPE": "소상공인", "TYPE2": "재난지원금" }, "geometry": { "type": "Polygon", "coordinates": [ [ [ 126.927140146049908, 37.624264871144874 ], [ 126.927157497184282, 37.624256358814762 ], [ 126.92723590985041, 37.624231000581226 ], [ 126.927175165862536, 37.624145098986041 ], [ 126.927174475845575, 37.624144125493508 ], [ 126.927157631175305, 37.624121842667698 ], [ 126.927134928056887, 37.624090267048445 ], [ 126.92701902392254, 37.624146757421343 ], [ 126.927038462666701, 37.624157608474903 ], [ 126.927098531640979, 37.624215975782825 ], [ 126.92711731274197, 37.624238863493879 ], [ 126.927140146049908, 37.624264871144874 ] ] ] } },
{ "type": "Feature", "properties": { "PNU": 1.1380105001001701e+18, "피해위치(": "서울특별시 은평구 구산동 17-50 지층2호", "피해일시": "20250813 - 1200", "F_SHIM": 0.0, "F_AREA": 128.9215062, "F_AVR_HGT": 20.5029522, "ADM_CD": 1138010500, "F_YR": "2025", "F_ZONE_NM": "서울특별시 은평구 구산동 17-50 지층2호", "TYPE": "주택", "TYPE2": "재난지원금" }, "geometry": { "type": "Polygon", "coordinates": [ [ [ 126.913546944363645, 37.609279728652382 ], [ 126.913492908780327, 37.60918544567992 ], [ 126.913378873225398, 37.609224120802637 ], [ 126.913430764624238, 37.609321429524655 ], [ 126.913546944363645, 37.609279728652382 ] ] ] } },
{ "type": "Feature", "properties": { "PNU": 1.1380105001001901e+18, "피해위치(": "서울특별시 은평구 구산동 19-51 지층1호", "피해일시": "20250813 - 1200", "F_SHIM": 0.0, "F_AREA": 142.1794999, "F_AVR_HGT": 20.5029522, "ADM_CD": 1138010500, "F_YR": "2025", "F_ZONE_NM": "서울특별시 은평구 구산동 19-51 지층1호", "TYPE": "주택", "TYPE2": "재난지원금" }, "geometry": { "type": "Polygon", "coordinates": [ [ [ 126.914278548083828, 37.609196930913804 ], [ 126.914227123581227, 37.609106254132499 ], [ 126.914095128464723, 37.609152917380619 ], [ 126.91414734361291, 37.609245306669145 ], [ 126.914278548083828, 37.609196930913804 ] ] ] } },
{ "type": "Feature", "properties": { "PNU": 1.1380107001022701e+18, "피해위치(": "서울특별시 은평구 응암동 227-67 지층 다호", "피해일시": "20250813 - 1200", "F_SHIM": 0.0, "F_AREA": 161.0235518, "F_AVR_HGT": 89.2951904, "ADM_CD": 1138010700, "F_YR": "2025", "F_ZONE_NM": "서울특별시 은평구 응암동 227-67 지층 다호", "TYPE": "주택", "TYPE2": "재난지원금" }, "geometry": { "type": "Polygon", "coordinates": [ [ [ 126.924940279144749, 37.594925644516721 ], [ 126.924914427128499, 37.594849404500337 ], [ 126.924889758448543, 37.59483389156415 ], [ 126.924745929253078, 37.594857764275993 ], [ 126.924782287261863, 37.594957797135393 ], [ 126.924940279144749, 37.594925644516721 ] ] ] } },
{ "type": "Feature", "properties": { "PNU": 1.13801040010507e+18, "피해위치(": "서울특별시 은평구 갈현동 507-8 지층 2호", "피해일시": "20250813 - 1200", "F_SHIM": 0.0, "F_AREA": 140.3021473, "F_AVR_HGT": 29.090202, "ADM_CD": 1138010400, "F_YR": "2025", "F_ZONE_NM": "서울특별시 은평구 갈현동 507-8 지층 2호", "TYPE": "주택", "TYPE2": "재난지원금" }, "geometry": { "type": "Polygon", "coordinates": [ [ [ 126.912294779875594, 37.614992451106104 ], [ 126.9123867019822, 37.61493702015165 ], [ 126.912326406734508, 37.614875347511585 ], [ 126.912301378135695, 37.614873346435168 ], [ 126.91219007341347, 37.614941106090704 ], [ 126.912261117015007, 37.615012427423778 ], [ 126.912294779875594, 37.614992451106104 ] ] ] } },
{ "type": "Feature", "properties": { "PNU": 1.13801060010009e+18, "피해위치(": "서울특별시 은평구 대조동 9-44 지층2호", "피해일시": "20250813 - 1200", "F_SHIM": 0.0, "F_AREA": 205.5978274, "F_AVR_HGT": 25.0534912, "ADM_CD": 1138010600, "F_YR": "2025", "F_ZONE_NM": "서울특별시 은평구 대조동 9-44 지층2호", "TYPE": "주택", "TYPE2": "재난지원금" }, "geometry": { "type": "Polygon", "coordinates": [ [ [ 126.927590140746673, 37.610372971531298 ], [ 126.927679632861015, 37.610237970416684 ], [ 126.927626092873112, 37.610207844121625 ], [ 126.927563137669011, 37.610192938491672 ], [ 126.927464932858427, 37.61031973511988 ], [ 126.927590140746673, 37.610372971531298 ] ] ] } },
{ "type": "Feature", "properties": { "PNU": 1.13801070010101e+18, "피해위치(": "서울특별시 은평구 응암동 101-31 희망다세연립 B01호", "피해일시": "20250813 - 1200", "F_SHIM": 0.0, "F_AREA": 166.2323445, "F_AVR_HGT": 28.5007759, "ADM_CD": 1138010700, "F_YR": "2025", "F_ZONE_NM": "서울특별시 은평구 응암동 101-31 희망다세연립 B01호", "TYPE": "주택", "TYPE2": "재난지원금" }, "geometry": { "type": "Polygon", "coordinates": [ [ [ 126.92367186088056, 37.598830668920023 ], [ 126.923694162010577, 37.598837170706396 ], [ 126.923834087671906, 37.59876347234858 ], [ 126.923775172093002, 37.598685228203287 ], [ 126.923752172539565, 37.598697015933951 ], [ 126.923618142995849, 37.598763330023665 ], [ 126.92367186088056, 37.598830668920023 ] ] ] } },
{ "type": "Feature", "properties": { "PNU": 1.13801080010006e+18, "피해위치(": "서울특별시 은평구 역촌동 6-4 지층2호", "피해일시": "20250813 - 1200", "F_SHIM": 0.0, "F_AREA": 123.6443108, "F_AVR_HGT": 22.5699726, "ADM_CD": 1138010800, "F_YR": "2025", "F_ZONE_NM": "서울특별시 은평구 역촌동 6-4 지층2호", "TYPE": "주택", "TYPE2": "재난지원금" }, "geometry": { "type": "Polygon", "coordinates": [ [ [ 126.918048121797852, 37.609571312104698 ], [ 126.917977306150888, 37.609498372583182 ], [ 126.917870773788593, 37.609563888589335 ], [ 126.917941813280962, 37.609639170884698 ], [ 126.918048121797852, 37.609571312104698 ] ] ] } },
{ "type": "Feature", "properties": { "PNU": 1.13801080010006e+18, "피해위치(": "서울특별시 은평구 역촌동 6-42 지층", "피해일시": "20250813 - 1200", "F_SHIM": 0.0, "F_AREA": 164.3833731, "F_AVR_HGT": 22.5699726, "ADM_CD": 1138010800, "F_YR": "2025", "F_ZONE_NM": "서울특별시 은평구 역촌동 6-42 지층", "TYPE": "주택", "TYPE2": "재난지원금" }, "geometry": { "type": "Polygon", "coordinates": [ [ [ 126.917456292013611, 37.609538006214464 ], [ 126.917563503011209, 37.609473572243061 ], [ 126.917468708496429, 37.60937358590531 ], [ 126.917362177491285, 37.609437659883959 ], [ 126.917456292013611, 37.609538006214464 ] ] ] } },
{ "type": "Feature", "properties": { "PNU": 1.13801060010215e+18, "피해위치(": "서울특별시 은평구 대조동 215-7 101호", "피해일시": "20250813 - 1200", "F_SHIM": 0.0, "F_AREA": 104.2117031, "F_AVR_HGT": 24.5219208, "ADM_CD": 1138010600, "F_YR": "2025", "F_ZONE_NM": "서울특별시 은평구 대조동 215-7 101호", "TYPE": "주택", "TYPE2": "재난지원금" }, "geometry": { "type": "Polygon", "coordinates": [ [ [ 126.920178776242906, 37.614666767664474 ], [ 126.920218528878905, 37.614564894119283 ], [ 126.920122054336844, 37.614542303096222 ], [ 126.920083773986931, 37.614644177625202 ], [ 126.920178776242906, 37.614666767664474 ] ] ] } },
{ "type": "Feature", "properties": { "PNU": 1.13801060010214e+18, "피해위치(": "서울특별시 은평구 대조동 214-45 지하 101호", "피해일시": "20250813 - 1200", "F_SHIM": 0.0, "F_AREA": 332.6590166, "F_AVR_HGT": 26.8935467, "ADM_CD": 1138010600, "F_YR": "2025", "F_ZONE_NM": "서울특별시 은평구 대조동 214-45 지하 101호", "TYPE": "주택", "TYPE2": "재난지원금" }, "geometry": { "type": "Polygon", "coordinates": [ [ [ 126.920807122097713, 37.614067776464566 ], [ 126.920950169164556, 37.613859477307486 ], [ 126.920824621665162, 37.613805062375235 ], [ 126.920696662834288, 37.613990486799239 ], [ 126.920685762864878, 37.614015346408905 ], [ 126.920714404545862, 37.614027709462583 ], [ 126.920807122097713, 37.614067776464566 ] ] ] } },
{ "type": "Feature", "properties": { "PNU": 1.13801070010118e+18, "피해위치(": "서울특별시 은평구 응암동 118-43 101호(지층)", "피해일시": "20250813 - 1200", "F_SHIM": 0.0, "F_AREA": 131.3236635, "F_AVR_HGT": 16.7484299, "ADM_CD": 1138010700, "F_YR": "2025", "F_ZONE_NM": "서울특별시 은평구 응암동 118-43 101호(지층)", "TYPE": "주택", "TYPE2": "재난지원금" }, "geometry": { "type": "Polygon", "coordinates": [ [ [ 126.91747192747286, 37.59745268759427 ], [ 126.917449034651824, 37.597369060021336 ], [ 126.917295344162, 37.597395169075249 ], [ 126.917317558317038, 37.597477985308231 ], [ 126.91747192747286, 37.59745268759427 ] ] ] } },
{ "type": "Feature", "properties": { "PNU": 1.13801060010083e+18, "피해위치(": "서울특별시 은평구 대조동 83-3 반지하 102호", "피해일시": "20250813 - 1200", "F_SHIM": 0.0, "F_AREA": 170.5383121, "F_AVR_HGT": 31.9733387, "ADM_CD": 1138010600, "F_YR": "2025", "F_ZONE_NM": "서울특별시 은평구 대조동 83-3 반지하 102호", "TYPE": "주택", "TYPE2": "재난지원금" }, "geometry": { "type": "Polygon", "coordinates": [ [ [ 126.92630429576333, 37.612563796310816 ], [ 126.926396879768618, 37.61262521210184 ], [ 126.926431749113576, 37.612639559893744 ], [ 126.926501836173827, 37.612546983595095 ], [ 126.926507733866373, 37.612538788414561 ], [ 126.926387287512171, 37.612478075760208 ], [ 126.92630429576333, 37.612563796310816 ] ] ] } },
{ "type": "Feature", "properties": { "PNU": 1.13801080010046e+18, "피해위치(": "서울특별시 은평구 역촌동 46-5 101호", "피해일시": "20250813 - 1200", "F_SHIM": 0.0, "F_AREA": 134.1387867, "F_AVR_HGT": 19.815147, "ADM_CD": 1138010800, "F_YR": "2025", "F_ZONE_NM": "서울특별시 은평구 역촌동 46-5 101호", "TYPE": "주택", "TYPE2": "재난지원금" }, "geometry": { "type": "Polygon", "coordinates": [ [ [ 126.913968899524633, 37.607082007146211 ], [ 126.91409879561246, 37.607083995494357 ], [ 126.914100162306141, 37.606980653870302 ], [ 126.913970951179621, 37.606974161121755 ], [ 126.913968899524633, 37.607082007146211 ] ] ] } },
{ "type": "Feature", "properties": { "PNU": 1.1380105001000301e+18, "피해위치(": "서울특별시 은평구 구산동 3-22 지하2호", "피해일시": "20250813 - 1200", "F_SHIM": 0.0, "F_AREA": 177.4080709, "F_AVR_HGT": 21.0353561, "ADM_CD": 1138010500, "F_YR": "2025", "F_ZONE_NM": "서울특별시 은평구 구산동 3-22 지하2호", "TYPE": "주택", "TYPE2": "재난지원금" }, "geometry": { "type": "Polygon", "coordinates": [ [ [ 126.91516356872539, 37.611499859838837 ], [ 126.91524831881749, 37.611470730025971 ], [ 126.915255796494279, 37.611468392940402 ], [ 126.915188998786562, 37.611349594756099 ], [ 126.915179052380367, 37.611332108441694 ], [ 126.91506744831446, 37.611371760019161 ], [ 126.915144533287119, 37.611506963661334 ], [ 126.91516356872539, 37.611499859838837 ] ] ] } },
{ "type": "Feature", "properties": { "PNU": 1.1380107001012e+18, "피해위치(": "서울특별시 은평구 응암동 120-11 지층", "피해일시": "20250813 - 1200", "F_SHIM": 0.0, "F_AREA": 152.8051027, "F_AVR_HGT": 17.255838, "ADM_CD": 1138010700, "F_YR": "2025", "F_ZONE_NM": "서울특별시 은평구 응암동 120-11 지층", "TYPE": "주택", "TYPE2": "재난지원금" }, "geometry": { "type": "Polygon", "coordinates": [ [ [ 126.917748786292606, 37.595839312827614 ], [ 126.917757850321067, 37.595834544046141 ], [ 126.917695100554653, 37.595749987223947 ], [ 126.917568552745891, 37.595808821625425 ], [ 126.91761464575896, 37.595903457692827 ], [ 126.917748786292606, 37.595839312827614 ] ] ] } },
{ "type": "Feature", "properties": { "PNU": 1.1380103001018801e+18, "피해위치(": "서울특별시 은평구 불광동 188-1", "피해일시": "20250813 - 1200", "F_SHIM": 0.0, "F_AREA": 43.5002747, "F_AVR_HGT": 46.5988747, "ADM_CD": 1138010300, "F_YR": "2025", "F_ZONE_NM": "서울특별시 은평구 불광동 188-1", "TYPE": "소상공인", "TYPE2": "재난지원금" }, "geometry": { "type": "Polygon", "coordinates": [ [ [ 126.932823100558238, 37.622331336292554 ], [ 126.932947202810297, 37.622381142555014 ], [ 126.932969863100183, 37.622375119156125 ], [ 126.932963651494717, 37.62235502369905 ], [ 126.932914611849469, 37.622346435891551 ], [ 126.932877019069096, 37.62233109737447 ], [ 126.932823119045608, 37.622311244454551 ], [ 126.932774314703593, 37.622293196438136 ], [ 126.932766704795441, 37.622315536302928 ], [ 126.932823100558238, 37.622331336292554 ] ] ] } },
{ "type": "Feature", "properties": { "PNU": 1.13801030010377e+18, "피해위치(": "서울특별시 은평구 불광동 377-5 지층 101호(지하 좌측)", "피해일시": "20250813 - 1200", "F_SHIM": 0.0, "F_AREA": 127.776935, "F_AVR_HGT": 38.4939819, "ADM_CD": 1138010300, "F_YR": "2025", "F_ZONE_NM": "서울특별시 은평구 불광동 377-5 지층 101호(지하 좌측)", "TYPE": "주택", "TYPE2": "재난지원금" }, "geometry": { "type": "Polygon", "coordinates": [ [ [ 126.922696101952525, 37.622223826402319 ], [ 126.92284886237843, 37.622159598387981 ], [ 126.922835505900693, 37.622150309391699 ], [ 126.922818526388809, 37.622139396214173 ], [ 126.922790440110276, 37.622134151797091 ], [ 126.922773455952168, 37.622127653410651 ], [ 126.922762694326337, 37.622096057879183 ], [ 126.922761711643119, 37.622093408342906 ], [ 126.922641471015694, 37.622147927405351 ], [ 126.922696101952525, 37.622223826402319 ] ] ] } },
{ "type": "Feature", "properties": { "PNU": 1.1380104001048401e+18, "피해위치(": "서울특별시 은평구 갈현동 484-2 1층", "피해일시": "20250813 - 1200", "F_SHIM": 0.0, "F_AREA": 187.6540387, "F_AVR_HGT": 26.4553581, "ADM_CD": 1138010400, "F_YR": "2025", "F_ZONE_NM": "서울특별시 은평구 갈현동 484-2 1층", "TYPE": "소상공인", "TYPE2": "재난지원금" }, "geometry": { "type": "Polygon", "coordinates": [ [ [ 126.916864431051252, 37.617526131433848 ], [ 126.91703154791935, 37.61748291403741 ], [ 126.916986359934114, 37.617378187751896 ], [ 126.916820825526159, 37.617424469554457 ], [ 126.916864431051252, 37.617526131433848 ] ] ] } },
{ "type": "Feature", "properties": { "PNU": 1.1380103001033102e+18, "피해위치(": "서울특별시 은평구 불광동 331-162 B01호", "피해일시": "20250813 - 1200", "F_SHIM": 0.0, "F_AREA": 224.3282167, "F_AVR_HGT": 53.0561501, "ADM_CD": 1138010300, "F_YR": "2025", "F_ZONE_NM": "서울특별시 은평구 불광동 331-162 B01호", "TYPE": "주택", "TYPE2": "재난지원금" }, "geometry": { "type": "Polygon", "coordinates": [ [ [ 126.926567124486866, 37.618589722907437 ], [ 126.926572792226068, 37.618585401801582 ], [ 126.926716442177238, 37.618559364514837 ], [ 126.926674227000149, 37.618412658152138 ], [ 126.926587670224606, 37.618432785183558 ], [ 126.926523545034186, 37.61844833140912 ], [ 126.926551201918215, 37.618541690542962 ], [ 126.926567124486866, 37.618589722907437 ] ] ] } },
{ "type": "Feature", "properties": { "PNU": 1.1380103001033102e+18, "피해위치(": "서울특별시 은평구 불광동 331-154 B01호", "피해일시": "20250813 - 1200", "F_SHIM": 0.0, "F_AREA": 173.5820029, "F_AVR_HGT": 53.0561501, "ADM_CD": 1138010300, "F_YR": "2025", "F_ZONE_NM": "서울특별시 은평구 불광동 331-154 B01호", "TYPE": "주택", "TYPE2": "재난지원금" }, "geometry": { "type": "Polygon", "coordinates": [ [ [ 126.927286406983441, 37.61834263320894 ], [ 126.927314599870172, 37.618353462704043 ], [ 126.927460972901272, 37.618322020339789 ], [ 126.927459504801703, 37.618317604614752 ], [ 126.927426882274077, 37.618216331964554 ], [ 126.927319790507553, 37.618247880080062 ], [ 126.927264352714474, 37.618263963749129 ], [ 126.927286406983441, 37.61834263320894 ] ] ] } },
{ "type": "Feature", "properties": { "PNU": 1.13801040010513e+18, "피해위치(": "서울특별시 은평구 갈현동 513-6 지하 좌측", "피해일시": "20250813 - 1200", "F_SHIM": 0.0, "F_AREA": 139.5902038, "F_AVR_HGT": 30.6068913, "ADM_CD": 1138010400, "F_YR": "2025", "F_ZONE_NM": "서울특별시 은평구 갈현동 513-6 지하 좌측", "TYPE": "주택", "TYPE2": "재난지원금" }, "geometry": { "type": "Polygon", "coordinates": [ [ [ 126.913166256338883, 37.616878138444221 ], [ 126.913083898836376, 37.616793925178392 ], [ 126.913006708843298, 37.616841439079401 ], [ 126.912977351449669, 37.616859706960909 ], [ 126.913006652134669, 37.616889281100825 ], [ 126.913059710932217, 37.616942208438644 ], [ 126.913166256338883, 37.616878138444221 ] ] ] } },
{ "type": "Feature", "properties": { "PNU": 1.13801030010221e+18, "피해위치(": "서울특별시 은평구 불광동 221-32 지층 2호", "피해일시": "20250813 - 1200", "F_SHIM": 0.0, "F_AREA": 262.7268496, "F_AVR_HGT": 39.5018936, "ADM_CD": 1138010300, "F_YR": "2025", "F_ZONE_NM": "서울특별시 은평구 불광동 221-32 지층 2호", "TYPE": "주택", "TYPE2": "재난지원금" }, "geometry": { "type": "Polygon", "coordinates": [ [ [ 126.932255708350169, 37.618184333909483 ], [ 126.932206503283652, 37.618112947371564 ], [ 126.932195900661483, 37.618065008985759 ], [ 126.932084078468108, 37.61809449540246 ], [ 126.93197372916471, 37.618123441992765 ], [ 126.932026902482534, 37.618190416160409 ], [ 126.932080666866256, 37.618230901827772 ], [ 126.932255708350169, 37.618184333909483 ] ] ] } },
{ "type": "Feature", "properties": { "PNU": 1.13801040010414e+18, "피해위치(": "서울특별시 은평구 갈현동 414-29 B02호", "피해일시": "20250813 - 1200", "F_SHIM": 0.0, "F_AREA": 267.7054694, "F_AVR_HGT": 35.845121, "ADM_CD": 1138010400, "F_YR": "2025", "F_ZONE_NM": "서울특별시 은평구 갈현동 414-29 B02호", "TYPE": "주택", "TYPE2": "재난지원금" }, "geometry": { "type": "Polygon", "coordinates": [ [ [ 126.917913170053609, 37.62450109404903 ], [ 126.918032232955937, 37.624493249727017 ], [ 126.918024092526252, 37.624378098805757 ], [ 126.918018767210029, 37.624379266310797 ], [ 126.918014192201937, 37.624317275692803 ], [ 126.918010175017216, 37.624262943793504 ], [ 126.917895307245189, 37.624267637638859 ], [ 126.917898423482214, 37.624317193712898 ], [ 126.917904012536241, 37.624383960244522 ], [ 126.917913170053609, 37.62450109404903 ] ] ] } },
{ "type": "Feature", "properties": { "PNU": 1.13801040010422e+18, "피해위치(": "서울특별시 은평구 갈현동 422-7", "피해일시": "20250823 - 2013", "F_SHIM": 0.0, "F_AREA": 133.957157, "F_AVR_HGT": 38.0017982, "ADM_CD": 1138010400, "F_YR": "2025", "F_ZONE_NM": "서울특별시 은평구 갈현동 422-7", "TYPE": "소상공인", "TYPE2": "재난지원금" }, "geometry": { "type": "Polygon", "coordinates": [ [ [ 126.91671052608892, 37.624485279588086 ], [ 126.91683423528157, 37.624475818051174 ], [ 126.916823937800345, 37.624366521865525 ], [ 126.916726741270651, 37.624370956961293 ], [ 126.916700095958632, 37.624393192002252 ], [ 126.91671052608892, 37.624485279588086 ] ] ] } },
{ "type": "Feature", "properties": { "PNU": 1.1380104001043601e+18, "피해위치(": "서울특별시 은평구 갈현동 436-2", "피해일시": "20250813 - 1200", "F_SHIM": 0.0, "F_AREA": 205.5483, "F_AVR_HGT": 42.7702423, "ADM_CD": 1138010400, "F_YR": "2025", "F_ZONE_NM": "서울특별시 은평구 갈현동 436-2", "TYPE": "소상공인", "TYPE2": "재난지원금" }, "geometry": { "type": "Polygon", "coordinates": [ [ [ 126.916222962678788, 37.624403029149988 ], [ 126.916154529762963, 37.624315945059337 ], [ 126.916142200642781, 37.624300169000918 ], [ 126.916110351878643, 37.624315913092637 ], [ 126.915997464778343, 37.624371331661862 ], [ 126.916083546270414, 37.624478069971268 ], [ 126.916222962678788, 37.624403029149988 ] ] ] } },
{ "type": "Feature", "properties": { "PNU": 1.13801030010239e+18, "피해위치(": "서울특별시 은평구 불광동 239-11 지하1층 나염공장", "피해일시": "20250813 - 1200", "F_SHIM": 0.0, "F_AREA": 257.257508, "F_AVR_HGT": 40.9995972, "ADM_CD": 1138010300, "F_YR": "2025", "F_ZONE_NM": "서울특별시 은평구 불광동 239-11 지하1층 나염공장", "TYPE": "소상공인", "TYPE2": "재난지원금" }, "geometry": { "type": "Polygon", "coordinates": [ [ [ 126.9325064441677, 37.616142318276694 ], [ 126.932534741924371, 37.616162156397223 ], [ 126.932592480189086, 37.616190931418586 ], [ 126.932640705785587, 37.616218079094622 ], [ 126.932718495092956, 37.616243442028598 ], [ 126.932747028268679, 37.616253729839769 ], [ 126.932782345731894, 37.616153561361287 ], [ 126.932808123378862, 37.616081137522904 ], [ 126.932775497406539, 37.61608751548561 ], [ 126.93271658898793, 37.616099464199813 ], [ 126.932669349756139, 37.616108176162484 ], [ 126.932643181566377, 37.616112665796415 ], [ 126.932508711451447, 37.616140157248829 ], [ 126.9325064441677, 37.616142318276694 ] ] ] } },
{ "type": "Feature", "properties": { "PNU": 1.1380103001023802e+18, "피해위치(": "서울특별시 은평구 불광동 238-149 지하 1호", "피해일시": "20250813 - 1200", "F_SHIM": 0.0, "F_AREA": 131.7425467, "F_AVR_HGT": 34.1928497, "ADM_CD": 1138010300, "F_YR": "2025", "F_ZONE_NM": "서울특별시 은평구 불광동 238-149 지하 1호", "TYPE": "주택", "TYPE2": "재난지원금" }, "geometry": { "type": "Polygon", "coordinates": [ [ [ 126.931857595929856, 37.615853262826683 ], [ 126.931873455471091, 37.615850479146943 ], [ 126.931982210138884, 37.615827568269239 ], [ 126.931953536566709, 37.615725109857195 ], [ 126.931831075453601, 37.615749814577477 ], [ 126.931857595929856, 37.615853262826683 ] ] ] } },
{ "type": "Feature", "properties": { "PNU": 1.13801030010239e+18, "피해위치(": "서울특별시 은평구 불광동 239-49", "피해일시": "20250813 - 1200", "F_SHIM": 0.0, "F_AREA": 105.0233571, "F_AVR_HGT": 34.1928497, "ADM_CD": 1138010300, "F_YR": "2025", "F_ZONE_NM": "서울특별시 은평구 불광동 239-49", "TYPE": "주택", "TYPE2": "재난지원금" }, "geometry": { "type": "Polygon", "coordinates": [ [ [ 126.932560294728091, 37.615842863758665 ], [ 126.932687739775318, 37.61581771069865 ], [ 126.93266198874197, 37.615738409368682 ], [ 126.932534543155654, 37.615764283185619 ], [ 126.932560294728091, 37.615842863758665 ] ] ] } },
{ "type": "Feature", "properties": { "PNU": 1.13801030010239e+18, "피해위치(": "서울특별시 은평구 불광동 239-59 지하 우측 B01호", "피해일시": "20250813 - 1200", "F_SHIM": 0.0, "F_AREA": 109.1588985, "F_AVR_HGT": 44.7580963, "ADM_CD": 1138010300, "F_YR": "2025", "F_ZONE_NM": "서울특별시 은평구 불광동 239-59 지하 우측 B01호", "TYPE": "주택", "TYPE2": "재난지원금" }, "geometry": { "type": "Polygon", "coordinates": [ [ [ 126.932632011625842, 37.615574683664782 ], [ 126.932762966443264, 37.615550523649738 ], [ 126.932748059238719, 37.615503213471172 ], [ 126.932735858669275, 37.615468608697476 ], [ 126.932606259571088, 37.615496643691984 ], [ 126.932632011625842, 37.615574683664782 ] ] ] } },
{ "type": "Feature", "properties": { "PNU": 1.1380103001023802e+18, "피해위치(": "서울특별시 은평구 불광동 238-131 지층", "피해일시": "20250813 - 1200", "F_SHIM": 0.0, "F_AREA": 70.8779157, "F_AVR_HGT": 34.632753, "ADM_CD": 1138010300, "F_YR": "2025", "F_ZONE_NM": "서울특별시 은평구 불광동 238-131 지층", "TYPE": "주택", "TYPE2": "재난지원금" }, "geometry": { "type": "Polygon", "coordinates": [ [ [ 126.931859796327174, 37.615558553313186 ], [ 126.93192470900911, 37.615544896702858 ], [ 126.931891958652329, 37.615441895278302 ], [ 126.931825460789199, 37.615455100444372 ], [ 126.931859796327174, 37.615558553313186 ] ] ] } },
{ "type": "Feature", "properties": { "PNU": 1.1380103001023802e+18, "피해위치(": "서울특별시 은평구 불광동 238-132 1층", "피해일시": "20250813 - 1200", "F_SHIM": 0.0, "F_AREA": 70.4693216, "F_AVR_HGT": 34.632753, "ADM_CD": 1138010300, "F_YR": "2025", "F_ZONE_NM": "서울특별시 은평구 불광동 238-132 1층", "TYPE": "주택", "TYPE2": "재난지원금" }, "geometry": { "type": "Polygon", "coordinates": [ [ [ 126.93192470900911, 37.615544896702858 ], [ 126.931990527941878, 37.615531060394581 ], [ 126.931957550386457, 37.615428689540657 ], [ 126.931891958652329, 37.615441895278302 ], [ 126.93192470900911, 37.615544896702858 ] ] ] } },
{ "type": "Feature", "properties": { "PNU": 1.1380104001041e+18, "피해위치(": "서울특별시 은평구 갈현동 410-1 1층", "피해일시": "20250813 - 1200", "F_SHIM": 0.0, "F_AREA": 476.53114, "F_AVR_HGT": 34.739019, "ADM_CD": 1138010400, "F_YR": "2025", "F_ZONE_NM": "서울특별시 은평구 갈현동 410-1 1층", "TYPE": "소상공인", "TYPE2": "재난지원금" }, "geometry": { "type": "Polygon", "coordinates": [ [ [ 126.918353412884386, 37.62333914166657 ], [ 126.91848697090127, 37.623333289252919 ], [ 126.918588583708356, 37.623328855809511 ], [ 126.918618860385124, 37.623299865542251 ], [ 126.918612284114403, 37.623203546209112 ], [ 126.91847736764106, 37.623208857221179 ], [ 126.918469459524886, 37.623088030297296 ], [ 126.918338846186273, 37.623094695648902 ], [ 126.918343583697691, 37.62321434907313 ], [ 126.91834834154723, 37.623214082132719 ], [ 126.918353412884386, 37.62333914166657 ] ] ] } },
{ "type": "Feature", "properties": { "PNU": 1.13801040010409e+18, "피해위치(": "서울특별시 은평구 갈현동 409-2 1층", "피해일시": "20250813 - 1200", "F_SHIM": 0.0, "F_AREA": 134.8212883, "F_AVR_HGT": 34.739019, "ADM_CD": 1138010400, "F_YR": "2025", "F_ZONE_NM": "서울특별시 은평구 갈현동 409-2 1층", "TYPE": "소상공인", "TYPE2": "재난지원금" }, "geometry": { "type": "Polygon", "coordinates": [ [ [ 126.919003776271609, 37.623191206896209 ], [ 126.918995027672779, 37.623112635360847 ], [ 126.918981548568141, 37.623112085346072 ], [ 126.91897010382759, 37.623115681258867 ], [ 126.918820234662505, 37.623121522789951 ], [ 126.91882535887909, 37.623199551210533 ], [ 126.919003776271609, 37.623191206896209 ] ] ] } },
{ "type": "Feature", "properties": { "PNU": 1.13801030010377e+18, "피해위치(": "서울특별시 은평구 불광동 377-18 지층 바깥쪽(첫번째집)", "피해일시": "20250813 - 1200", "F_SHIM": 0.0, "F_AREA": 152.1016389, "F_AVR_HGT": 41.1043945, "ADM_CD": 1138010300, "F_YR": "2025", "F_ZONE_NM": "서울특별시 은평구 불광동 377-18 지층 바깥쪽(첫번째집)", "TYPE": "주택", "TYPE2": "재난지원금" }, "geometry": { "type": "Polygon", "coordinates": [ [ [ 126.922430504870235, 37.622196078716648 ], [ 126.922574773968691, 37.622128061250756 ], [ 126.922522400014131, 37.622060362623095 ], [ 126.922475509001785, 37.622056457010743 ], [ 126.922377123191097, 37.622117387397147 ], [ 126.922430504870235, 37.622196078716648 ] ] ] } },
{ "type": "Feature", "properties": { "PNU": 1.1380103001014001e+18, "피해위치(": "서울특별시 은평구 불광동 140-20 지층 안쪽", "피해일시": "20250813 - 1200", "F_SHIM": 0.0, "F_AREA": 141.2040747, "F_AVR_HGT": 41.3410812, "ADM_CD": 1138010300, "F_YR": "2025", "F_ZONE_NM": "서울특별시 은평구 불광동 140-20 지층 안쪽", "TYPE": "주택", "TYPE2": "재난지원금" }, "geometry": { "type": "Polygon", "coordinates": [ [ [ 126.928960852583586, 37.622015889199474 ], [ 126.929101227525337, 37.622020615473893 ], [ 126.929106273415456, 37.621956829200755 ], [ 126.929108462567669, 37.621918719098367 ], [ 126.92901105310392, 37.621913163309294 ], [ 126.928971068692192, 37.621912147656673 ], [ 126.928963059376244, 37.621994672482195 ], [ 126.928960852583586, 37.622015889199474 ] ] ] } },
{ "type": "Feature", "properties": { "PNU": 1.13801030010143e+18, "피해위치(": "서울특별시 은평구 불광동 143-13 지하 1층", "피해일시": "20250813 - 1200", "F_SHIM": 0.0, "F_AREA": 120.5116879, "F_AVR_HGT": 41.3410812, "ADM_CD": 1138010300, "F_YR": "2025", "F_ZONE_NM": "서울특별시 은평구 불광동 143-13 지하 1층", "TYPE": "주택", "TYPE2": "재난지원금" }, "geometry": { "type": "Polygon", "coordinates": [ [ [ 126.928793708221491, 37.622002586955496 ], [ 126.928919886890213, 37.622010503174117 ], [ 126.928920686723657, 37.622003385925815 ], [ 126.928931788543849, 37.622002311579479 ], [ 126.928933403362223, 37.621972490141509 ], [ 126.928937191652096, 37.621920776231001 ], [ 126.928800478742701, 37.621912853539826 ], [ 126.928793708221491, 37.622002586955496 ] ] ] } },
{ "type": "Feature", "properties": { "PNU": 1.13801040010426e+18, "피해위치(": "서울특별시 은평구 갈현동 426-12 나라주택 지층1호", "피해일시": "20250813 - 1200", "F_SHIM": 0.0, "F_AREA": 136.5270567, "F_AVR_HGT": 32.5921227, "ADM_CD": 1138010400, "F_YR": "2025", "F_ZONE_NM": "서울특별시 은평구 갈현동 426-12 나라주택 지층1호", "TYPE": "주택", "TYPE2": "재난지원금" }, "geometry": { "type": "Polygon", "coordinates": [ [ [ 126.917555537147365, 37.622804385872598 ], [ 126.917550340226967, 37.622691489429286 ], [ 126.917422561893687, 37.62269590333571 ], [ 126.917429596989891, 37.622785736016468 ], [ 126.917456418551794, 37.622807468734635 ], [ 126.917555537147365, 37.622804385872598 ] ] ] } },
{ "type": "Feature", "properties": { "PNU": 1.1380103001024301e+18, "피해위치(": "서울특별시 은평구 불광동 243-20 지층 좌측", "피해일시": "20250813 - 1200", "F_SHIM": 0.0, "F_AREA": 159.7670545, "F_AVR_HGT": 32.0472446, "ADM_CD": 1138010300, "F_YR": "2025", "F_ZONE_NM": "서울특별시 은평구 불광동 243-20 지층 좌측", "TYPE": "주택", "TYPE2": "재난지원금" }, "geometry": { "type": "Polygon", "coordinates": [ [ [ 126.931494460008906, 37.614174880923038 ], [ 126.931521428270798, 37.614162012893189 ], [ 126.931663053986284, 37.614109569616559 ], [ 126.931609456153112, 37.614015565557196 ], [ 126.931494000740742, 37.614060726355291 ], [ 126.93148992181996, 37.614062345700823 ], [ 126.931494460008906, 37.614174880923038 ] ] ] } },
{ "type": "Feature", "properties": { "PNU": 1.13801040010393e+18, "피해위치(": "서울특별시 은평구 갈현동 393-13 1층", "피해일시": "20250823 - 1912", "F_SHIM": 0.0, "F_AREA": 97.9952539, "F_AVR_HGT": 32.8485466, "ADM_CD": 1138010400, "F_YR": "2025", "F_ZONE_NM": "서울특별시 은평구 갈현동 393-13 1층", "TYPE": "소상공인", "TYPE2": "재난지원금" }, "geometry": { "type": "Polygon", "coordinates": [ [ [ 126.91901373443163, 37.622277800716446 ], [ 126.919146274417415, 37.622268883511829 ], [ 126.919140012421437, 37.622195179000919 ], [ 126.919047356955673, 37.622193132127322 ], [ 126.919007675214715, 37.622225719853361 ], [ 126.91901373443163, 37.622277800716446 ] ] ] } },
{ "type": "Feature", "properties": { "PNU": 1.1380101001031e+18, "피해위치(": "서울특별시 은평구 수색동 310-14 지층2호", "피해일시": "20250813 - 1200", "F_SHIM": 0.0, "F_AREA": 146.9713658, "F_AVR_HGT": 40.8417526, "ADM_CD": 1138010100, "F_YR": "2025", "F_ZONE_NM": "서울특별시 은평구 수색동 310-14 지층2호", "TYPE": "주택", "TYPE2": "재난지원금" }, "geometry": { "type": "Polygon", "coordinates": [ [ [ 126.889193933775388, 37.586922608778487 ], [ 126.889245819317736, 37.586902115681909 ], [ 126.889278758039623, 37.586832230574863 ], [ 126.889284711516382, 37.586818406116628 ], [ 126.88929818637213, 37.58678710970073 ], [ 126.889173657358498, 37.586778612091223 ], [ 126.889144830492384, 37.58689985722468 ], [ 126.889142436352444, 37.586910846961601 ], [ 126.889193933775388, 37.586922608778487 ] ] ] } },
{ "type": "Feature", "properties": { "PNU": 1.1380104001040301e+18, "피해위치(": "서울특별시 은평구 갈현동 403-29 1층", "피해일시": "20250813 - 1200", "F_SHIM": 0.0, "F_AREA": 132.8889181, "F_AVR_HGT": 28.7520901, "ADM_CD": 1138010400, "F_YR": "2025", "F_ZONE_NM": "서울특별시 은평구 갈현동 403-29 1층", "TYPE": "소상공인", "TYPE2": "재난지원금" }, "geometry": { "type": "Polygon", "coordinates": [ [ [ 126.917791907309393, 37.620713199584436 ], [ 126.917812714758895, 37.620743937761013 ], [ 126.91793933341603, 37.620760605537804 ], [ 126.917949580771733, 37.620713311349064 ], [ 126.917958119569406, 37.620674485160606 ], [ 126.917799451096613, 37.620652659085103 ], [ 126.91778874107186, 37.62070842214434 ], [ 126.917791907309393, 37.620713199584436 ] ] ] } },
{ "type": "Feature", "properties": { "PNU": 1.13801040010403e+18, "피해위치(": "서울특별시 은평구 갈현동 403-9 지하 1층", "피해일시": "20250813 - 1200", "F_SHIM": 0.0, "F_AREA": 138.316825, "F_AVR_HGT": 28.6579395, "ADM_CD": 1138010400, "F_YR": "2025", "F_ZONE_NM": "서울특별시 은평구 갈현동 403-9 지하 1층", "TYPE": "소상공인", "TYPE2": "재난지원금" }, "geometry": { "type": "Polygon", "coordinates": [ [ [ 126.919194844556486, 37.620749955538216 ], [ 126.91920303952017, 37.620714192351514 ], [ 126.919214422454999, 37.620663565218479 ], [ 126.919056546233804, 37.620642011679514 ], [ 126.919040495390561, 37.620714078857524 ], [ 126.919037306976605, 37.62072930318989 ], [ 126.919194844556486, 37.620749955538216 ] ] ] } },
{ "type": "Feature", "properties": { "PNU": 1.13801030010351e+18, "피해위치(": "서울특별시 은평구 불광동 351-16 지층 우측", "피해일시": "20250813 - 1200", "F_SHIM": 0.0, "F_AREA": 131.7288925, "F_AVR_HGT": 38.7873894, "ADM_CD": 1138010300, "F_YR": "2025", "F_ZONE_NM": "서울특별시 은평구 불광동 351-16 지층 우측", "TYPE": "주택", "TYPE2": "재난지원금" }, "geometry": { "type": "Polygon", "coordinates": [ [ [ 126.926661482239439, 37.621081082913385 ], [ 126.926668743012357, 37.621069735171965 ], [ 126.926694835239914, 37.62103010860217 ], [ 126.926602557883626, 37.620991127723272 ], [ 126.926567458427115, 37.620976419462345 ], [ 126.92651175952733, 37.621058553442197 ], [ 126.926554785318999, 37.621075969694736 ], [ 126.926640835697597, 37.621112063523739 ], [ 126.926661482239439, 37.621081082913385 ] ] ] } },
{ "type": "Feature", "properties": { "PNU": 1.1380103001017001e+18, "피해위치(": "서울특별시 은평구 불광동 170-139 지하 101호", "피해일시": "20250813 - 1200", "F_SHIM": 0.0, "F_AREA": 244.8014825, "F_AVR_HGT": 59.8430229, "ADM_CD": 1138010300, "F_YR": "2025", "F_ZONE_NM": "서울특별시 은평구 불광동 170-139 지하 101호", "TYPE": "주택", "TYPE2": "재난지원금" }, "geometry": { "type": "Polygon", "coordinates": [ [ [ 126.930193353462087, 37.624449150390134 ], [ 126.930188585072571, 37.62446040975064 ], [ 126.930104403799092, 37.624477657639751 ], [ 126.930046564786466, 37.624512932005224 ], [ 126.930111379859071, 37.624645334128843 ], [ 126.93012916945743, 37.624640029114154 ], [ 126.930185487403094, 37.624619971331569 ], [ 126.930264354082468, 37.624592989598518 ], [ 126.930193353462087, 37.624449150390134 ] ] ] } },
{ "type": "Feature", "properties": { "PNU": 1.1380104001040301e+18, "피해위치(": "서울특별시 은평구 갈현동 403-36 1층", "피해일시": "20250813 - 1200", "F_SHIM": 0.0, "F_AREA": 117.0856551, "F_AVR_HGT": 28.7520901, "ADM_CD": 1138010400, "F_YR": "2025", "F_ZONE_NM": "서울특별시 은평구 갈현동 403-36 1층", "TYPE": "소상공인", "TYPE2": "재난지원금" }, "geometry": { "type": "Polygon", "coordinates": [ [ [ 126.917949956968911, 37.620579606192599 ], [ 126.917969988841634, 37.620493666888983 ], [ 126.91790985020188, 37.62048632635819 ], [ 126.917830798782404, 37.620475909053965 ], [ 126.917815978631495, 37.620560590658989 ], [ 126.917949956968911, 37.620579606192599 ] ] ] } },
{ "type": "Feature", "properties": { "PNU": 1.13801040010402e+18, "피해위치(": "서울특별시 은평구 갈현동 402-13 비102호", "피해일시": "20250813 - 1200", "F_SHIM": 0.0, "F_AREA": 120.4799519, "F_AVR_HGT": 26.7061325, "ADM_CD": 1138010400, "F_YR": "2025", "F_ZONE_NM": "서울특별시 은평구 갈현동 402-13 비102호", "TYPE": "주택", "TYPE2": "재난지원금" }, "geometry": { "type": "Polygon", "coordinates": [ [ [ 126.918492469714451, 37.620324020723537 ], [ 126.918512279861957, 37.62023312577773 ], [ 126.918381699512011, 37.620214653863606 ], [ 126.91836086967524, 37.620305638167139 ], [ 126.918492469714451, 37.620324020723537 ] ] ] } },
{ "type": "Feature", "properties": { "PNU": 1.1380103001034801e+18, "피해위치(": "서울특별시 은평구 불광동 348-24 지층", "피해일시": "20250813 - 1200", "F_SHIM": 0.0, "F_AREA": 121.5435004, "F_AVR_HGT": 38.7873894, "ADM_CD": 1138010300, "F_YR": "2025", "F_ZONE_NM": "서울특별시 은평구 불광동 348-24 지층", "TYPE": "주택", "TYPE2": "재난지원금" }, "geometry": { "type": "Polygon", "coordinates": [ [ [ 126.927107622761213, 37.620652408519767 ], [ 126.927161170438055, 37.620568380839032 ], [ 126.927162089359612, 37.620566948859832 ], [ 126.927038918410418, 37.620532904239113 ], [ 126.927024491659949, 37.620528921811015 ], [ 126.926981606986075, 37.620597279113824 ], [ 126.927107622761213, 37.620652408519767 ] ] ] } },
{ "type": "Feature", "properties": { "PNU": 1.1380103001031201e+18, "피해위치(": "서울특별시 은평구 불광동 312-122 B102", "피해일시": "20250813 - 1200", "F_SHIM": 0.0, "F_AREA": 177.44735, "F_AVR_HGT": 29.3266521, "ADM_CD": 1138010300, "F_YR": "2025", "F_ZONE_NM": "서울특별시 은평구 불광동 312-122 B102", "TYPE": "주택", "TYPE2": "재난지원금" }, "geometry": { "type": "Polygon", "coordinates": [ [ [ 126.922418832543784, 37.62047961416382 ], [ 126.922426194861032, 37.620479889392492 ], [ 126.922489758251629, 37.620483896289556 ], [ 126.922491208022876, 37.620483987358448 ], [ 126.922535731084352, 37.620476809326391 ], [ 126.922534407958025, 37.620442661299002 ], [ 126.922402574495962, 37.620312048013687 ], [ 126.92238604873998, 37.620311640501953 ], [ 126.922367267011069, 37.62039849138872 ], [ 126.922354631391443, 37.620457497102834 ], [ 126.922386233082506, 37.620458329180224 ], [ 126.922418060733619, 37.620459710998418 ], [ 126.922418170959489, 37.620462585198489 ], [ 126.922418832543784, 37.62047961416382 ] ] ] } },
{ "type": "Feature", "properties": { "PNU": 1.13801040010449e+18, "피해위치(": "서울특별시 은평구 갈현동 449-33 지하", "피해일시": "20250813 - 1200", "F_SHIM": 0.0, "F_AREA": 149.3751147, "F_AVR_HGT": 32.4369942, "ADM_CD": 1138010400, "F_YR": "2025", "F_ZONE_NM": "서울특별시 은평구 갈현동 449-33 지하", "TYPE": "주택", "TYPE2": "재난지원금" }, "geometry": { "type": "Polygon", "coordinates": [ [ [ 126.915152701057053, 37.620113587441338 ], [ 126.915086115985289, 37.620000285503906 ], [ 126.914975401516216, 37.620043000912368 ], [ 126.915043799826307, 37.620155403260135 ], [ 126.915152701057053, 37.620113587441338 ] ] ] } },
{ "type": "Feature", "properties": { "PNU": 1.13801040010402e+18, "피해위치(": "서울특별시 은평구 갈현동 402-20 지층", "피해일시": "20250813 - 1200", "F_SHIM": 0.0, "F_AREA": 128.1020995, "F_AVR_HGT": 27.0397583, "ADM_CD": 1138010400, "F_YR": "2025", "F_ZONE_NM": "서울특별시 은평구 갈현동 402-20 지층", "TYPE": "주택", "TYPE2": "재난지원금" }, "geometry": { "type": "Polygon", "coordinates": [ [ [ 126.918371495049158, 37.620122025928559 ], [ 126.918390289570183, 37.620027796658441 ], [ 126.918255632790377, 37.620008510850695 ], [ 126.918236161799356, 37.620099766388122 ], [ 126.91823525322549, 37.620101928098975 ], [ 126.918371495049158, 37.620122025928559 ] ] ] } },
{ "type": "Feature", "properties": { "PNU": 1.138010400104e+18, "피해위치(": "서울특별시 은평구 갈현동 400-16 지층", "피해일시": "20250813 - 1200", "F_SHIM": 0.0, "F_AREA": 219.9848411, "F_AVR_HGT": 26.7061325, "ADM_CD": 1138010400, "F_YR": "2025", "F_ZONE_NM": "서울특별시 은평구 갈현동 400-16 지층", "TYPE": "소상공인", "TYPE2": "재난지원금" }, "geometry": { "type": "Polygon", "coordinates": [ [ [ 126.918985187805447, 37.619820087829545 ], [ 126.919087070955754, 37.619874217845371 ], [ 126.919171679007377, 37.619775709695787 ], [ 126.919215117433808, 37.619724834624662 ], [ 126.919111990616258, 37.619668721693387 ], [ 126.918985187805447, 37.619820087829545 ] ] ] } },
{ "type": "Feature", "properties": { "PNU": 1.13801030010344e+18, "피해위치(": "서울특별시 은평구 불광동 344-17 지층", "피해일시": "20250813 - 1200", "F_SHIM": 0.0, "F_AREA": 165.1929386, "F_AVR_HGT": 38.503141, "ADM_CD": 1138010300, "F_YR": "2025", "F_ZONE_NM": "서울특별시 은평구 불광동 344-17 지층", "TYPE": "주택", "TYPE2": "재난지원금" }, "geometry": { "type": "Polygon", "coordinates": [ [ [ 126.925643507085596, 37.620179542885168 ], [ 126.925698300120331, 37.620097408720909 ], [ 126.925558697845588, 37.62003839484678 ], [ 126.925499486242245, 37.620121427080775 ], [ 126.925496422715412, 37.620126560693599 ], [ 126.925563331914518, 37.620159579648664 ], [ 126.925632844743689, 37.620194222004066 ], [ 126.925643507085596, 37.620179542885168 ] ] ] } },
{ "type": "Feature", "properties": { "PNU": 1.138010400104e+18, "피해위치(": "서울특별시 은평구 갈현동 400-5 1층", "피해일시": "20250813 - 1200", "F_SHIM": 0.0, "F_AREA": 278.8506443, "F_AVR_HGT": 25.7942101, "ADM_CD": 1138010400, "F_YR": "2025", "F_ZONE_NM": "서울특별시 은평구 갈현동 400-5 1층", "TYPE": "소상공인", "TYPE2": "재난지원금" }, "geometry": { "type": "Polygon", "coordinates": [ [ [ 126.918419061096401, 37.619518132493539 ], [ 126.918550262987665, 37.619587780475094 ], [ 126.918667081995608, 37.619451364061646 ], [ 126.918678763722966, 37.619437857560641 ], [ 126.918667103890286, 37.619431632612205 ], [ 126.918573937767334, 37.619382553846201 ], [ 126.918548013549469, 37.619369561508059 ], [ 126.918419061096401, 37.619518132493539 ] ] ] } },
{ "type": "Feature", "properties": { "PNU": 1.13801040010453e+18, "피해위치(": "서울특별시 은평구 갈현동 453-20 지하", "피해일시": "20250813 - 1200", "F_SHIM": 0.0, "F_AREA": 143.5816366, "F_AVR_HGT": 26.2982479, "ADM_CD": 1138010400, "F_YR": "2025", "F_ZONE_NM": "서울특별시 은평구 갈현동 453-20 지하", "TYPE": "소상공인", "TYPE2": "재난지원금" }, "geometry": { "type": "Polygon", "coordinates": [ [ [ 126.917984581313831, 37.619194914459875 ], [ 126.918099150591132, 37.619146252476391 ], [ 126.918035377200255, 37.619047640146967 ], [ 126.917917978231827, 37.619094588202437 ], [ 126.917984581313831, 37.619194914459875 ] ] ] } },
{ "type": "Feature", "properties": { "PNU": 1.13801030010218e+18, "피해위치(": "서울특별시 은평구 불광동 218-28 101호", "피해일시": "20250813 - 1200", "F_SHIM": 0.0, "F_AREA": 154.1301064, "F_AVR_HGT": 51.606176, "ADM_CD": 1138010300, "F_YR": "2025", "F_ZONE_NM": "서울특별시 은평구 불광동 218-28 101호", "TYPE": "주택", "TYPE2": "재난지원금" }, "geometry": { "type": "Polygon", "coordinates": [ [ [ 126.931427430425629, 37.62006509162601 ], [ 126.931528702869358, 37.620055691442687 ], [ 126.931584009110125, 37.620023288947742 ], [ 126.931574113754252, 37.619945978988966 ], [ 126.931568563522362, 37.619945975699132 ], [ 126.931416084371079, 37.619964715701897 ], [ 126.931427430425629, 37.62006509162601 ] ] ] } },
{ "type": "Feature", "properties": { "PNU": 1.13801030010344e+18, "피해위치(": "서울특별시 은평구 불광동 344-24 지층 좌측", "피해일시": "20250813 - 1200", "F_SHIM": 0.0, "F_AREA": 136.6174438, "F_AVR_HGT": 32.4443871, "ADM_CD": 1138010300, "F_YR": "2025", "F_ZONE_NM": "서울특별시 은평구 불광동 344-24 지층 좌측", "TYPE": "주택", "TYPE2": "재난지원금" }, "geometry": { "type": "Polygon", "coordinates": [ [ [ 126.925229598235958, 37.619865194374384 ], [ 126.925380521596438, 37.619929441628678 ], [ 126.925438829499114, 37.619843976222754 ], [ 126.925340559790001, 37.619796341077624 ], [ 126.925318564760786, 37.619816598929553 ], [ 126.925265637295141, 37.619846387182989 ], [ 126.925229598235958, 37.619865194374384 ] ] ] } },
{ "type": "Feature", "properties": { "PNU": 1.13801040010456e+18, "피해위치(": "서울특별시 은평구 갈현동 456-6 1층", "피해일시": "20250813 - 1200", "F_SHIM": 0.0, "F_AREA": 118.1060125, "F_AVR_HGT": 25.0100647, "ADM_CD": 1138010400, "F_YR": "2025", "F_ZONE_NM": "서울특별시 은평구 갈현동 456-6 1층", "TYPE": "소상공인", "TYPE2": "재난지원금" }, "geometry": { "type": "Polygon", "coordinates": [ [ [ 126.919478793998266, 37.618707991814496 ], [ 126.919391036670092, 37.618581793537558 ], [ 126.9193154515456, 37.618613905906045 ], [ 126.919382848460685, 37.618714682426358 ], [ 126.919435956657793, 37.618727963787784 ], [ 126.919478793998266, 37.618707991814496 ] ] ] } },
{ "type": "Feature", "properties": { "PNU": 1.13801040010456e+18, "피해위치(": "서울특별시 은평구 갈현동 456-32 1층", "피해일시": "20250813 - 1200", "F_SHIM": 0.0, "F_AREA": 246.0424595, "F_AVR_HGT": 25.5187222, "ADM_CD": 1138010400, "F_YR": "2025", "F_ZONE_NM": "서울특별시 은평구 갈현동 456-32 1층", "TYPE": "소상공인", "TYPE2": "재난지원금" }, "geometry": { "type": "Polygon", "coordinates": [ [ [ 126.919633250092559, 37.61864277802249 ], [ 126.919543679700666, 37.618517119187629 ], [ 126.919457442871888, 37.618553458855132 ], [ 126.919391036670092, 37.618581793537558 ], [ 126.919478793998266, 37.618707991814496 ], [ 126.919633250092559, 37.61864277802249 ] ] ] } },
{ "type": "Feature", "properties": { "PNU": 1.13801040010517e+18, "피해위치(": "서울특별시 은평구 갈현동 517-4 B01호", "피해일시": "20250813 - 1200", "F_SHIM": 0.0, "F_AREA": 285.5356582, "F_AVR_HGT": 39.4024101, "ADM_CD": 1138010400, "F_YR": "2025", "F_ZONE_NM": "서울특별시 은평구 갈현동 517-4 B01호", "TYPE": "주택", "TYPE2": "재난지원금" }, "geometry": { "type": "Polygon", "coordinates": [ [ [ 126.912540641454413, 37.618440869335352 ], [ 126.912631336700969, 37.618372823576635 ], [ 126.912550112549752, 37.618287169244475 ], [ 126.912469344340366, 37.618199262748632 ], [ 126.912358708709263, 37.618271798222416 ], [ 126.912392086686253, 37.618301916176542 ], [ 126.912459858368095, 37.618365306253494 ], [ 126.912540641454413, 37.618440869335352 ] ] ] } },
{ "type": "Feature", "properties": { "PNU": 1.1380104001001201e+18, "피해위치(": "서울특별시 은평구 갈현동 12-12 302호", "피해일시": "20250813 - 1200", "F_SHIM": 0.0, "F_AREA": 165.7141483, "F_AVR_HGT": 58.5813499, "ADM_CD": 1138010400, "F_YR": "2025", "F_ZONE_NM": "서울특별시 은평구 갈현동 12-12 302호", "TYPE": "주택", "TYPE2": "재난지원금" }, "geometry": { "type": "Polygon", "coordinates": [ [ [ 126.916816632025444, 37.627710410460764 ], [ 126.91668734502349, 37.627639230354447 ], [ 126.916610778227806, 37.627728552386557 ], [ 126.916741992229305, 37.627798742883485 ], [ 126.916816632025444, 37.627710410460764 ] ] ] } },
{ "type": "Feature", "properties": { "PNU": 1.13801030010326e+18, "피해위치(": "서울특별시 은평구 불광동 326-1 지하 우측", "피해일시": "20250813 - 1200", "F_SHIM": 0.0, "F_AREA": 187.7363968, "F_AVR_HGT": 30.6431347, "ADM_CD": 1138010300, "F_YR": "2025", "F_ZONE_NM": "서울특별시 은평구 불광동 326-1 지하 우측", "TYPE": "주택", "TYPE2": "재난지원금" }, "geometry": { "type": "Polygon", "coordinates": [ [ [ 126.923943339155002, 37.619068610159488 ], [ 126.923972570804381, 37.619060610647857 ], [ 126.923955842699172, 37.619026272307913 ], [ 126.92393598465506, 37.618951928385393 ], [ 126.923968408925916, 37.618923568820136 ], [ 126.923941016023491, 37.618906161896966 ], [ 126.923916542642687, 37.618913263549857 ], [ 126.923814679049812, 37.618947073377988 ], [ 126.923837337660757, 37.619051241609768 ], [ 126.923854289536678, 37.619088192956262 ], [ 126.923943339155002, 37.619068610159488 ] ] ] } },
{ "type": "Feature", "properties": { "PNU": 1.13801040010006e+18, "피해위치(": "서울특별시 은평구 갈현동 6-12 102호", "피해일시": "20250813 - 1200", "F_SHIM": 0.0, "F_AREA": 370.8157457, "F_AVR_HGT": 52.7693306, "ADM_CD": 1138010400, "F_YR": "2025", "F_ZONE_NM": "서울특별시 은평구 갈현동 6-12 102호", "TYPE": "주택", "TYPE2": "재난지원금" }, "geometry": { "type": "Polygon", "coordinates": [ [ [ 126.918810119497053, 37.627139342585863 ], [ 126.918949899914239, 37.627044477296103 ], [ 126.918914927661319, 37.627015981884462 ], [ 126.918775941865221, 37.626904973996972 ], [ 126.918741955098639, 37.626907292705667 ], [ 126.918628587089245, 37.62698595868644 ], [ 126.918644430880448, 37.626999934988902 ], [ 126.918777186808299, 37.627110398073924 ], [ 126.918786693214713, 37.627118693745736 ], [ 126.918810119497053, 37.627139342585863 ] ] ] } },
{ "type": "Feature", "properties": { "PNU": 1.13801030010184e+18, "피해위치(": "서울특별시 은평구 불광동 184-9 101호", "피해일시": "20250813 - 1200", "F_SHIM": 0.0, "F_AREA": 405.0087858, "F_AVR_HGT": 45.7849518, "ADM_CD": 1138010300, "F_YR": "2025", "F_ZONE_NM": "서울특별시 은평구 불광동 184-9 101호", "TYPE": "소상공인", "TYPE2": "재난지원금" }, "geometry": { "type": "Polygon", "coordinates": [ [ [ 126.932320263402829, 37.622592056330092 ], [ 126.932421637928044, 37.62259833249297 ], [ 126.932420214732062, 37.622544993659957 ], [ 126.932419660870735, 37.622531478639686 ], [ 126.932448095636232, 37.622528251759505 ], [ 126.932439004813062, 37.622437067288637 ], [ 126.932359375404459, 37.622434768197671 ], [ 126.932364886239455, 37.622355214915245 ], [ 126.932335438501809, 37.62235150363751 ], [ 126.932332308640142, 37.622428625669265 ], [ 126.932243602542016, 37.622442268519606 ], [ 126.932162392406326, 37.622434472391305 ], [ 126.932201332421698, 37.622584688592923 ], [ 126.932320263402829, 37.622592056330092 ] ] ] } },
{ "type": "Feature", "properties": { "PNU": 1.13801030010185e+18, "피해위치(": "서울특별시 은평구 불광동 185-2", "피해일시": "20250813 - 1200", "F_SHIM": 0.0, "F_AREA": 57.5447506, "F_AVR_HGT": 45.7849518, "ADM_CD": 1138010300, "F_YR": "2025", "F_ZONE_NM": "서울특별시 은평구 불광동 185-2", "TYPE": "소상공인", "TYPE2": "재난지원금" }, "geometry": { "type": "Polygon", "coordinates": [ [ [ 126.932016730164776, 37.622425917480292 ], [ 126.932153217813294, 37.622433836312865 ], [ 126.932145685900153, 37.622372024674462 ], [ 126.93209628925851, 37.622381996500017 ], [ 126.932013466865641, 37.622402670280785 ], [ 126.932016730164776, 37.622425917480292 ] ] ] } },
{ "type": "Feature", "properties": { "PNU": 1.13801140010293e+18, "피해위치(": "서울특별시 은평구 진관동 293-6", "피해일시": "20250813 - 1200", "F_SHIM": 0.0, "F_AREA": 708.8003072, "F_AVR_HGT": 38.4292007, "ADM_CD": 1138011400, "F_YR": "2025", "F_ZONE_NM": "서울특별시 은평구 진관동 293-6", "TYPE": "주택", "TYPE2": "재난지원금" }, "geometry": { "type": "Polygon", "coordinates": [ [ [ 126.940762717171296, 37.656766352837195 ], [ 126.940478728295872, 37.656509698786209 ], [ 126.940274924081464, 37.656288223705751 ], [ 126.940122963760956, 37.656318714782785 ], [ 126.940164690634546, 37.656359442523097 ], [ 126.940284453991254, 37.656482325602148 ], [ 126.940353026188504, 37.656538942378013 ], [ 126.940421605274437, 37.656587279161208 ], [ 126.940494106811329, 37.65663404122791 ], [ 126.940679009218911, 37.656759029821323 ], [ 126.940672056397034, 37.656766306109247 ], [ 126.940754543680171, 37.656825272359477 ], [ 126.940852444448623, 37.656827304891465 ], [ 126.940762717171296, 37.656766352837195 ] ] ] } },
{ "type": "Feature", "properties": { "PNU": 1.1380109001020401e+18, "피해위치(": "서울특별시 은평구 신사동 204-8 지층", "피해일시": "20250813 - 1200", "F_SHIM": 0.0, "F_AREA": 141.9922209, "F_AVR_HGT": 43.9897552, "ADM_CD": 1138010900, "F_YR": "2025", "F_ZONE_NM": "서울특별시 은평구 신사동 204-8 지층", "TYPE": "주택", "TYPE2": "재난지원금" }, "geometry": { "type": "Polygon", "coordinates": [ [ [ 126.908248517721844, 37.595183930350025 ], [ 126.908248017447647, 37.595312590438802 ], [ 126.908324808492893, 37.595297154172258 ], [ 126.908371231389111, 37.595299172980027 ], [ 126.908374314010999, 37.59518799401372 ], [ 126.908248517721844, 37.595183930350025 ] ] ] } },
{ "type": "Feature", "properties": { "PNU": 1.13801040010013e+18, "피해위치(": "서울특별시 은평구 갈현동 13-9 202호", "피해일시": "20250813 - 1200", "F_SHIM": 0.0, "F_AREA": 335.8020172, "F_AVR_HGT": 78.8042923, "ADM_CD": 1138010400, "F_YR": "2025", "F_ZONE_NM": "서울특별시 은평구 갈현동 13-9 202호", "TYPE": "주택", "TYPE2": "재난지원금" }, "geometry": { "type": "Polygon", "coordinates": [ [ [ 126.916846530436715, 37.62901567982572 ], [ 126.91669652227975, 37.628834205085113 ], [ 126.916549251646288, 37.628935459228458 ], [ 126.916551966043357, 37.628939335391266 ], [ 126.916655627530176, 37.62903293157256 ], [ 126.916662656143998, 37.62902852183192 ], [ 126.916701360495651, 37.62906260665158 ], [ 126.916846530436715, 37.62901567982572 ] ] ] } },
{ "type": "Feature", "properties": { "PNU": 1.13801100010169e+18, "피해위치(": "서울특별시 은평구 증산동 169-13 B01호", "피해일시": "20250813 - 1200", "F_SHIM": 0.0, "F_AREA": 144.8221811, "F_AVR_HGT": 13.5254751, "ADM_CD": 1138011000, "F_YR": "2025", "F_ZONE_NM": "서울특별시 은평구 증산동 169-13 B01호", "TYPE": "주택", "TYPE2": "재난지원금" }, "geometry": { "type": "Polygon", "coordinates": [ [ [ 126.908973091770605, 37.584210868141369 ], [ 126.909087875741093, 37.584133022826897 ], [ 126.909011207809385, 37.584058361172197 ], [ 126.908893480935632, 37.584135663512775 ], [ 126.908973091770605, 37.584210868141369 ] ] ] } },
{ "type": "Feature", "properties": { "PNU": 1.13801100010186e+18, "피해위치(": "서울특별시 은평구 증산동 186-12 지층 102호", "피해일시": "20250813 - 1200", "F_SHIM": 0.0, "F_AREA": 614.2687372, "F_AVR_HGT": 13.3572927, "ADM_CD": 1138011000, "F_YR": "2025", "F_ZONE_NM": "서울특별시 은평구 증산동 186-12 지층 102호", "TYPE": "주택", "TYPE2": "재난지원금" }, "geometry": { "type": "Polygon", "coordinates": [ [ [ 126.907155217191388, 37.583735871015541 ], [ 126.907065219664389, 37.583639483685474 ], [ 126.906990035280501, 37.583557523917165 ], [ 126.906761957888548, 37.583696182937146 ], [ 126.906922956636365, 37.583869751775033 ], [ 126.907155217191388, 37.583735871015541 ] ] ] } },
{ "type": "Feature", "properties": { "PNU": 1.1380110001017201e+18, "피해위치(": "서울특별시 은평구 증산동 172-23 101호", "피해일시": "20250813 - 1200", "F_SHIM": 0.0, "F_AREA": 161.9333524, "F_AVR_HGT": 13.1812721, "ADM_CD": 1138011000, "F_YR": "2025", "F_ZONE_NM": "서울특별시 은평구 증산동 172-23 101호", "TYPE": "주택", "TYPE2": "재난지원금" }, "geometry": { "type": "Polygon", "coordinates": [ [ [ 126.907744194095287, 37.583530284951067 ], [ 126.907645247574038, 37.583437494892785 ], [ 126.907546439477429, 37.583504990197909 ], [ 126.907542133353573, 37.583508140219529 ], [ 126.907642325656212, 37.583600570959568 ], [ 126.907744194095287, 37.583530284951067 ] ] ] } },
{ "type": "Feature", "properties": { "PNU": 1.13801100010185e+18, "피해위치(": "서울특별시 은평구 증산동 185-3 103호", "피해일시": "20250813 - 1200", "F_SHIM": 0.0, "F_AREA": 170.9882124, "F_AVR_HGT": 13.1009089, "ADM_CD": 1138011000, "F_YR": "2025", "F_ZONE_NM": "서울특별시 은평구 증산동 185-3 103호", "TYPE": "소상공인", "TYPE2": "재난지원금" }, "geometry": { "type": "Polygon", "coordinates": [ [ [ 126.906245770061886, 37.582572598782249 ], [ 126.906369036508764, 37.58250170052542 ], [ 126.906294871112266, 37.582421182698049 ], [ 126.906261022234361, 37.582419713812278 ], [ 126.906160300759964, 37.582478466863421 ], [ 126.906245770061886, 37.582572598782249 ] ] ] } },
{ "type": "Feature", "properties": { "PNU": 1.13801100010184e+18, "피해위치(": "서울특별시 은평구 증산동 184-10 B02호", "피해일시": "20250813 - 1200", "F_SHIM": 0.0, "F_AREA": 116.2120916, "F_AVR_HGT": 12.9667507, "ADM_CD": 1138011000, "F_YR": "2025", "F_ZONE_NM": "서울특별시 은평구 증산동 184-10 B02호", "TYPE": "주택", "TYPE2": "재난지원금" }, "geometry": { "type": "Polygon", "coordinates": [ [ [ 126.905619354681107, 37.582223770482571 ], [ 126.905726306166798, 37.582162500185817 ], [ 126.905656886677193, 37.582089824380908 ], [ 126.905552880503194, 37.582149745531233 ], [ 126.905619354681107, 37.582223770482571 ] ] ] } },
{ "type": "Feature", "properties": { "PNU": 1.1380114001029e+18, "피해위치(": "서울특별시 은평구 진관동 290", "피해일시": "20250813 - 1200", "F_SHIM": 0.0, "F_AREA": 5996.7513485, "F_AVR_HGT": 40.2075134, "ADM_CD": 1138011400, "F_YR": "2025", "F_ZONE_NM": "서울특별시 은평구 진관동 290", "TYPE": "주택", "TYPE2": "재난지원금" }, "geometry": { "type": "Polygon", "coordinates": [ [ [ 126.944123024573074, 37.658019849502089 ], [ 126.944069536243475, 37.658016670054934 ], [ 126.943892413061704, 37.658005862067427 ], [ 126.943859223467229, 37.65798584421934 ], [ 126.943611977834564, 37.657939773418484 ], [ 126.943402152696251, 37.657865429946412 ], [ 126.943315776354083, 37.657891876006069 ], [ 126.943311023985203, 37.657896919117483 ], [ 126.943295927546103, 37.65791294901063 ], [ 126.94328212510996, 37.657911815979524 ], [ 126.943146571139238, 37.657900712045695 ], [ 126.942898544838258, 37.65783950299388 ], [ 126.9426011768781, 37.65773431925745 ], [ 126.942475611190147, 37.6576899105184 ], [ 126.942357344593731, 37.657630386956264 ], [ 126.942337535451387, 37.657615510942719 ], [ 126.94226697487494, 37.657562236946113 ], [ 126.942228324067599, 37.657555811598201 ], [ 126.942193486880541, 37.657542072243558 ], [ 126.942026642451651, 37.657476235107161 ], [ 126.942001740998109, 37.657466410934994 ], [ 126.941815057909324, 37.657366578732884 ], [ 126.941750397659447, 37.657304919339474 ], [ 126.941505474412821, 37.657193885039561 ], [ 126.941494940839647, 37.65718667188473 ], [ 126.941255934712032, 37.65704671879525 ], [ 126.941191599376893, 37.657004592384943 ], [ 126.940827324305701, 37.656766386094169 ], [ 126.940762717171296, 37.656766352837195 ], [ 126.940852444448623, 37.656827304891465 ], [ 126.940754543680171, 37.656825272359477 ], [ 126.940723254869965, 37.656824625556304 ], [ 126.940714528910561, 37.656824440863986 ], [ 126.940625842067476, 37.656766282262872 ], [ 126.940332214486645, 37.656766130329494 ], [ 126.940334932905174, 37.656767843590998 ], [ 126.940768913071139, 37.656978715714502 ], [ 126.941021290812301, 37.657118406357782 ], [ 126.941443129100904, 37.657353956461449 ], [ 126.941801195117421, 37.657554154586073 ], [ 126.942069546778981, 37.657705293434375 ], [ 126.942099678439988, 37.657722156836208 ], [ 126.942696985241056, 37.657919409181751 ], [ 126.943338085241109, 37.658058477164282 ], [ 126.944122950707722, 37.658115803230885 ], [ 126.944123024573074, 37.658019849502089 ] ] ] } },
{ "type": "Feature", "properties": { "PNU": 1.13801070010592e+18, "피해위치(": "서울특별시 은평구 응암동 592-49 지하", "피해일시": "20250822 - 2050", "F_SHIM": 0.0, "F_AREA": 128.1412401, "F_AVR_HGT": 13.9332214, "ADM_CD": 1138010700, "F_YR": "2025", "F_ZONE_NM": "서울특별시 은평구 응암동 592-49 지하", "TYPE": "주택", "TYPE2": "재난지원금" }, "geometry": { "type": "Polygon", "coordinates": [ [ [ 126.914199830791162, 37.588174139424623 ], [ 126.914320337600557, 37.588140982160411 ], [ 126.914288393090686, 37.588057617453629 ], [ 126.914146936700675, 37.58809391262875 ], [ 126.9141573692457, 37.588138230788338 ], [ 126.914171772233303, 37.58815661252914 ], [ 126.914199830791162, 37.588174139424623 ] ] ] } },
{ "type": "Feature", "properties": { "PNU": 1.13801070010592e+18, "피해위치(": "서울특별시 은평구 응암동 592-31 지하2호", "피해일시": "20250822 - 2103", "F_SHIM": 0.0, "F_AREA": 198.1817903, "F_AVR_HGT": 14.3276182, "ADM_CD": 1138010700, "F_YR": "2025", "F_ZONE_NM": "서울특별시 은평구 응암동 592-31 지하2호", "TYPE": "주택", "TYPE2": "재난지원금" }, "geometry": { "type": "Polygon", "coordinates": [ [ [ 126.914837549636474, 37.588128479004062 ], [ 126.914783146001767, 37.587982569581847 ], [ 126.914696505988914, 37.588004489921993 ], [ 126.914655620646442, 37.588015091465749 ], [ 126.91469130217861, 37.588098188527354 ], [ 126.914708465422464, 37.588138204881055 ], [ 126.914716639599234, 37.588158086619366 ], [ 126.91478954311988, 37.58814838253879 ], [ 126.914837549636474, 37.588128479004062 ] ] ] } },
{ "type": "Feature", "properties": { "PNU": 1.1380107001059601e+18, "피해위치(": "서울특별시 은평구 응암동 596-31 지층 좌측", "피해일시": "20250822 - 1539", "F_SHIM": 0.0, "F_AREA": 117.8202507, "F_AVR_HGT": 14.3276182, "ADM_CD": 1138010700, "F_YR": "2025", "F_ZONE_NM": "서울특별시 은평구 응암동 596-31 지층 좌측", "TYPE": "주택", "TYPE2": "재난지원금" }, "geometry": { "type": "Polygon", "coordinates": [ [ [ 126.915006561594012, 37.588055082620436 ], [ 126.915111552850547, 37.588025066622805 ], [ 126.915072710478412, 37.587933498113749 ], [ 126.91506988806907, 37.587926468364181 ], [ 126.914960373290754, 37.587951976083708 ], [ 126.915003964691095, 37.588048863921152 ], [ 126.915006561594012, 37.588055082620436 ] ] ] } },
{ "type": "Feature", "properties": { "PNU": 1.13801070010592e+18, "피해위치(": "서울특별시 은평구 응암동 592-54 지층", "피해일시": "20250813 - 1200", "F_SHIM": 0.0, "F_AREA": 92.788223, "F_AVR_HGT": 13.9332214, "ADM_CD": 1138010700, "F_YR": "2025", "F_ZONE_NM": "서울특별시 은평구 응암동 592-54 지층", "TYPE": "주택", "TYPE2": "재난지원금" }, "geometry": { "type": "Polygon", "coordinates": [ [ [ 126.914296357714548, 37.588024106699514 ], [ 126.914258768929997, 37.587926412151745 ], [ 126.914200102745824, 37.587941325120454 ], [ 126.914170882129554, 37.587949412366555 ], [ 126.914207678890662, 37.58804656576509 ], [ 126.914296357714548, 37.588024106699514 ] ] ] } },
{ "type": "Feature", "properties": { "PNU": 1.13801070010592e+18, "피해위치(": "서울특별시 은평구 응암동 592-38 행보공간빌라 1동 101호", "피해일시": "20250813 - 1200", "F_SHIM": 0.0, "F_AREA": 134.4479995, "F_AVR_HGT": 14.0544497, "ADM_CD": 1138010700, "F_YR": "2025", "F_ZONE_NM": "서울특별시 은평구 응암동 592-38 행보공간빌라 1동 101호", "TYPE": "주택", "TYPE2": "재난지원금" }, "geometry": { "type": "Polygon", "coordinates": [ [ [ 126.914498786403797, 37.588034166933888 ], [ 126.914634237788363, 37.588001290659655 ], [ 126.91459833998023, 37.58790954396472 ], [ 126.914463458211401, 37.587939537466617 ], [ 126.914498786403797, 37.588034166933888 ] ] ] } },
{ "type": "Feature", "properties": { "PNU": 1.1380107001059601e+18, "피해위치(": "서울특별시 은평구 응암동 596-7 B02호", "피해일시": "20250813 - 1200", "F_SHIM": 0.0, "F_AREA": 116.1310203, "F_AVR_HGT": 14.9682938, "ADM_CD": 1138010700, "F_YR": "2025", "F_ZONE_NM": "서울특별시 은평구 응암동 596-7 B02호", "TYPE": "주택", "TYPE2": "재난지원금" }, "geometry": { "type": "Polygon", "coordinates": [ [ [ 126.915658083267729, 37.587819860644935 ], [ 126.9156534651014, 37.587799044532858 ], [ 126.915632740150258, 37.587705236918936 ], [ 126.91553547211609, 37.587714806648727 ], [ 126.915557073914698, 37.587833662300284 ], [ 126.915658083267729, 37.587819860644935 ] ] ] } },
{ "type": "Feature", "properties": { "PNU": 1.13801080010055e+18, "피해위치(": "서울특별시 은평구 역촌동 55-34 지층", "피해일시": "20250813 - 1200", "F_SHIM": 0.0, "F_AREA": 338.5770208, "F_AVR_HGT": 27.0137535, "ADM_CD": 1138010800, "F_YR": "2025", "F_ZONE_NM": "서울특별시 은평구 역촌동 55-34 지층", "TYPE": "소상공인", "TYPE2": "재난지원금" }, "geometry": { "type": "Polygon", "coordinates": [ [ [ 126.911030444093086, 37.605445319169092 ], [ 126.911022177296402, 37.605258088719822 ], [ 126.910923083477073, 37.60525972456356 ], [ 126.910830105139382, 37.605261274925091 ], [ 126.910835108371643, 37.605431113922862 ], [ 126.911030444093086, 37.605445319169092 ] ] ] } },
{ "type": "Feature", "properties": { "PNU": 1.13801090010338e+18, "피해위치(": "서울특별시 은평구 신사동 338-29 지층 좌측", "피해일시": "20250813 - 1200", "F_SHIM": 0.0, "F_AREA": 132.817043, "F_AVR_HGT": 14.498098, "ADM_CD": 1138010900, "F_YR": "2025", "F_ZONE_NM": "서울특별시 은평구 신사동 338-29 지층 좌측", "TYPE": "주택", "TYPE2": "재난지원금" }, "geometry": { "type": "Polygon", "coordinates": [ [ [ 126.912580211817101, 37.5895841427363 ], [ 126.912696743040769, 37.589564228618599 ], [ 126.912676491559623, 37.58945582491976 ], [ 126.912563354961833, 37.589477633643945 ], [ 126.912548405666868, 37.589480775823866 ], [ 126.912580211817101, 37.5895841427363 ] ] ] } },
{ "type": "Feature", "properties": { "PNU": 1.13801090010338e+18, "피해위치(": "서울특별시 은평구 신사동 338-32 지층 103호", "피해일시": "20250813 - 1200", "F_SHIM": 0.0, "F_AREA": 169.3855398, "F_AVR_HGT": 14.498098, "ADM_CD": 1138010900, "F_YR": "2025", "F_ZONE_NM": "서울특별시 은평구 신사동 338-32 지층 103호", "TYPE": "주택", "TYPE2": "재난지원금" }, "geometry": { "type": "Polygon", "coordinates": [ [ [ 126.912404445141362, 37.589430212087812 ], [ 126.912538506270778, 37.589398220143529 ], [ 126.912537976135866, 37.589396525892624 ], [ 126.912504928956437, 37.589289554090875 ], [ 126.912357830440328, 37.589307192474188 ], [ 126.912404445141362, 37.589430212087812 ] ] ] } },
{ "type": "Feature", "properties": { "PNU": 1.13801070010593e+18, "피해위치(": "서울특별시 은평구 응암동 593-13 1층", "피해일시": "20250813 - 1200", "F_SHIM": 0.0, "F_AREA": 66.314411, "F_AVR_HGT": 13.5448166, "ADM_CD": 1138010700, "F_YR": "2025", "F_ZONE_NM": "서울특별시 은평구 응암동 593-13 1층", "TYPE": "주택", "TYPE2": "재난지원금" }, "geometry": { "type": "Polygon", "coordinates": [ [ [ 126.914112257396354, 37.586960537912887 ], [ 126.914092885872435, 37.586873037914266 ], [ 126.914012809163452, 37.586898836853955 ], [ 126.914026880559703, 37.586968133038269 ], [ 126.914112257396354, 37.586960537912887 ] ] ] } },
{ "type": "Feature", "properties": { "PNU": 1.13801100010202e+18, "피해위치(": "서울특별시 은평구 증산동 202-4 B01호", "피해일시": "20250823 - 0921", "F_SHIM": 0.0, "F_AREA": 288.5303808, "F_AVR_HGT": 23.7134529, "ADM_CD": 1138011000, "F_YR": "2025", "F_ZONE_NM": "서울특별시 은평구 증산동 202-4 B01호", "TYPE": "주택", "TYPE2": "재난지원금" }, "geometry": { "type": "Polygon", "coordinates": [ [ [ 126.90836219204111, 37.586925867148523 ], [ 126.908427450360776, 37.586890870310491 ], [ 126.908345372670212, 37.586794580349057 ], [ 126.908134748640862, 37.586913343945305 ], [ 126.908212868211422, 37.587005846785445 ], [ 126.90836219204111, 37.586925867148523 ] ] ] } },
{ "type": "Feature", "properties": { "PNU": 1.13801080010064e+18, "피해위치(": "서울특별시 은평구 역촌동 64-11 지층", "피해일시": "20250813 - 1200", "F_SHIM": 0.0, "F_AREA": 138.8240066, "F_AVR_HGT": 18.9328533, "ADM_CD": 1138010800, "F_YR": "2025", "F_ZONE_NM": "서울특별시 은평구 역촌동 64-11 지층", "TYPE": "주택", "TYPE2": "재난지원금" }, "geometry": { "type": "Polygon", "coordinates": [ [ [ 126.913946273343967, 37.603970177901893 ], [ 126.913958150271284, 37.603885404261767 ], [ 126.913794414539538, 37.603870416466073 ], [ 126.913782875261532, 37.603956812109253 ], [ 126.913946273343967, 37.603970177901893 ] ] ] } },
{ "type": "Feature", "properties": { "PNU": 1.1380107001059601e+18, "피해위치(": "서울특별시 은평구 응암동 596-6 지층 좌측", "피해일시": "20250813 - 1200", "F_SHIM": 0.0, "F_AREA": 164.5703452, "F_AVR_HGT": 14.9682938, "ADM_CD": 1138010700, "F_YR": "2025", "F_ZONE_NM": "서울특별시 은평구 응암동 596-6 지층 좌측", "TYPE": "주택", "TYPE2": "재난지원금" }, "geometry": { "type": "Polygon", "coordinates": [ [ [ 126.9156534651014, 37.587799044532858 ], [ 126.915780543366722, 37.587780513541368 ], [ 126.915782343884075, 37.587780253563466 ], [ 126.915757876591698, 37.587671838286191 ], [ 126.915615099605134, 37.587686123201024 ], [ 126.915532325242864, 37.587694532194242 ], [ 126.91553547211609, 37.587714806648727 ], [ 126.915632740150258, 37.587705236918936 ], [ 126.9156534651014, 37.587799044532858 ] ] ] } },
{ "type": "Feature", "properties": { "PNU": 1.1380107001059501e+18, "피해위치(": "서울특별시 은평구 응암동 595-56 지층", "피해일시": "20250813 - 1200", "F_SHIM": 0.0, "F_AREA": 92.5752345, "F_AVR_HGT": 14.0544497, "ADM_CD": 1138010700, "F_YR": "2025", "F_ZONE_NM": "서울특별시 은평구 응암동 595-56 지층", "TYPE": "소상공인", "TYPE2": "재난지원금" }, "geometry": { "type": "Polygon", "coordinates": [ [ [ 126.915165381813722, 37.587492894185182 ], [ 126.915338300099918, 37.587466891987795 ], [ 126.915324549811317, 37.587412552551072 ], [ 126.915153099872128, 37.587441709250562 ], [ 126.915165381813722, 37.587492894185182 ] ] ] } },
{ "type": "Feature", "properties": { "PNU": 1.13801070010595e+18, "피해위치(": "서울특별시 은평구 응암동 595-15 지층", "피해일시": "20250813 - 1200", "F_SHIM": 0.0, "F_AREA": 305.182302, "F_AVR_HGT": 14.9682938, "ADM_CD": 1138010700, "F_YR": "2025", "F_ZONE_NM": "서울특별시 은평구 응암동 595-15 지층", "TYPE": "주택", "TYPE2": "재난지원금" }, "geometry": { "type": "Polygon", "coordinates": [ [ [ 126.915506191014941, 37.587283663983818 ], [ 126.915492682631182, 37.587215809965286 ], [ 126.915489873792353, 37.587196977330393 ], [ 126.915471852496353, 37.587115334947704 ], [ 126.915470499453974, 37.587110468641967 ], [ 126.91529271377469, 37.587136287282796 ], [ 126.915315030708982, 37.587223609035327 ], [ 126.915336218190703, 37.587308587396649 ], [ 126.915506191014941, 37.587283663983818 ] ] ] } },
{ "type": "Feature", "properties": { "PNU": 1.13801070010593e+18, "피해위치(": "서울특별시 은평구 응암동 593-8 지하 101호", "피해일시": "20250813 - 1100", "F_SHIM": 0.0, "F_AREA": 308.5011711, "F_AVR_HGT": 13.5448166, "ADM_CD": 1138010700, "F_YR": "2025", "F_ZONE_NM": "서울특별시 은평구 응암동 593-8 지하 101호", "TYPE": "주택", "TYPE2": "재난지원금" }, "geometry": { "type": "Polygon", "coordinates": [ [ [ 126.914009530097161, 37.587282023375664 ], [ 126.914031810306639, 37.587205996751962 ], [ 126.914056178616903, 37.587183850577105 ], [ 126.914157424967925, 37.587160499937916 ], [ 126.914153933250006, 37.587145000410615 ], [ 126.914047364299407, 37.58716942828503 ], [ 126.913998442754121, 37.587081545979785 ], [ 126.913977313735202, 37.587044680022835 ], [ 126.913895804543571, 37.587036690879479 ], [ 126.913805628797931, 37.587081402867589 ], [ 126.913826522952348, 37.587125386462596 ], [ 126.91383138053699, 37.587134670217239 ], [ 126.913893279698968, 37.587162286324478 ], [ 126.913975614072456, 37.587239201438337 ], [ 126.913990204630906, 37.587251916147132 ], [ 126.914009530097161, 37.587282023375664 ] ] ] } },
{ "type": "Feature", "properties": { "PNU": 1.1380107001059501e+18, "피해위치(": "서울특별시 은평구 응암동 595-25", "피해일시": "20250813 - 1200", "F_SHIM": 0.0, "F_AREA": 181.1017001, "F_AVR_HGT": 14.5900732, "ADM_CD": 1138010700, "F_YR": "2025", "F_ZONE_NM": "서울특별시 은평구 응암동 595-25", "TYPE": "주택", "TYPE2": "재난지원금" }, "geometry": { "type": "Polygon", "coordinates": [ [ [ 126.914953054366919, 37.587232624289456 ], [ 126.914950131504028, 37.587214602444789 ], [ 126.914925697107236, 37.587098537646092 ], [ 126.914793435945967, 37.587115649365806 ], [ 126.914817056386838, 37.587250003590235 ], [ 126.914832456977578, 37.587247762438004 ], [ 126.914953054366919, 37.587232624289456 ] ] ] } },
{ "type": "Feature", "properties": { "PNU": 1.13801070010593e+18, "피해위치(": "서울특별시 은평구 응암동 593-21 B01호", "피해일시": "20250813 - 1200", "F_SHIM": 0.0, "F_AREA": 90.3749246, "F_AVR_HGT": 13.5448166, "ADM_CD": 1138010700, "F_YR": "2025", "F_ZONE_NM": "서울특별시 은평구 응암동 593-21 B01호", "TYPE": "주택", "TYPE2": "재난지원금" }, "geometry": { "type": "Polygon", "coordinates": [ [ [ 126.913826522952348, 37.587125386462596 ], [ 126.913805628797931, 37.587081402867589 ], [ 126.913776607249076, 37.58701660047241 ], [ 126.913707864459866, 37.587032046299939 ], [ 126.913745430495624, 37.58714812111581 ], [ 126.913826522952348, 37.587125386462596 ] ] ] } },
{ "type": "Feature", "properties": { "PNU": 1.1380107001059401e+18, "피해위치(": "서울특별시 은평구 응암동 594-85 B01호", "피해일시": "20250813 - 1200", "F_SHIM": 0.0, "F_AREA": 199.7684416, "F_AVR_HGT": 15.8952347, "ADM_CD": 1138010700, "F_YR": "2025", "F_ZONE_NM": "서울특별시 은평구 응암동 594-85 B01호", "TYPE": "주택", "TYPE2": "재난지원금" }, "geometry": { "type": "Polygon", "coordinates": [ [ [ 126.915551277308296, 37.586967000571455 ], [ 126.915523898342556, 37.586850933746817 ], [ 126.915475196211005, 37.586767827429 ], [ 126.91543192065653, 37.586790050210297 ], [ 126.915445144024289, 37.586810332018338 ], [ 126.915400747863131, 37.586822462937484 ], [ 126.915421924226322, 37.586917081821817 ], [ 126.915437361175464, 37.586981513514871 ], [ 126.915551277308296, 37.586967000571455 ] ] ] } },
{ "type": "Feature", "properties": { "PNU": 1.13801070010593e+18, "피해위치(": "서울특별시 은평구 응암동 593-14 B02호", "피해일시": "20250822 - 1928", "F_SHIM": 0.0, "F_AREA": 174.3639544, "F_AVR_HGT": 13.5448166, "ADM_CD": 1138010700, "F_YR": "2025", "F_ZONE_NM": "서울특별시 은평구 응암동 593-14 B02호", "TYPE": "주택", "TYPE2": "재난지원금" }, "geometry": { "type": "Polygon", "coordinates": [ [ [ 126.914012809163452, 37.586898836853955 ], [ 126.914092885872435, 37.586873037914266 ], [ 126.914074754646492, 37.586789953657046 ], [ 126.914068338433097, 37.586758054030568 ], [ 126.914015713321518, 37.586739184444035 ], [ 126.913924411404736, 37.586779120469465 ], [ 126.913953438689077, 37.586839057515604 ], [ 126.913979644595997, 37.586891243989875 ], [ 126.9139939239098, 37.586879631870246 ], [ 126.914012809163452, 37.586898836853955 ] ] ] } },
{ "type": "Feature", "properties": { "PNU": 1.1380107001059401e+18, "피해위치(": "서울특별시 은평구 응암동 594-70 지하", "피해일시": "20250813 - 1200", "F_SHIM": 0.0, "F_AREA": 121.2551345, "F_AVR_HGT": 14.5900732, "ADM_CD": 1138010700, "F_YR": "2025", "F_ZONE_NM": "서울특별시 은평구 응암동 594-70 지하", "TYPE": "주택", "TYPE2": "재난지원금" }, "geometry": { "type": "Polygon", "coordinates": [ [ [ 126.914609320305345, 37.586840172910982 ], [ 126.914558470644494, 37.586754812171449 ], [ 126.914552653739946, 37.58674285181349 ], [ 126.914460983861431, 37.58675872267024 ], [ 126.914471954250587, 37.586866200265533 ], [ 126.914568778810249, 37.586847711330869 ], [ 126.914609320305345, 37.586840172910982 ] ] ] } },
{ "type": "Feature", "properties": { "PNU": 1.13801070010594e+18, "피해위치(": "서울특별시 은평구 응암동 594-13 지층 좌", "피해일시": "20250813 - 1200", "F_SHIM": 0.0, "F_AREA": 124.5969614, "F_AVR_HGT": 14.5900732, "ADM_CD": 1138010700, "F_YR": "2025", "F_ZONE_NM": "서울특별시 은평구 응암동 594-13 지층 좌", "TYPE": "주택", "TYPE2": "재난지원금" }, "geometry": { "type": "Polygon", "coordinates": [ [ [ 126.914621890636838, 37.586837659406704 ], [ 126.914730171972963, 37.586800528380607 ], [ 126.914677062309067, 37.58671129179384 ], [ 126.914558470644494, 37.586754812171449 ], [ 126.914609320305345, 37.586840172910982 ], [ 126.914621890636838, 37.586837659406704 ] ] ] } },
{ "type": "Feature", "properties": { "PNU": 1.1380107001059401e+18, "피해위치(": "서울특별시 은평구 응암동 594-61 B02호", "피해일시": "20250822 - 2029", "F_SHIM": 0.0, "F_AREA": 170.2620485, "F_AVR_HGT": 14.5900732, "ADM_CD": 1138010700, "F_YR": "2025", "F_ZONE_NM": "서울특별시 은평구 응암동 594-61 B02호", "TYPE": "주택", "TYPE2": "재난지원금" }, "geometry": { "type": "Polygon", "coordinates": [ [ [ 126.915149498175211, 37.586541262108682 ], [ 126.915222489136312, 37.586474011898119 ], [ 126.915224075870015, 37.586472571481771 ], [ 126.915196605726393, 37.586436061497388 ], [ 126.915173543663499, 37.586406041824148 ], [ 126.915168455254005, 37.58640045199391 ], [ 126.915071114988905, 37.586473901140636 ], [ 126.915030659543362, 37.58650513569286 ], [ 126.915035407666309, 37.586511265870712 ], [ 126.915095546909441, 37.586592128284138 ], [ 126.915149498175211, 37.586541262108682 ] ] ] } },
{ "type": "Feature", "properties": { "PNU": 1.13801080010064e+18, "피해위치(": "서울특별시 은평구 역촌동 64-58 성림연립 B01호", "피해일시": "20250813 - 1200", "F_SHIM": 0.0, "F_AREA": 291.3793641, "F_AVR_HGT": 18.9328533, "ADM_CD": 1138010800, "F_YR": "2025", "F_ZONE_NM": "서울특별시 은평구 역촌동 64-58 성림연립 B01호", "TYPE": "주택", "TYPE2": "재난지원금" }, "geometry": { "type": "Polygon", "coordinates": [ [ [ 126.914446790665352, 37.603606731473867 ], [ 126.914463228790794, 37.603494481174344 ], [ 126.91433391546272, 37.60348366403084 ], [ 126.914205280589456, 37.60347374823008 ], [ 126.914190197653198, 37.603588882640736 ], [ 126.914319059213014, 37.603598798625285 ], [ 126.914446790665352, 37.603606731473867 ] ] ] } },
{ "type": "Feature", "properties": { "PNU": 1.1380103001028101e+18, "피해위치(": "서울특별시 은평구 불광동 281-89 지하1층 몰디브태닝", "피해일시": "20250813 - 1200", "F_SHIM": 0.0, "F_AREA": 231.7027029, "F_AVR_HGT": 27.7937981, "ADM_CD": 1138010300, "F_YR": "2025", "F_ZONE_NM": "서울특별시 은평구 불광동 281-89 지하1층 몰디브태닝", "TYPE": "소상공인", "TYPE2": "재난지원금" }, "geometry": { "type": "Polygon", "coordinates": [ [ [ 126.930240215107688, 37.61095897845 ], [ 126.930348091196649, 37.611019139019533 ], [ 126.930458234734274, 37.611077048401498 ], [ 126.930519010066774, 37.611003654988338 ], [ 126.930411585944185, 37.61094448592678 ], [ 126.93030427713812, 37.610883334677212 ], [ 126.930240215107688, 37.61095897845 ] ] ] } },
{ "type": "Feature", "properties": { "PNU": 1.13801070010583e+18, "피해위치(": "서울특별시 은평구 응암동 583-51 지층 뒤", "피해일시": "20250822 - 1412", "F_SHIM": 0.0, "F_AREA": 166.0340662, "F_AVR_HGT": 14.9423452, "ADM_CD": 1138010700, "F_YR": "2025", "F_ZONE_NM": "서울특별시 은평구 응암동 583-51 지층 뒤", "TYPE": "주택", "TYPE2": "재난지원금" }, "geometry": { "type": "Polygon", "coordinates": [ [ [ 126.916511151052063, 37.592448205367958 ], [ 126.916503041247907, 37.592410718581668 ], [ 126.916509323217866, 37.592362880840874 ], [ 126.916519126522459, 37.592305134807923 ], [ 126.916375075650549, 37.592326744711031 ], [ 126.916405490774551, 37.592464166747902 ], [ 126.916511151052063, 37.592448205367958 ] ] ] } },
{ "type": "Feature", "properties": { "PNU": 1.1380107001059401e+18, "피해위치(": "서울특별시 은평구 응암동 594-63 지층", "피해일시": "20250813 - 1200", "F_SHIM": 0.0, "F_AREA": 175.7272148, "F_AVR_HGT": 14.5900732, "ADM_CD": 1138010700, "F_YR": "2025", "F_ZONE_NM": "서울특별시 은평구 응암동 594-63 지층", "TYPE": "주택", "TYPE2": "재난지원금" }, "geometry": { "type": "Polygon", "coordinates": [ [ [ 126.915030659543362, 37.58650513569286 ], [ 126.915071114988905, 37.586473901140636 ], [ 126.915168455254005, 37.58640045199391 ], [ 126.915115887910375, 37.586331578260591 ], [ 126.915105600287234, 37.58631832624777 ], [ 126.914969393464077, 37.586419767493105 ], [ 126.915006217710683, 37.586473853597106 ], [ 126.915030659543362, 37.58650513569286 ] ] ] } },
{ "type": "Feature", "properties": { "PNU": 1.13801080010034e+18, "피해위치(": "서울특별시 은평구 역촌동 34-11 b02호", "피해일시": "20250813 - 1200", "F_SHIM": 0.0, "F_AREA": 151.2009965, "F_AVR_HGT": 18.2966438, "ADM_CD": 1138010800, "F_YR": "2025", "F_ZONE_NM": "서울특별시 은평구 역촌동 34-11 b02호", "TYPE": "주택", "TYPE2": "재난지원금" }, "geometry": { "type": "Polygon", "coordinates": [ [ [ 126.917137189896081, 37.603078547441172 ], [ 126.91715088829676, 37.602981971894422 ], [ 126.916991681117111, 37.602969244226166 ], [ 126.91697866330486, 37.60306464896459 ], [ 126.917137189896081, 37.603078547441172 ] ] ] } },
{ "type": "Feature", "properties": { "PNU": 1.13801080010063e+18, "피해위치(": "서울특별시 은평구 역촌동 63-61 1층", "피해일시": "20250813 - 1200", "F_SHIM": 0.0, "F_AREA": 164.4042286, "F_AVR_HGT": 18.4827896, "ADM_CD": 1138010800, "F_YR": "2025", "F_ZONE_NM": "서울특별시 은평구 역촌동 63-61 1층", "TYPE": "소상공인", "TYPE2": "재난지원금" }, "geometry": { "type": "Polygon", "coordinates": [ [ [ 126.915066593061184, 37.602912349316306 ], [ 126.915078488665841, 37.602810186595683 ], [ 126.914936786619975, 37.602800153902933 ], [ 126.914911786226526, 37.602816326219127 ], [ 126.914901496441587, 37.602900695693911 ], [ 126.915066593061184, 37.602912349316306 ] ] ] } },
{ "type": "Feature", "properties": { "PNU": 1.1380108001006601e+18, "피해위치(": "서울특별시 은평구 역촌동 66-39 B1층", "피해일시": "20250813 - 1200", "F_SHIM": 0.0, "F_AREA": 135.0475738, "F_AVR_HGT": 18.4827896, "ADM_CD": 1138010800, "F_YR": "2025", "F_ZONE_NM": "서울특별시 은평구 역촌동 66-39 B1층", "TYPE": "주택", "TYPE2": "재난지원금" }, "geometry": { "type": "Polygon", "coordinates": [ [ [ 126.914678876779433, 37.602884764913036 ], [ 126.914693723221063, 37.602777468800852 ], [ 126.914696803319046, 37.602758099939251 ], [ 126.914587984814673, 37.60275036148883 ], [ 126.914585477408465, 37.602764144676833 ], [ 126.914571192735536, 37.602875135218298 ], [ 126.914678876779433, 37.602884764913036 ] ] ] } },
{ "type": "Feature", "properties": { "PNU": 1.13801070010585e+18, "피해위치(": "서울특별시 은평구 응암동 585-31 지층 좌", "피해일시": "20250813 - 1100", "F_SHIM": 0.0, "F_AREA": 144.5631854, "F_AVR_HGT": 14.3235708, "ADM_CD": 1138010700, "F_YR": "2025", "F_ZONE_NM": "서울특별시 은평구 응암동 585-31 지층 좌", "TYPE": "주택", "TYPE2": "재난지원금" }, "geometry": { "type": "Polygon", "coordinates": [ [ [ 126.915454550367926, 37.590932614680433 ], [ 126.915561411192215, 37.590855568271543 ], [ 126.915476011830947, 37.59078063424009 ], [ 126.915470912418058, 37.590784324559408 ], [ 126.915366885573462, 37.590858489805306 ], [ 126.915454550367926, 37.590932614680433 ] ] ] } },
{ "type": "Feature", "properties": { "PNU": 1.13801070010585e+18, "피해위치(": "서울특별시 은평구 응암동 585-32 지층 가호", "피해일시": "20250813 - 1200", "F_SHIM": 0.0, "F_AREA": 124.3774889, "F_AVR_HGT": 14.3235708, "ADM_CD": 1138010700, "F_YR": "2025", "F_ZONE_NM": "서울특별시 은평구 응암동 585-32 지층 가호", "TYPE": "주택", "TYPE2": "재난지원금" }, "geometry": { "type": "Polygon", "coordinates": [ [ [ 126.915653313676415, 37.590789232600514 ], [ 126.915570067244104, 37.590712858627043 ], [ 126.915476011830947, 37.59078063424009 ], [ 126.915561411192215, 37.590855568271543 ], [ 126.915653313676415, 37.590789232600514 ] ] ] } },
{ "type": "Feature", "properties": { "PNU": 1.13801070010589e+18, "피해위치(": "서울특별시 은평구 응암동 589-26 지층좌(시온교회)", "피해일시": "20250813 - 1140", "F_SHIM": 0.0, "F_AREA": 138.9188658, "F_AVR_HGT": 14.5028101, "ADM_CD": 1138010700, "F_YR": "2025", "F_ZONE_NM": "서울특별시 은평구 응암동 589-26 지층좌(시온교회)", "TYPE": "주택", "TYPE2": "재난지원금" }, "geometry": { "type": "Polygon", "coordinates": [ [ [ 126.915655922959786, 37.590291981122569 ], [ 126.91566068161984, 37.590289191531632 ], [ 126.915677645586541, 37.590207844959814 ], [ 126.915557198005999, 37.590187124760234 ], [ 126.915526009472089, 37.590330448693209 ], [ 126.915655922959786, 37.590291981122569 ] ] ] } },
{ "type": "Feature", "properties": { "PNU": 1.13801090010349e+18, "피해위치(": "서울특별시 은평구 신사동 349-3 지층", "피해일시": "20250813 - 1200", "F_SHIM": 0.0, "F_AREA": 113.057476, "F_AVR_HGT": 15.8710924, "ADM_CD": 1138010900, "F_YR": "2025", "F_ZONE_NM": "서울특별시 은평구 신사동 349-3 지층", "TYPE": "주택", "TYPE2": "재난지원금" }, "geometry": { "type": "Polygon", "coordinates": [ [ [ 126.912355656008074, 37.591794448731441 ], [ 126.912486345758055, 37.591773194048343 ], [ 126.912456424164503, 37.59170298479512 ], [ 126.912434597845504, 37.591680714011346 ], [ 126.912339542119852, 37.591729385488733 ], [ 126.912311783602618, 37.59174432085414 ], [ 126.912355656008074, 37.591794448731441 ] ] ] } },
{ "type": "Feature", "properties": { "PNU": 1.13801080010039e+18, "피해위치(": "서울특별시 은평구 역촌동 39-38 B2호", "피해일시": "20250813 - 1200", "F_SHIM": 0.0, "F_AREA": 137.0462135, "F_AVR_HGT": 17.8508469, "ADM_CD": 1138010800, "F_YR": "2025", "F_ZONE_NM": "서울특별시 은평구 역촌동 39-38 B2호", "TYPE": "주택", "TYPE2": "재난지원금" }, "geometry": { "type": "Polygon", "coordinates": [ [ [ 126.918090576873823, 37.601168330801116 ], [ 126.918102124917581, 37.601069230839407 ], [ 126.91796216935461, 37.60105949132619 ], [ 126.917951104641688, 37.601151527910261 ], [ 126.917950281704535, 37.601158320738918 ], [ 126.918090576873823, 37.601168330801116 ] ] ] } },
{ "type": "Feature", "properties": { "PNU": 1.13801080010048e+18, "피해위치(": "서울특별시 은평구 역촌동 48-27 B02호", "피해일시": "20250813 - 1200", "F_SHIM": 0.0, "F_AREA": 176.0363317, "F_AVR_HGT": 19.6563927, "ADM_CD": 1138010800, "F_YR": "2025", "F_ZONE_NM": "서울특별시 은평구 역촌동 48-27 B02호", "TYPE": "주택", "TYPE2": "재난지원금" }, "geometry": { "type": "Polygon", "coordinates": [ [ [ 126.913299973155731, 37.606372796557615 ], [ 126.913451261400937, 37.606383901525227 ], [ 126.913462805160137, 37.606294352516599 ], [ 126.913466919941513, 37.606262280623014 ], [ 126.913457067895166, 37.606261732683201 ], [ 126.913334985644553, 37.6062612811374 ], [ 126.913312109937408, 37.606260723453886 ], [ 126.913310846216319, 37.606275949107271 ], [ 126.913308672883161, 37.606294237419966 ], [ 126.913299973155731, 37.606372796557615 ] ] ] } },
{ "type": "Feature", "properties": { "PNU": 1.1380108001008301e+18, "피해위치(": "서울특별시 은평구 역촌동 83-33 지층 101호", "피해일시": "20250813 - 1200", "F_SHIM": 0.0, "F_AREA": 151.2601322, "F_AVR_HGT": 17.6894947, "ADM_CD": 1138010800, "F_YR": "2025", "F_ZONE_NM": "서울특별시 은평구 역촌동 83-33 지층 101호", "TYPE": "주택", "TYPE2": "재난지원금" }, "geometry": { "type": "Polygon", "coordinates": [ [ [ 126.915295299061697, 37.600990900505018 ], [ 126.915449748090467, 37.60100146463472 ], [ 126.915456493565131, 37.600945698708884 ], [ 126.915464597922849, 37.600889933772905 ], [ 126.915469050020704, 37.60085894320477 ], [ 126.91546939648849, 37.600853087068081 ], [ 126.91544675056322, 37.600851088393426 ], [ 126.915441496738552, 37.600889916927819 ], [ 126.915438869460843, 37.600909646538568 ], [ 126.915305254701067, 37.600901079777053 ], [ 126.915295299061697, 37.600990900505018 ] ] ] } },
{ "type": "Feature", "properties": { "PNU": 1.1380107001058701e+18, "피해위치(": "서울특별시 은평구 응암동 587-25 지층 나호", "피해일시": "20250813 - 1200", "F_SHIM": 0.0, "F_AREA": 144.4292196, "F_AVR_HGT": 14.1621948, "ADM_CD": 1138010700, "F_YR": "2025", "F_ZONE_NM": "서울특별시 은평구 응암동 587-25 지층 나호", "TYPE": "주택", "TYPE2": "재난지원금" }, "geometry": { "type": "Polygon", "coordinates": [ [ [ 126.914477738675586, 37.589774493654296 ], [ 126.914458939782349, 37.589680416991236 ], [ 126.914312063196647, 37.589701661910823 ], [ 126.914307646403856, 37.589702559632379 ], [ 126.914324407180047, 37.589796544715163 ], [ 126.914477738675586, 37.589774493654296 ] ] ] } },
{ "type": "Feature", "properties": { "PNU": 1.1380107001059e+18, "피해위치(": "서울특별시 은평구 응암동 590-31 지하상가", "피해일시": "20250813 - 1200", "F_SHIM": 0.0, "F_AREA": 117.2006465, "F_AVR_HGT": 14.1621948, "ADM_CD": 1138010700, "F_YR": "2025", "F_ZONE_NM": "서울특별시 은평구 응암동 590-31 지하상가", "TYPE": "소상공인", "TYPE2": "재난지원금" }, "geometry": { "type": "Polygon", "coordinates": [ [ [ 126.915373082100459, 37.589706405328535 ], [ 126.915253798744459, 37.589658746225609 ], [ 126.915220002108143, 37.589707104399842 ], [ 126.915235126926987, 37.589748020160741 ], [ 126.915335959113463, 37.589791971774986 ], [ 126.915373082100459, 37.589706405328535 ] ] ] } },
{ "type": "Feature", "properties": { "PNU": 1.138010400104e+18, "피해위치(": "서울특별시 은평구 갈현동 400-7 1층", "피해일시": "20250813 - 1200", "F_SHIM": 0.0, "F_AREA": 340.3258111, "F_AVR_HGT": 25.7942101, "ADM_CD": 1138010400, "F_YR": "2025", "F_ZONE_NM": "서울특별시 은평구 갈현동 400-7 1층", "TYPE": "소상공인", "TYPE2": "재난지원금" }, "geometry": { "type": "Polygon", "coordinates": [ [ [ 126.918573937767334, 37.619382553846201 ], [ 126.918631447741078, 37.619308263392341 ], [ 126.9186672916438, 37.619262428673196 ], [ 126.918694627942429, 37.619227760126101 ], [ 126.918667346030034, 37.619213415390725 ], [ 126.918614819875586, 37.619185808508625 ], [ 126.918557279599924, 37.619185497777295 ], [ 126.91846843553337, 37.6192225556685 ], [ 126.918357947273307, 37.619268337749375 ], [ 126.918548013549469, 37.619369561508059 ], [ 126.918573937767334, 37.619382553846201 ] ] ] } },
{ "type": "Feature", "properties": { "PNU": 1.1380104001041101e+18, "피해위치(": "서울특별시 은평구 갈현동 411-22", "피해일시": "20250813 - 1200", "F_SHIM": 0.0, "F_AREA": 309.7734092, "F_AVR_HGT": 34.0458504, "ADM_CD": 1138010400, "F_YR": "2025", "F_ZONE_NM": "서울특별시 은평구 갈현동 411-22", "TYPE": "소상공인", "TYPE2": "재난지원금" }, "geometry": { "type": "Polygon", "coordinates": [ [ [ 126.918110512670836, 37.623576017937694 ], [ 126.918119668805161, 37.623694593308613 ], [ 126.918252433943053, 37.623689281188426 ], [ 126.918242484669989, 37.623570705267845 ], [ 126.918232763486529, 37.62345077803576 ], [ 126.918100678121391, 37.623456360908627 ], [ 126.918110512670836, 37.623576017937694 ] ] ] } },
{ "type": "Feature", "properties": { "PNU": 1.13801070010751e+18, "피해위치(": "서울특별시 은평구 응암동 751-16", "피해일시": "20250813 - 1200", "F_SHIM": 0.0, "F_AREA": 127.0431891, "F_AVR_HGT": 19.4153553, "ADM_CD": 1138010700, "F_YR": "2025", "F_ZONE_NM": "서울특별시 은평구 응암동 751-16", "TYPE": "주택", "TYPE2": "재난지원금" }, "geometry": { "type": "Polygon", "coordinates": [ [ [ 126.918672369973166, 37.586701909977911 ], [ 126.918676066786688, 37.586635329768299 ], [ 126.918660670031485, 37.586634327878414 ], [ 126.918662716970218, 37.586626220448601 ], [ 126.918498666119675, 37.586622321050008 ], [ 126.918475952260692, 37.586685283936895 ], [ 126.918672369973166, 37.586701909977911 ] ] ] } },
{ "type": "Feature", "properties": { "PNU": 1.1380102001015601e+18, "피해위치(": "서울특별시 은평구 녹번동 156-21 지층", "피해일시": "20250813 - 1200", "F_SHIM": 0.0, "F_AREA": 133.4539519, "F_AVR_HGT": 20.4872795, "ADM_CD": 1138010200, "F_YR": "2025", "F_ZONE_NM": "서울특별시 은평구 녹번동 156-21 지층", "TYPE": "주택", "TYPE2": "재난지원금" }, "geometry": { "type": "Polygon", "coordinates": [ [ [ 126.924348117676161, 37.602449794310729 ], [ 126.92434811429797, 37.602453064876009 ], [ 126.924304046586286, 37.602578083452833 ], [ 126.924347976099, 37.602586860726248 ], [ 126.924405604958523, 37.602598701266096 ], [ 126.924445028607849, 37.602474571592076 ], [ 126.924442995522426, 37.60246943466263 ], [ 126.924348117676161, 37.602449794310729 ] ] ] } },
{ "type": "Feature", "properties": { "PNU": 1.13801070010584e+18, "피해위치(": "서울특별시 은평구 응암동 584-56 지하 우측", "피해일시": "20250813 - 1200", "F_SHIM": 0.0, "F_AREA": 130.0236927, "F_AVR_HGT": 14.3371426, "ADM_CD": 1138010700, "F_YR": "2025", "F_ZONE_NM": "서울특별시 은평구 응암동 584-56 지하 우측", "TYPE": "주택", "TYPE2": "재난지원금" }, "geometry": { "type": "Polygon", "coordinates": [ [ [ 126.915997582400848, 37.591922506488757 ], [ 126.916018874633039, 37.592016728835638 ], [ 126.916019077412159, 37.592017629966854 ], [ 126.916157489054413, 37.591996016418904 ], [ 126.91613143928744, 37.591903376387648 ], [ 126.915997582400848, 37.591922506488757 ] ] ] } },
{ "type": "Feature", "properties": { "PNU": 1.1380110001018801e+18, "피해위치(": "서울특별시 은평구 증산동 188-12 상가 지하1층", "피해일시": "20250813 - 1200", "F_SHIM": 0.0, "F_AREA": 1172.8431673, "F_AVR_HGT": 13.6498333, "ADM_CD": 1138011000, "F_YR": "2025", "F_ZONE_NM": "서울특별시 은평구 증산동 188-12 상가 지하1층", "TYPE": "소상공인", "TYPE2": "재난지원금" }, "geometry": { "type": "Polygon", "coordinates": [ [ [ 126.907540832739741, 37.584542830936044 ], [ 126.907652648804657, 37.584666264802912 ], [ 126.907723312693534, 37.584743175024876 ], [ 126.907782215969874, 37.584809083843922 ], [ 126.90781753710003, 37.584811094053435 ], [ 126.907924720762722, 37.584746758627048 ], [ 126.907938402718486, 37.584760554550456 ], [ 126.90795230964666, 37.584775521931611 ], [ 126.908023992222184, 37.584852973371028 ], [ 126.908131286620957, 37.584790529914493 ], [ 126.908081087778413, 37.584734989491373 ], [ 126.908046490247472, 37.584697571207471 ], [ 126.908018564523545, 37.584666555194204 ], [ 126.908002623199494, 37.584648793154223 ], [ 126.907962485923079, 37.584605153657165 ], [ 126.907936707995873, 37.584576842282502 ], [ 126.907892613078005, 37.58452932538637 ], [ 126.907780342487769, 37.584407062663978 ], [ 126.907776836629623, 37.58440399652951 ], [ 126.907540832739741, 37.584542830936044 ] ] ] } },
{ "type": "Feature", "properties": { "PNU": 1.13801080010023e+18, "피해위치(": "서울특별시 은평구 역촌동 23-9 지하2호", "피해일시": "20250813 - 1200", "F_SHIM": 0.0, "F_AREA": 157.4956831, "F_AVR_HGT": 18.7172523, "ADM_CD": 1138010800, "F_YR": "2025", "F_ZONE_NM": "서울특별시 은평구 역촌동 23-9 지하2호", "TYPE": "주택", "TYPE2": "재난지원금" }, "geometry": { "type": "Polygon", "coordinates": [ [ [ 126.917480721717865, 37.604836249013466 ], [ 126.917495683755178, 37.604723636868933 ], [ 126.917353117561078, 37.604713173991648 ], [ 126.917339515291062, 37.604824886105668 ], [ 126.917480721717865, 37.604836249013466 ] ] ] } },
{ "type": "Feature", "properties": { "PNU": 1.1380108001001101e+18, "피해위치(": "서울특별시 은평구 역촌동 11-53 B02호", "피해일시": "20250813 - 1200", "F_SHIM": 0.0, "F_AREA": 188.7574694, "F_AVR_HGT": 19.7067467, "ADM_CD": 1138010800, "F_YR": "2025", "F_ZONE_NM": "서울특별시 은평구 역촌동 11-53 B02호", "TYPE": "주택", "TYPE2": "재난지원금" }, "geometry": { "type": "Polygon", "coordinates": [ [ [ 126.91652266037633, 37.60741552537818 ], [ 126.916535812676159, 37.607302641808019 ], [ 126.916367989746007, 37.60728954670617 ], [ 126.916365821958422, 37.607303600461066 ], [ 126.916352798677408, 37.607402428786592 ], [ 126.91652266037633, 37.60741552537818 ] ] ] } },
{ "type": "Feature", "properties": { "PNU": 1.1380108001001101e+18, "피해위치(": "서울특별시 은평구 역촌동 11-38 지층 1호", "피해일시": "20250813 - 1200", "F_SHIM": 0.0, "F_AREA": 158.5875108, "F_AVR_HGT": 19.7067467, "ADM_CD": 1138010800, "F_YR": "2025", "F_ZONE_NM": "서울특별시 은평구 역촌동 11-38 지층 1호", "TYPE": "주택", "TYPE2": "재난지원금" }, "geometry": { "type": "Polygon", "coordinates": [ [ [ 126.917083527471092, 37.607172933122499 ], [ 126.917091419156307, 37.607104464135183 ], [ 126.917099992467712, 37.60703410357187 ], [ 126.916983918742574, 37.60702699283042 ], [ 126.916967115105791, 37.607164650845675 ], [ 126.917083527471092, 37.607172933122499 ] ] ] } },
{ "type": "Feature", "properties": { "PNU": 1.13801050010007e+18, "피해위치(": "서울특별시 은평구 구산동 7-9 지하 101호", "피해일시": "20250813 - 1200", "F_SHIM": 0.0, "F_AREA": 146.1834001, "F_AVR_HGT": 21.3745457, "ADM_CD": 1138010500, "F_YR": "2025", "F_ZONE_NM": "서울특별시 은평구 구산동 7-9 지하 101호", "TYPE": "주택", "TYPE2": "재난지원금" }, "geometry": { "type": "Polygon", "coordinates": [ [ [ 126.914319556632307, 37.610933963537541 ], [ 126.914326482412434, 37.610919282657527 ], [ 126.914266691186043, 37.610815355310876 ], [ 126.914157464525886, 37.610856088966813 ], [ 126.914192614835343, 37.610918012404262 ], [ 126.914221777041334, 37.610967587956246 ], [ 126.914319556632307, 37.610933963537541 ] ] ] } },
{ "type": "Feature", "properties": { "PNU": 1.13801140010335e+18, "피해위치(": "서울특별시 은평구 진관동 335-4 진관동다육이농장", "피해일시": "20250813 - 1200", "F_SHIM": 0.0, "F_AREA": 214.3748608, "F_AVR_HGT": 49.7945076, "ADM_CD": 1138011400, "F_YR": "2025", "F_ZONE_NM": "서울특별시 은평구 진관동 335-4 진관동다육이농장", "TYPE": "소상공인", "TYPE2": "재난지원금" }, "geometry": { "type": "Polygon", "coordinates": [ [ [ 126.938734499691222, 37.647262434821371 ], [ 126.938781238677322, 37.647197499318665 ], [ 126.938819283434299, 37.647095889454036 ], [ 126.938855483924669, 37.647031398806767 ], [ 126.938888176475189, 37.646961230136625 ], [ 126.938827189526663, 37.64699165073349 ], [ 126.938700602221488, 37.647148443317619 ], [ 126.938666062264616, 37.64725915486742 ], [ 126.938716937239604, 37.647261434400228 ], [ 126.938734499691222, 37.647262434821371 ] ] ] } },
{ "type": "Feature", "properties": { "PNU": 1.13801060010079e+18, "피해위치(": "서울특별시 은평구 대조동 79-5 지층 우측", "피해일시": "20250813 - 1200", "F_SHIM": 0.0, "F_AREA": 373.4152105, "F_AVR_HGT": 25.7172619, "ADM_CD": 1138010600, "F_YR": "2025", "F_ZONE_NM": "서울특별시 은평구 대조동 79-5 지층 우측", "TYPE": "주택", "TYPE2": "재난지원금" }, "geometry": { "type": "Polygon", "coordinates": [ [ [ 126.926543591032384, 37.610440876015588 ], [ 126.926534535287175, 37.610436185158171 ], [ 126.926619379768979, 37.61030730857162 ], [ 126.926444811112077, 37.61023638050203 ], [ 126.926436423155465, 37.610243402822434 ], [ 126.926408119203927, 37.610233564113067 ], [ 126.92632624747489, 37.610334241720089 ], [ 126.926350899442042, 37.610371738257193 ], [ 126.926364921638807, 37.610393100450423 ], [ 126.926480515352011, 37.610433177584653 ], [ 126.926532700402916, 37.610458888727614 ], [ 126.926543591032384, 37.610440876015588 ] ] ] } },
{ "type": "Feature", "properties": { "PNU": 1.1380102001028e+18, "피해위치(": "서울특별시 은평구 녹번동 280-1 (상가동) 진로상가 B02호", "피해일시": "20250813 - 1200", "F_SHIM": 0.0, "F_AREA": 8595.9212097, "F_AVR_HGT": 83.6450897, "ADM_CD": 1138010200, "F_YR": "2025", "F_ZONE_NM": "서울특별시 은평구 녹번동 280-1 (상가동) 진로상가 B02호", "TYPE": "소상공인", "TYPE2": "재난지원금" }, "geometry": { "type": "Polygon", "coordinates": [ [ [ 126.937411212682477, 37.600606479901373 ], [ 126.937475885417044, 37.60059218937873 ], [ 126.937520713610837, 37.60060987296329 ], [ 126.937618741558524, 37.600654975231549 ], [ 126.937625516513847, 37.600677773772198 ], [ 126.937811135222546, 37.600657962380666 ], [ 126.937818166752891, 37.600645532608716 ], [ 126.93782665750787, 37.600648240140224 ], [ 126.937846515032632, 37.600600859141714 ], [ 126.937868477975826, 37.600607628361274 ], [ 126.937913854451622, 37.600646485195675 ], [ 126.938001622497268, 37.600638964202062 ], [ 126.93801167615797, 37.600401650651776 ], [ 126.938181540604887, 37.600397237010853 ], [ 126.938600443653542, 37.599827769375722 ], [ 126.938504461497772, 37.599774379962867 ], [ 126.938345962000483, 37.599598062908143 ], [ 126.937895092756435, 37.599539977604252 ], [ 126.937759026925207, 37.599616848153353 ], [ 126.937646206864315, 37.599788784860479 ], [ 126.937426839949239, 37.599814343968369 ], [ 126.937476320786587, 37.599952131163974 ], [ 126.937369627605946, 37.599976940361898 ], [ 126.937435255243329, 37.60016897553416 ], [ 126.937463397873785, 37.600232149732292 ], [ 126.937456881842692, 37.600435768392309 ], [ 126.937411212682477, 37.600606479901373 ] ] ] } },
{ "type": "Feature", "properties": { "PNU": 1.1380103001031003e+18, "피해위치(": "서울특별시 은평구 불광동 310-253 1층, 두드림마을", "피해일시": "20250813 - 1200", "F_SHIM": 0.0, "F_AREA": 8.4827423, "F_AVR_HGT": 29.3266521, "ADM_CD": 1138010300, "F_YR": "2025", "F_ZONE_NM": "서울특별시 은평구 불광동 310-253 1층, 두드림마을", "TYPE": "소상공인", "TYPE2": "재난지원금" }, "geometry": { "type": "Polygon", "coordinates": [ [ [ 126.921984603895226, 37.619686459860198 ], [ 126.922022308481232, 37.619699819771533 ], [ 126.922032972612541, 37.619684059802999 ], [ 126.921991309066769, 37.619665561640488 ], [ 126.921984603895226, 37.619686459860198 ] ] ] } },
{ "type": "Feature", "properties": { "PNU": 1.13801040010478e+18, "피해위치(": "서울특별시 은평구 갈현동 478-6 B01호", "피해일시": "20250813 - 1200", "F_SHIM": 0.0, "F_AREA": 217.8039686, "F_AVR_HGT": 23.6120831, "ADM_CD": 1138010400, "F_YR": "2025", "F_ZONE_NM": "서울특별시 은평구 갈현동 478-6 B01호", "TYPE": "주택", "TYPE2": "재난지원금" }, "geometry": { "type": "Polygon", "coordinates": [ [ [ 126.915722087428335, 37.615402416039792 ], [ 126.915840050863366, 37.615353218094825 ], [ 126.915904981566968, 37.615326235794825 ], [ 126.915852406988279, 37.615245379669247 ], [ 126.915843316675833, 37.615231407868507 ], [ 126.915658894765372, 37.615306622858306 ], [ 126.915703431423267, 37.615374201778302 ], [ 126.915722087428335, 37.615402416039792 ] ] ] } },
{ "type": "Feature", "properties": { "PNU": 1.13801030010486e+18, "피해위치(": "서울특별시 은평구 불광동 486-2 지층", "피해일시": "20250813 - 1200", "F_SHIM": 0.0, "F_AREA": 417.3064409, "F_AVR_HGT": 29.3266521, "ADM_CD": 1138010300, "F_YR": "2025", "F_ZONE_NM": "서울특별시 은평구 불광동 486-2 지층", "TYPE": "소상공인", "TYPE2": "재난지원금" }, "geometry": { "type": "Polygon", "coordinates": [ [ [ 126.921714401821532, 37.619938182466271 ], [ 126.921598745323749, 37.619850177550006 ], [ 126.921498456750967, 37.619786167031201 ], [ 126.921472420477457, 37.619771436368481 ], [ 126.921468785509759, 37.619781074389778 ], [ 126.921427319112624, 37.619895650920832 ], [ 126.921428688722003, 37.619896543820637 ], [ 126.921426216876227, 37.619898929740224 ], [ 126.921373230939423, 37.619950033395426 ], [ 126.921367433277197, 37.619969490627199 ], [ 126.921462067469889, 37.619982853330598 ], [ 126.921528614208881, 37.619992935374931 ], [ 126.921635677785758, 37.61999235919221 ], [ 126.921686691646542, 37.619984591226533 ], [ 126.921714401821532, 37.619938182466271 ] ] ] } },
{ "type": "Feature", "properties": { "PNU": 1.13801070010583e+18, "피해위치(": "서울특별시 은평구 응암동 583-16 b01호", "피해일시": "20250813 - 1100", "F_SHIM": 0.0, "F_AREA": 92.9648288, "F_AVR_HGT": 14.6502949, "ADM_CD": 1138010700, "F_YR": "2025", "F_ZONE_NM": "서울특별시 은평구 응암동 583-16 b01호", "TYPE": "주택", "TYPE2": "재난지원금" }, "geometry": { "type": "Polygon", "coordinates": [ [ [ 126.91621723460193, 37.59222833336608 ], [ 126.916196948294754, 37.592145338049868 ], [ 126.916088459020926, 37.592160125822545 ], [ 126.916109420975985, 37.592246275091036 ], [ 126.91621723460193, 37.59222833336608 ] ] ] } },
{ "type": "Feature", "properties": { "PNU": 1.13801070010594e+18, "피해위치(": "서울특별시 은평구 응암동 594-14 지층 101호", "피해일시": "20250813 - 1200", "F_SHIM": 0.0, "F_AREA": 127.3385362, "F_AVR_HGT": 14.5900732, "ADM_CD": 1138010700, "F_YR": "2025", "F_ZONE_NM": "서울특별시 은평구 응암동 594-14 지층 101호", "TYPE": "주택", "TYPE2": "재난지원금" }, "geometry": { "type": "Polygon", "coordinates": [ [ [ 126.914558470644494, 37.586754812171449 ], [ 126.914677062309067, 37.58671129179384 ], [ 126.914628484588036, 37.586619445660851 ], [ 126.914512048511796, 37.586659273540135 ], [ 126.914552653739946, 37.58674285181349 ], [ 126.914558470644494, 37.586754812171449 ] ] ] } },
{ "type": "Feature", "properties": { "PNU": 1.13801030010353e+18, "피해위치(": "서울특별시 은평구 불광동 353-16 지층 우측", "피해일시": "20250813 - 1200", "F_SHIM": 0.0, "F_AREA": 138.1561474, "F_AVR_HGT": 33.6191193, "ADM_CD": 1138010300, "F_YR": "2025", "F_ZONE_NM": "서울특별시 은평구 불광동 353-16 지층 우측", "TYPE": "주택", "TYPE2": "재난지원금" }, "geometry": { "type": "Polygon", "coordinates": [ [ [ 126.926353466969474, 37.620648777136914 ], [ 126.926396920596943, 37.620578438269398 ], [ 126.926407467034849, 37.62056628175263 ], [ 126.926418131543471, 37.620549350116043 ], [ 126.926333328898608, 37.620512265838457 ], [ 126.926310012340323, 37.620495132360439 ], [ 126.926304902535662, 37.620507652725891 ], [ 126.926257938915469, 37.620576547753807 ], [ 126.926243868061121, 37.620601586023014 ], [ 126.926353466969474, 37.620648777136914 ] ] ] } },
{ "type": "Feature", "properties": { "PNU": 1.13801080010047e+18, "피해위치(": "서울특별시 은평구 역촌동 47-16 B02호", "피해일시": "20250813 - 1200", "F_SHIM": 0.0, "F_AREA": 139.145741, "F_AVR_HGT": 19.6563927, "ADM_CD": 1138010800, "F_YR": "2025", "F_ZONE_NM": "서울특별시 은평구 역촌동 47-16 B02호", "TYPE": "주택", "TYPE2": "재난지원금" }, "geometry": { "type": "Polygon", "coordinates": [ [ [ 126.913736647223274, 37.606579176753456 ], [ 126.913750036962668, 37.60646043727273 ], [ 126.913632833337033, 37.606452151118553 ], [ 126.913619778815303, 37.606574584862202 ], [ 126.913736647223274, 37.606579176753456 ] ] ] } },
{ "type": "Feature", "properties": { "PNU": 1.13801070010593e+18, "피해위치(": "서울특별시 은평구 응암동 593-26 동화아르빌 B01호", "피해일시": "20250822 - 1333", "F_SHIM": 0.0, "F_AREA": 213.1262313, "F_AVR_HGT": 13.312472, "ADM_CD": 1138010700, "F_YR": "2025", "F_ZONE_NM": "서울특별시 은평구 응암동 593-26 동화아르빌 B01호", "TYPE": "주택", "TYPE2": "재난지원금" }, "geometry": { "type": "Polygon", "coordinates": [ [ [ 126.913849627067961, 37.587312358022459 ], [ 126.913836069667497, 37.587287570864291 ], [ 126.913810652248301, 37.587238808690707 ], [ 126.913778358771964, 37.587164183129403 ], [ 126.913670421075139, 37.587197078905518 ], [ 126.91369578885076, 37.587288007172837 ], [ 126.913719126970832, 37.587371906240456 ], [ 126.913849627067961, 37.587312358022459 ] ] ] } },
{ "type": "Feature", "properties": { "PNU": 1.13801100010184e+18, "피해위치(": "서울특별시 은평구 증산동 184-16 B02호", "피해일시": "20250813 - 1200", "F_SHIM": 0.0, "F_AREA": 272.8922724, "F_AVR_HGT": 12.9667507, "ADM_CD": 1138011000, "F_YR": "2025", "F_ZONE_NM": "서울특별시 은평구 증산동 184-16 B02호", "TYPE": "주택", "TYPE2": "재난지원금" }, "geometry": { "type": "Polygon", "coordinates": [ [ [ 126.905342645084659, 37.581902731361225 ], [ 126.905375500519114, 37.581884197816152 ], [ 126.905386720565744, 37.581892459983507 ], [ 126.905467907046898, 37.581846945195124 ], [ 126.905417484574599, 37.581792304417625 ], [ 126.905387184266303, 37.581760745243173 ], [ 126.905317089800747, 37.581685275628068 ], [ 126.905203103343254, 37.581750305940631 ], [ 126.905308990416884, 37.581864907583025 ], [ 126.905342645084659, 37.581902731361225 ] ] ] } },
{ "type": "Feature", "properties": { "PNU": 1.13801100010184e+18, "피해위치(": "서울특별시 은평구 증산동 184-9 지층", "피해일시": "20250813 - 1200", "F_SHIM": 0.0, "F_AREA": 3309.5388893999998, "F_AVR_HGT": 13.2516199, "ADM_CD": 1138011000, "F_YR": "2025", "F_ZONE_NM": "서울특별시 은평구 증산동 184-9 지층", "TYPE": "소상공인", "TYPE2": "재난지원금" }, "geometry": { "type": "Polygon", "coordinates": [ [ [ 126.905203103343254, 37.581750305940631 ], [ 126.905317089800747, 37.581685275628068 ], [ 126.905514904368559, 37.581571371854473 ], [ 126.905078746949016, 37.581095205695753 ], [ 126.90502985185428, 37.581085795488121 ], [ 126.904687198219989, 37.581319771264248 ], [ 126.904661956975062, 37.581403362048377 ], [ 126.905057529840178, 37.581833366092241 ], [ 126.905203103343254, 37.581750305940631 ] ] ] } },
{ "type": "Feature", "properties": { "PNU": 1.13801030010242e+18, "피해위치(": "서울특별시 은평구 불광동 242-13 지층1호", "피해일시": "20250813 - 1253", "F_SHIM": 0.0, "F_AREA": 141.5811394, "F_AVR_HGT": 35.3763977, "ADM_CD": 1138010300, "F_YR": "2025", "F_ZONE_NM": "서울특별시 은평구 불광동 242-13 지층1호", "TYPE": "주택", "TYPE2": "재난지원금" }, "geometry": { "type": "Polygon", "coordinates": [ [ [ 126.93170691703699, 37.613712983712567 ], [ 126.931799485084028, 37.613676458602811 ], [ 126.931834043332984, 37.613661702923686 ], [ 126.931780895785877, 37.613570762536696 ], [ 126.93169977331263, 37.613600717242413 ], [ 126.931654679653434, 37.613617809196811 ], [ 126.93170691703699, 37.613712983712567 ] ] ] } },
{ "type": "Feature", "properties": { "PNU": 1.13801030010242e+18, "피해위치(": "서울특별시 은평구 불광동 242-12   지층 좌측", "피해일시": "20250813 - 1200", "F_SHIM": 0.0, "F_AREA": 190.5579204, "F_AVR_HGT": 31.0565468, "ADM_CD": 1138010300, "F_YR": "2025", "F_ZONE_NM": "서울특별시 은평구 불광동 242-12   지층 좌측", "TYPE": "주택", "TYPE2": "재난지원금" }, "geometry": { "type": "Polygon", "coordinates": [ [ [ 126.931531568121741, 37.613735854872104 ], [ 126.931521889709927, 37.613790538683318 ], [ 126.931661367825114, 37.613732688244809 ], [ 126.93170691703699, 37.613712983712567 ], [ 126.931654679653434, 37.613617809196811 ], [ 126.931645631968564, 37.613603748535134 ], [ 126.93164472706539, 37.613602486625844 ], [ 126.931559413612888, 37.613632709047764 ], [ 126.931539812883358, 37.613639815177471 ], [ 126.931550654571978, 37.613673248004226 ], [ 126.931531568121741, 37.613735854872104 ] ] ] } },
{ "type": "Feature", "properties": { "PNU": 1.13801070010593e+18, "피해위치(": "서울특별시 은평구 응암동 593-38 지층 101호", "피해일시": "20250813 - 1200", "F_SHIM": 0.0, "F_AREA": 167.9510134, "F_AVR_HGT": 13.5448166, "ADM_CD": 1138010700, "F_YR": "2025", "F_ZONE_NM": "서울특별시 은평구 응암동 593-38 지층 101호", "TYPE": "주택", "TYPE2": "재난지원금" }, "geometry": { "type": "Polygon", "coordinates": [ [ [ 126.913953438689077, 37.586839057515604 ], [ 126.913924411404736, 37.586779120469465 ], [ 126.913903114904699, 37.586788655107036 ], [ 126.913815890471213, 37.58682715249828 ], [ 126.91380873278213, 37.586848320330347 ], [ 126.913892836737062, 37.58696064553498 ], [ 126.913979644595997, 37.586891243989875 ], [ 126.913953438689077, 37.586839057515604 ] ] ] } },
{ "type": "Feature", "properties": { "PNU": 1.1380107001059e+18, "피해위치(": "서울특별시 은평구 응암동 590-35 나동", "피해일시": "20250813 - 1200", "F_SHIM": 0.0, "F_AREA": 326.8060835, "F_AVR_HGT": 14.5028101, "ADM_CD": 1138010700, "F_YR": "2025", "F_ZONE_NM": "서울특별시 은평구 응암동 590-35 나동", "TYPE": "소상공인", "TYPE2": "재난지원금" }, "geometry": { "type": "Polygon", "coordinates": [ [ [ 126.915907041168154, 37.58990978564271 ], [ 126.915923257750833, 37.589887543081929 ], [ 126.916001907806972, 37.589923369177761 ], [ 126.916046586457753, 37.589863756352905 ], [ 126.915880459241379, 37.589788403726736 ], [ 126.915869351905528, 37.589798306499347 ], [ 126.915836710155901, 37.589827204418405 ], [ 126.915788199710036, 37.58987113724821 ], [ 126.915698433500268, 37.589951620047422 ], [ 126.915728197073292, 37.589964255467748 ], [ 126.915807753533031, 37.589999541760449 ], [ 126.915834574233102, 37.590011364130838 ], [ 126.91586916318191, 37.589963006357898 ], [ 126.915907041168154, 37.58990978564271 ] ] ] } },
{ "type": "Feature", "properties": { "PNU": 1.13801080010081e+18, "피해위치(": "서울특별시 은평구 역촌동 81-6 203호", "피해일시": "20250813 - 1200", "F_SHIM": 0.0, "F_AREA": 354.6875009, "F_AVR_HGT": 19.4708935, "ADM_CD": 1138010800, "F_YR": "2025", "F_ZONE_NM": "서울특별시 은평구 역촌동 81-6 203호", "TYPE": "주택", "TYPE2": "재난지원금" }, "geometry": { "type": "Polygon", "coordinates": [ [ [ 126.912615186650697, 37.602062523351194 ], [ 126.912761956151144, 37.602056957620889 ], [ 126.912887662032091, 37.602051736285716 ], [ 126.912884898512146, 37.601994792099305 ], [ 126.912880347056841, 37.601917664555231 ], [ 126.912744788219314, 37.601923779455248 ], [ 126.912612968083337, 37.601928455443357 ], [ 126.912613623416675, 37.601948728049585 ], [ 126.912615186650697, 37.602062523351194 ] ] ] } },
{ "type": "Feature", "properties": { "PNU": 1.13801020010221e+18, "피해위치(": "서울특별시 은평구 녹번동 221-15", "피해일시": "20250813 - 1200", "F_SHIM": 0.0, "F_AREA": 28.1780407, "F_AVR_HGT": 32.5706001, "ADM_CD": 1138010200, "F_YR": "2025", "F_ZONE_NM": "서울특별시 은평구 녹번동 221-15", "TYPE": "주택", "TYPE2": "재난지원금" }, "geometry": { "type": "Polygon", "coordinates": [ [ [ 126.932174043981362, 37.601470445033925 ], [ 126.932178929229607, 37.601514388843256 ], [ 126.932252411743207, 37.601490303666253 ], [ 126.932241888485407, 37.601456970130101 ], [ 126.932174043981362, 37.601470445033925 ] ] ] } },
{ "type": "Feature", "properties": { "PNU": 1.13801070010591e+18, "피해위치(": "서울특별시 은평구 응암동 591-3 해창위너스빌라 B동 101호", "피해일시": "20250813 - 1200", "F_SHIM": 0.0, "F_AREA": 844.7775459, "F_AVR_HGT": 14.423204, "ADM_CD": 1138010700, "F_YR": "2025", "F_ZONE_NM": "서울특별시 은평구 응암동 591-3 해창위너스빌라 B동 101호", "TYPE": "주택", "TYPE2": "재난지원금" }, "geometry": { "type": "Polygon", "coordinates": [ [ [ 126.915119423693227, 37.589443763096462 ], [ 126.915273327746348, 37.589513431663661 ], [ 126.915342283985623, 37.589412751933452 ], [ 126.915392526489114, 37.589339538543271 ], [ 126.915432675090059, 37.58928100382132 ], [ 126.915315434967937, 37.589229381934715 ], [ 126.91513674461001, 37.589151856716256 ], [ 126.915046231891793, 37.589290542097899 ], [ 126.915036385927706, 37.589286660650394 ], [ 126.914992608017741, 37.58935023809159 ], [ 126.915000622178653, 37.589371597303902 ], [ 126.915130763562459, 37.589428634852609 ], [ 126.915119423693227, 37.589443763096462 ] ] ] } },
{ "type": "Feature", "properties": { "PNU": 1.13801070010749e+18, "피해위치(": "서울특별시 은평구 응암동 749-43 지층 우측", "피해일시": "20250813 - 1200", "F_SHIM": 0.0, "F_AREA": 165.18944, "F_AVR_HGT": 19.8222443, "ADM_CD": 1138010700, "F_YR": "2025", "F_ZONE_NM": "서울특별시 은평구 응암동 749-43 지층 우측", "TYPE": "주택", "TYPE2": "재난지원금" }, "geometry": { "type": "Polygon", "coordinates": [ [ [ 126.918431687695616, 37.588209359096993 ], [ 126.918494999693237, 37.588292474453198 ], [ 126.918637493834822, 37.58823770460566 ], [ 126.918642034399809, 37.588227166269917 ], [ 126.91858800408211, 37.588146219876563 ], [ 126.918540996132066, 37.588165017427478 ], [ 126.918431687695616, 37.588209359096993 ] ] ] } },
{ "type": "Feature", "properties": { "PNU": 1.13801040010455e+18, "피해위치(": "서울특별시 은평구 갈현동 455-9 지층", "피해일시": "20250813 - 1200", "F_SHIM": 0.0, "F_AREA": 312.4426653, "F_AVR_HGT": 25.0100647, "ADM_CD": 1138010400, "F_YR": "2025", "F_ZONE_NM": "서울특별시 은평구 갈현동 455-9 지층", "TYPE": "소상공인", "TYPE2": "재난지원금" }, "geometry": { "type": "Polygon", "coordinates": [ [ [ 126.918813393531337, 37.618018340497443 ], [ 126.918645565378895, 37.618089949804045 ], [ 126.918668555689692, 37.61812323014076 ], [ 126.918747149680058, 37.618237619695101 ], [ 126.918795650890786, 37.618217111352358 ], [ 126.91891305111794, 37.618167279279547 ], [ 126.918813393531337, 37.618018340497443 ] ] ] } },
{ "type": "Feature", "properties": { "PNU": 1.13801030010314e+18, "피해위치(": "서울특별시 은평구 불광동 314-19 b01호", "피해일시": "20250813 - 1200", "F_SHIM": 0.0, "F_AREA": 116.0458259, "F_AVR_HGT": 29.8235813, "ADM_CD": 1138010300, "F_YR": "2025", "F_ZONE_NM": "서울특별시 은평구 불광동 314-19 b01호", "TYPE": "주택", "TYPE2": "재난지원금" }, "geometry": { "type": "Polygon", "coordinates": [ [ [ 126.923660614325371, 37.620627678139464 ], [ 126.923737852526855, 37.620607258808761 ], [ 126.923757114512298, 37.620601595329255 ], [ 126.923768093757261, 37.620598449133645 ], [ 126.923767540230529, 37.620597007200978 ], [ 126.9237302615212, 37.62050030748069 ], [ 126.923620698802097, 37.620528796273803 ], [ 126.923660614325371, 37.620627678139464 ] ] ] } },
{ "type": "Feature", "properties": { "PNU": 1.13801030010367e+18, "피해위치(": "서울특별시 은평구 불광동 367-9", "피해일시": "20250813 - 1200", "F_SHIM": 0.0, "F_AREA": 138.8494338, "F_AVR_HGT": 29.8235813, "ADM_CD": 1138010300, "F_YR": "2025", "F_ZONE_NM": "서울특별시 은평구 불광동 367-9", "TYPE": "주택", "TYPE2": "재난지원금" }, "geometry": { "type": "Polygon", "coordinates": [ [ [ 126.924057451164686, 37.620887043110685 ], [ 126.924129000522484, 37.62092394013419 ], [ 126.924176666638701, 37.620944423628728 ], [ 126.924230395152961, 37.620853225601834 ], [ 126.92423610154529, 37.620844688049218 ], [ 126.924200506694234, 37.620827600172674 ], [ 126.924194869101768, 37.620835326886727 ], [ 126.924165465810503, 37.620822486671969 ], [ 126.924114131774047, 37.620800081679434 ], [ 126.924057451164686, 37.620887043110685 ] ] ] } },
{ "type": "Feature", "properties": { "PNU": 1.1380107001039703e+18, "피해위치(": "서울특별시 은평구 응암동 397-282 지하 2호", "피해일시": "20250813 - 1200", "F_SHIM": 0.0, "F_AREA": 146.093726, "F_AVR_HGT": 26.3274113, "ADM_CD": 1138010700, "F_YR": "2025", "F_ZONE_NM": "서울특별시 은평구 응암동 397-282 지하 2호", "TYPE": "주택", "TYPE2": "재난지원금" }, "geometry": { "type": "Polygon", "coordinates": [ [ [ 126.919773707763525, 37.592340319475902 ], [ 126.919798704528489, 37.592447562925145 ], [ 126.919937637726065, 37.592425035313006 ], [ 126.91990497210638, 37.592320642710874 ], [ 126.919773707763525, 37.592340319475902 ] ] ] } },
{ "type": "Feature", "properties": { "PNU": 1.1380107001039703e+18, "피해위치(": "서울특별시 은평구 응암동 397-265 지층 02호", "피해일시": "20250813 - 1200", "F_SHIM": 0.0, "F_AREA": 232.4395997, "F_AVR_HGT": 19.3197781, "ADM_CD": 1138010700, "F_YR": "2025", "F_ZONE_NM": "서울특별시 은평구 응암동 397-265 지층 02호", "TYPE": "주택", "TYPE2": "재난지원금" }, "geometry": { "type": "Polygon", "coordinates": [ [ [ 126.918620140453839, 37.592144532951671 ], [ 126.918646953054719, 37.592307720038363 ], [ 126.918795776965581, 37.592290174146669 ], [ 126.91877469760648, 37.592143623282901 ], [ 126.918620140453839, 37.592144532951671 ] ] ] } },
{ "type": "Feature", "properties": { "PNU": 1.1380107001058801e+18, "피해위치(": "서울특별시 은평구 응암동 588-17 지층 뒤쪽", "피해일시": "20250813 - 1200", "F_SHIM": 0.0, "F_AREA": 150.678008, "F_AVR_HGT": 14.1621948, "ADM_CD": 1138010700, "F_YR": "2025", "F_ZONE_NM": "서울특별시 은평구 응암동 588-17 지층 뒤쪽", "TYPE": "주택", "TYPE2": "재난지원금" }, "geometry": { "type": "Polygon", "coordinates": [ [ [ 126.915282271622559, 37.590004835238631 ], [ 126.915419403235347, 37.590029829546921 ], [ 126.915435833138773, 37.589979809852821 ], [ 126.915459011656779, 37.589909730148221 ], [ 126.915416121277005, 37.589890868291583 ], [ 126.915403965780015, 37.589925997825809 ], [ 126.915307740138218, 37.589912773211637 ], [ 126.915282271622559, 37.590004835238631 ] ] ] } },
{ "type": "Feature", "properties": { "PNU": 1.13801070010376e+18, "피해위치(": "서울특별시 은평구 응암동 376-60 지층 1호", "피해일시": "20250813 - 1200", "F_SHIM": 0.0, "F_AREA": 186.3916121, "F_AVR_HGT": 15.8749653, "ADM_CD": 1138010700, "F_YR": "2025", "F_ZONE_NM": "서울특별시 은평구 응암동 376-60 지층 1호", "TYPE": "주택", "TYPE2": "재난지원금" }, "geometry": { "type": "Polygon", "coordinates": [ [ [ 126.917957925276724, 37.591588888467541 ], [ 126.917974132479671, 37.591676115229617 ], [ 126.918135506794215, 37.591653254232163 ], [ 126.918164248605194, 37.591598233394549 ], [ 126.918157540974505, 37.591551584694749 ], [ 126.918124406082114, 37.591555759877295 ], [ 126.917956466420534, 37.591577174637479 ], [ 126.917957925276724, 37.591588888467541 ] ] ] } },
{ "type": "Feature", "properties": { "PNU": 1.1380106001000901e+18, "피해위치(": "서울특별시 은평구 대조동 9-53 지층우측", "피해일시": "20250824 - 0943", "F_SHIM": 0.0, "F_AREA": 84.2179793, "F_AVR_HGT": 25.0534912, "ADM_CD": 1138010600, "F_YR": "2025", "F_ZONE_NM": "서울특별시 은평구 대조동 9-53 지층우측", "TYPE": "주택", "TYPE2": "재난지원금" }, "geometry": { "type": "Polygon", "coordinates": [ [ [ 126.92728659279112, 37.610396116417185 ], [ 126.927373195985183, 37.610433741788917 ], [ 126.92739542877564, 37.610398797669809 ], [ 126.927422652473822, 37.610356108238278 ], [ 126.92740691765006, 37.610348349916848 ], [ 126.927336614995454, 37.610319113945067 ], [ 126.927308712355298, 37.610361172242968 ], [ 126.92728659279112, 37.610396116417185 ] ] ] } },
{ "type": "Feature", "properties": { "PNU": 1.13801030010366e+18, "피해위치(": "서울특별시 은평구 불광동 366-1 1층", "피해일시": "20250813 - 1200", "F_SHIM": 0.0, "F_AREA": 201.5445992, "F_AVR_HGT": 29.8235813, "ADM_CD": 1138010300, "F_YR": "2025", "F_ZONE_NM": "서울특별시 은평구 불광동 366-1 1층", "TYPE": "소상공인", "TYPE2": "재난지원금" }, "geometry": { "type": "Polygon", "coordinates": [ [ [ 126.924467529269634, 37.621072462953045 ], [ 126.924445791142588, 37.621062718174336 ], [ 126.924384779938848, 37.621131423077749 ], [ 126.924365500546514, 37.621153844873923 ], [ 126.924381795403235, 37.621169622674628 ], [ 126.9244784398702, 37.621256630367569 ], [ 126.924492074542556, 37.621248836782314 ], [ 126.924565611313881, 37.621127423659566 ], [ 126.924467529269634, 37.621072462953045 ] ] ] } },
{ "type": "Feature", "properties": { "PNU": 1.13801040010416e+18, "피해위치(": "서울특별시 은평구 갈현동 416-8 1층", "피해일시": "20250813 - 1200", "F_SHIM": 0.0, "F_AREA": 146.1293556, "F_AVR_HGT": 39.0591255, "ADM_CD": 1138010400, "F_YR": "2025", "F_ZONE_NM": "서울특별시 은평구 갈현동 416-8 1층", "TYPE": "소상공인", "TYPE2": "재난지원금" }, "geometry": { "type": "Polygon", "coordinates": [ [ [ 126.918905004616249, 37.625029946669514 ], [ 126.918910651073858, 37.625107119496455 ], [ 126.918914266491583, 37.62515663083736 ], [ 126.918931952498085, 37.625143398821677 ], [ 126.918936365950259, 37.62514736621916 ], [ 126.918948603052414, 37.62514458174681 ], [ 126.919044573715126, 37.625122664967698 ], [ 126.919048085030141, 37.625122937715517 ], [ 126.919041282688539, 37.625025537102815 ], [ 126.918905004616249, 37.625029946669514 ] ] ] } },
{ "type": "Feature", "properties": { "PNU": 1.1380105001032101e+18, "피해위치(": "서울특별시 은평구 구산동 321-54 지층1호", "피해일시": "20250813 - 1200", "F_SHIM": 0.0, "F_AREA": 146.0461456, "F_AVR_HGT": 33.3075043, "ADM_CD": 1138010500, "F_YR": "2025", "F_ZONE_NM": "서울특별시 은평구 구산동 321-54 지층1호", "TYPE": "주택", "TYPE2": "재난지원금" }, "geometry": { "type": "Polygon", "coordinates": [ [ [ 126.907949118578259, 37.615446783780676 ], [ 126.908045033142827, 37.615371808098963 ], [ 126.907952933327167, 37.615294881461722 ], [ 126.907867461001075, 37.615352296233226 ], [ 126.907851045324406, 37.615346336732678 ], [ 126.907878171954096, 37.615391407294233 ], [ 126.907949118578259, 37.615446783780676 ] ] ] } },
{ "type": "Feature", "properties": { "PNU": 1.1380105001032101e+18, "피해위치(": "서울특별시 은평구 구산동 321-84 B02호", "피해일시": "20250813 - 1200", "F_SHIM": 0.0, "F_AREA": 152.9945098, "F_AVR_HGT": 33.7756287, "ADM_CD": 1138010500, "F_YR": "2025", "F_ZONE_NM": "서울특별시 은평구 구산동 321-84 B02호", "TYPE": "주택", "TYPE2": "재난지원금" }, "geometry": { "type": "Polygon", "coordinates": [ [ [ 126.908264241999348, 37.615063936216522 ], [ 126.908444829846644, 37.614935238531935 ], [ 126.908252723361741, 37.614945898636584 ], [ 126.90818617618288, 37.614995580163225 ], [ 126.908264241999348, 37.615063936216522 ] ] ] } },
{ "type": "Feature", "properties": { "PNU": 1.13801050010323e+18, "피해위치(": "서울특별시 은평구 구산동 323-4", "피해일시": "20250813 - 1200", "F_SHIM": 0.0, "F_AREA": 136.7352217, "F_AVR_HGT": 35.7723595, "ADM_CD": 1138010500, "F_YR": "2025", "F_ZONE_NM": "서울특별시 은평구 구산동 323-4", "TYPE": "주택", "TYPE2": "재난지원금" }, "geometry": { "type": "Polygon", "coordinates": [ [ [ 126.907261457192902, 37.615658057101669 ], [ 126.907302394296764, 37.615619257525459 ], [ 126.907224890093431, 37.615554865606164 ], [ 126.907115942685735, 37.615634965783322 ], [ 126.907200803089793, 37.615704048751951 ], [ 126.907261457192902, 37.615658057101669 ] ] ] } },
{ "type": "Feature", "properties": { "PNU": 1.13801050010323e+18, "피해위치(": "서울특별시 은평구 구산동 323-7 지하", "피해일시": "20250813 - 1200", "F_SHIM": 0.0, "F_AREA": 134.7079595, "F_AVR_HGT": 33.3075043, "ADM_CD": 1138010500, "F_YR": "2025", "F_ZONE_NM": "서울특별시 은평구 구산동 323-7 지하", "TYPE": "주택", "TYPE2": "재난지원금" }, "geometry": { "type": "Polygon", "coordinates": [ [ [ 126.907952933327167, 37.615294881461722 ], [ 126.908004972002104, 37.615254198380825 ], [ 126.907936857878695, 37.615198193485867 ], [ 126.907833683075438, 37.615282353321753 ], [ 126.907822635756702, 37.615330817312667 ], [ 126.907838139220502, 37.615341641388788 ], [ 126.907851045324406, 37.615346336732678 ], [ 126.907867461001075, 37.615352296233226 ], [ 126.907952933327167, 37.615294881461722 ] ] ] } },
{ "type": "Feature", "properties": { "PNU": 1.1380105001032301e+18, "피해위치(": "서울특별시 은평구 구산동 323-25 지하1층", "피해일시": "20250813 - 1200", "F_SHIM": 0.0, "F_AREA": 106.1245448, "F_AVR_HGT": 33.3075043, "ADM_CD": 1138010500, "F_YR": "2025", "F_ZONE_NM": "서울특별시 은평구 구산동 323-25 지하1층", "TYPE": "주택", "TYPE2": "재난지원금" }, "geometry": { "type": "Polygon", "coordinates": [ [ [ 126.907815078583042, 37.615215485783011 ], [ 126.907805092038217, 37.61514069645397 ], [ 126.907794363745197, 37.61511546047408 ], [ 126.907673059719755, 37.615205281949898 ], [ 126.90772510752538, 37.6152475793224 ], [ 126.907771543255237, 37.615249237984152 ], [ 126.907815078583042, 37.615215485783011 ] ] ] } },
{ "type": "Feature", "properties": { "PNU": 1.13801030010242e+18, "피해위치(": "서울특별시 은평구 불광동 242-19 지하 좌측", "피해일시": "20250813 - 1200", "F_SHIM": 0.0, "F_AREA": 135.2478955, "F_AVR_HGT": 35.3763977, "ADM_CD": 1138010300, "F_YR": "2025", "F_ZONE_NM": "서울특별시 은평구 불광동 242-19 지하 좌측", "TYPE": "주택", "TYPE2": "재난지원금" }, "geometry": { "type": "Polygon", "coordinates": [ [ [ 126.931668633608837, 37.613593310770703 ], [ 126.931801195381695, 37.613542934214202 ], [ 126.931785025739615, 37.613514453657743 ], [ 126.931753137176557, 37.613460015551333 ], [ 126.931630289141737, 37.613502685409145 ], [ 126.931617406001806, 37.613508498117049 ], [ 126.931620911589064, 37.613514356570619 ], [ 126.931668633608837, 37.613593310770703 ] ] ] } },
{ "type": "Feature", "properties": { "PNU": 1.13801030010184e+18, "피해위치(": "서울특별시 은평구 불광동 184-5 1층", "피해일시": "20250813 - 1200", "F_SHIM": 0.0, "F_AREA": 228.5019068, "F_AVR_HGT": 45.7849518, "ADM_CD": 1138010300, "F_YR": "2025", "F_ZONE_NM": "서울특별시 은평구 불광동 184-5 1층", "TYPE": "소상공인", "TYPE2": "재난지원금" }, "geometry": { "type": "Polygon", "coordinates": [ [ [ 126.931775637812549, 37.622474698436612 ], [ 126.931944334022134, 37.622562643542146 ], [ 126.931997001318436, 37.622568170558736 ], [ 126.932007102394948, 37.622425371221517 ], [ 126.931833793648153, 37.622425088809756 ], [ 126.931792863667368, 37.622429515472412 ], [ 126.931775637812549, 37.622474698436612 ] ] ] } },
{ "type": "Feature", "properties": { "PNU": 1.13801030010189e+18, "피해위치(": "서울특별시 은평구 불광동 189 1층", "피해일시": "20250813 - 1200", "F_SHIM": 0.0, "F_AREA": 204.2483684, "F_AVR_HGT": 45.7849518, "ADM_CD": 1138010300, "F_YR": "2025", "F_ZONE_NM": "서울특별시 은평구 불광동 189 1층", "TYPE": "소상공인", "TYPE2": "재난지원금" }, "geometry": { "type": "Polygon", "coordinates": [ [ [ 126.932130959359611, 37.622129292065502 ], [ 126.932149314504301, 37.622245979738729 ], [ 126.932270389559264, 37.622237095111629 ], [ 126.932356022781036, 37.622189915972179 ], [ 126.932366181879132, 37.622179344423301 ], [ 126.932250926121526, 37.622118280494121 ], [ 126.932130959359611, 37.622129292065502 ] ] ] } },
{ "type": "Feature", "properties": { "PNU": 1.13801030010279e+18, "피해위치(": "서울특별시 은평구 불광동 279-4 지층 우측", "피해일시": "20250813 - 1200", "F_SHIM": 0.0, "F_AREA": 88.3795936, "F_AVR_HGT": 33.8342834, "ADM_CD": 1138010300, "F_YR": "2025", "F_ZONE_NM": "서울특별시 은평구 불광동 279-4 지층 우측", "TYPE": "주택", "TYPE2": "재난지원금" }, "geometry": { "type": "Polygon", "coordinates": [ [ [ 126.931771976892819, 37.612812401420328 ], [ 126.931806241477233, 37.612747821311508 ], [ 126.931750307463417, 37.612730669614407 ], [ 126.931721208296366, 37.612721642595716 ], [ 126.931669597131787, 37.612805313216555 ], [ 126.93170333591047, 37.612818667702491 ], [ 126.931758136376885, 37.612836899929057 ], [ 126.931771976892819, 37.612812401420328 ] ] ] } },
{ "type": "Feature", "properties": { "PNU": 1.1380107001059401e+18, "피해위치(": "서울특별시 은평구 응암동 594-96 지층 우", "피해일시": "20250822 - 1704", "F_SHIM": 0.0, "F_AREA": 135.7195175, "F_AVR_HGT": 14.5900732, "ADM_CD": 1138010700, "F_YR": "2025", "F_ZONE_NM": "서울특별시 은평구 응암동 594-96 지층 우", "TYPE": "주택", "TYPE2": "재난지원금" }, "geometry": { "type": "Polygon", "coordinates": [ [ [ 126.915421924226322, 37.586917081821817 ], [ 126.915400747863131, 37.586822462937484 ], [ 126.915314447165017, 37.586846005757067 ], [ 126.915307649715587, 37.586849694831933 ], [ 126.915243440451832, 37.58686145082622 ], [ 126.915247380063136, 37.586881455575075 ], [ 126.915255362530928, 37.586930114604634 ], [ 126.915313556545655, 37.586931058101513 ], [ 126.915421924226322, 37.586917081821817 ] ] ] } },
{ "type": "Feature", "properties": { "PNU": 1.1380109001023703e+18, "피해위치(": "서울특별시 은평구 신사동 237-291 B01호", "피해일시": "20250813 - 1200", "F_SHIM": 0.0, "F_AREA": 77.0535501, "F_AVR_HGT": 36.9113098, "ADM_CD": 1138010900, "F_YR": "2025", "F_ZONE_NM": "서울특별시 은평구 신사동 237-291 B01호", "TYPE": "주택", "TYPE2": "재난지원금" }, "geometry": { "type": "Polygon", "coordinates": [ [ [ 126.90673332175291, 37.596279941290121 ], [ 126.906816730744595, 37.596315146601185 ], [ 126.906825218738305, 37.596318757345408 ], [ 126.906865061952772, 37.596241394810441 ], [ 126.906803943555332, 37.596219271684383 ], [ 126.906763847297213, 37.596228249339376 ], [ 126.90673332175291, 37.596279941290121 ] ] ] } },
{ "type": "Feature", "properties": { "PNU": 1.13801030010242e+18, "피해위치(": "서울특별시 은평구 불광동 242-28 지층 안쪽", "피해일시": "20250813 - 1200", "F_SHIM": 0.0, "F_AREA": 149.4528989, "F_AVR_HGT": 31.0565468, "ADM_CD": 1138010300, "F_YR": "2025", "F_ZONE_NM": "서울특별시 은평구 불광동 242-28 지층 안쪽", "TYPE": "주택", "TYPE2": "재난지원금" }, "geometry": { "type": "Polygon", "coordinates": [ [ [ 126.931575619605937, 37.613380443941523 ], [ 126.931698547477112, 37.613336999343126 ], [ 126.931639411293546, 37.613231369351524 ], [ 126.93152962677884, 37.613269415797703 ], [ 126.931529493254274, 37.613291039266066 ], [ 126.931575619605937, 37.613380443941523 ] ] ] } },
{ "type": "Feature", "properties": { "PNU": 1.1380103001024201e+18, "피해위치(": "서울특별시 은평구 불광동 242-33 좌측", "피해일시": "20250813 - 1200", "F_SHIM": 0.0, "F_AREA": 138.4846876, "F_AVR_HGT": 35.3763977, "ADM_CD": 1138010300, "F_YR": "2025", "F_ZONE_NM": "서울특별시 은평구 불광동 242-33 좌측", "TYPE": "주택", "TYPE2": "재난지원금" }, "geometry": { "type": "Polygon", "coordinates": [ [ [ 126.931625603456794, 37.6132208196953 ], [ 126.931762579455622, 37.613172878442001 ], [ 126.931699132791792, 37.613074363680873 ], [ 126.931590795943038, 37.613139080084217 ], [ 126.931587162942449, 37.613148358037563 ], [ 126.931625603456794, 37.6132208196953 ] ] ] } },
{ "type": "Feature", "properties": { "PNU": 1.1380104001054799e+18, "피해위치(": "서울특별시 은평구 갈현동 548 130호", "피해일시": "20250813 - 1200", "F_SHIM": 0.0, "F_AREA": 1529.9887212000001, "F_AVR_HGT": 34.0458504, "ADM_CD": 1138010400, "F_YR": "2025", "F_ZONE_NM": "서울특별시 은평구 갈현동 548 130호", "TYPE": "소상공인", "TYPE2": "재난지원금" }, "geometry": { "type": "Polygon", "coordinates": [ [ [ 126.917714842735862, 37.623473566530905 ], [ 126.917645287620303, 37.623477121032032 ], [ 126.917595896728258, 37.623479608659004 ], [ 126.917501306731509, 37.623484046247739 ], [ 126.917448743713933, 37.6234868919463 ], [ 126.917360157700742, 37.623490973307334 ], [ 126.917311106921289, 37.623493190763767 ], [ 126.917218894656585, 37.623498530802323 ], [ 126.917168711419563, 37.623500477096727 ], [ 126.917159535807386, 37.623500740831439 ], [ 126.917076416078999, 37.623579246792751 ], [ 126.917078535499343, 37.623608259848609 ], [ 126.917080431325402, 37.623634659903836 ], [ 126.917088014642815, 37.623740260123178 ], [ 126.917186229506825, 37.623736095750537 ], [ 126.917236413817236, 37.623733338568108 ], [ 126.917327945395456, 37.623729169303921 ], [ 126.917376316675075, 37.623726951356112 ], [ 126.917468527892211, 37.623722782467482 ], [ 126.917520750842485, 37.623720296910001 ], [ 126.917615567992726, 37.623715589173692 ], [ 126.917663032442235, 37.623713911051283 ], [ 126.917742216213156, 37.623710363376134 ], [ 126.917763198198045, 37.623687223097981 ], [ 126.917756492941734, 37.623605859891981 ], [ 126.91775403373471, 37.623576576313113 ], [ 126.91774733011566, 37.623493771538996 ], [ 126.917714842735862, 37.623473566530905 ] ] ] } },
{ "type": "Feature", "properties": { "PNU": 1.13801140010066e+18, "피해위치(": "서울특별시 은평구 진관동 66 B102호", "피해일시": "20250813 - 1200", "F_SHIM": 0.0, "F_AREA": 4917.2317500999998, "F_AVR_HGT": 32.853376, "ADM_CD": 1138011400, "F_YR": "2025", "F_ZONE_NM": "서울특별시 은평구 진관동 66 B102호", "TYPE": "소상공인", "TYPE2": "재난지원금" }, "geometry": { "type": "Polygon", "coordinates": [ [ [ 126.920463045938291, 37.640033394126576 ], [ 126.919920964038681, 37.639459278312529 ], [ 126.919368509962055, 37.639875146333409 ], [ 126.919391267147432, 37.639889848101291 ], [ 126.919413230446537, 37.639905270093855 ], [ 126.919434286459989, 37.639921502330367 ], [ 126.919454548686474, 37.639938364694885 ], [ 126.919473903825548, 37.639955857108973 ], [ 126.919498236762919, 37.639980110307711 ], [ 126.919878372657749, 37.640382660160917 ], [ 126.920463045938291, 37.640033394126576 ] ] ] } },
{ "type": "Feature", "properties": { "PNU": 1.13801140020027e+18, "피해위치(": "서울특별시 은평구 진관동 산27-2", "피해일시": "20250813 - 1200", "F_SHIM": 0.0, "F_AREA": 163.6749168, "F_AVR_HGT": 49.7945076, "ADM_CD": 1138011400, "F_YR": "2025", "F_ZONE_NM": "서울특별시 은평구 진관동 산27-2", "TYPE": "주택", "TYPE2": "재난지원금" }, "geometry": { "type": "Polygon", "coordinates": [ [ [ 126.939023341023315, 37.646844625420499 ], [ 126.939057696861184, 37.646858203303751 ], [ 126.939281564315465, 37.646506328292027 ], [ 126.939222346221385, 37.646508801751075 ], [ 126.939142821412887, 37.646648546168436 ], [ 126.939023341023315, 37.646844625420499 ] ] ] } },
{ "type": "Feature", "properties": { "PNU": 1.1380103001028101e+18, "피해위치(": "서울특별시 은평구 불광동 281-132 지층2호", "피해일시": "20250823 - 1618", "F_SHIM": 0.0, "F_AREA": 114.3316386, "F_AVR_HGT": 30.1918713, "ADM_CD": 1138010300, "F_YR": "2025", "F_ZONE_NM": "서울특별시 은평구 불광동 281-132 지층2호", "TYPE": "주택", "TYPE2": "재난지원금" }, "geometry": { "type": "Polygon", "coordinates": [ [ [ 126.931368569455913, 37.610256618629009 ], [ 126.93147520056155, 37.610315786355699 ], [ 126.931537900797224, 37.610241132175766 ], [ 126.931434565720622, 37.610181705177659 ], [ 126.931368569455913, 37.610256618629009 ] ] ] } },
{ "type": "Feature", "properties": { "PNU": 1.1380103001028101e+18, "피해위치(": "서울특별시 은평구 불광동 281-75 지층", "피해일시": "20250813 - 1200", "F_SHIM": 0.0, "F_AREA": 117.7641901, "F_AVR_HGT": 27.7937981, "ADM_CD": 1138010300, "F_YR": "2025", "F_ZONE_NM": "서울특별시 은평구 불광동 281-75 지층", "TYPE": "소상공인", "TYPE2": "재난지원금" }, "geometry": { "type": "Polygon", "coordinates": [ [ [ 126.930458234734274, 37.611077048401498 ], [ 126.930348091196649, 37.611019139019533 ], [ 126.930276432564682, 37.611103517749157 ], [ 126.930375270324632, 37.611140607710418 ], [ 126.930407557914677, 37.611130716373381 ], [ 126.930458234734274, 37.611077048401498 ] ] ] } },
{ "type": "Feature", "properties": { "PNU": 1.13801070010583e+18, "피해위치(": "서울특별시 은평구 응암동 583-49 지층 1", "피해일시": "20250813 - 1200", "F_SHIM": 0.0, "F_AREA": 133.8149974, "F_AVR_HGT": 14.6502949, "ADM_CD": 1138010700, "F_YR": "2025", "F_ZONE_NM": "서울특별시 은평구 응암동 583-49 지층 1", "TYPE": "주택", "TYPE2": "재난지원금" }, "geometry": { "type": "Polygon", "coordinates": [ [ [ 126.916405490774551, 37.592464166747902 ], [ 126.916375075650549, 37.592326744711031 ], [ 126.916371677882992, 37.592327553145964 ], [ 126.916279155089299, 37.592341001133164 ], [ 126.916308438067205, 37.592478152081782 ], [ 126.91640152716721, 37.592464704480399 ], [ 126.916405490774551, 37.592464166747902 ] ] ] } },
{ "type": "Feature", "properties": { "PNU": 1.1380103001024201e+18, "피해위치(": "서울특별시 은평구 불광동 242-39 지하101호", "피해일시": "20250813 - 1200", "F_SHIM": 0.0, "F_AREA": 233.1457697, "F_AVR_HGT": 34.632753, "ADM_CD": 1138010300, "F_YR": "2025", "F_ZONE_NM": "서울특별시 은평구 불광동 242-39 지하101호", "TYPE": "주택", "TYPE2": "재난지원금" }, "geometry": { "type": "Polygon", "coordinates": [ [ [ 126.932214297788008, 37.615206568624636 ], [ 126.932220627799225, 37.615220267250848 ], [ 126.93236246679038, 37.615183770631489 ], [ 126.932383538929244, 37.615178106798545 ], [ 126.932326241325654, 37.615041394420004 ], [ 126.932195498982111, 37.615081501439207 ], [ 126.932171027470204, 37.615088785006755 ], [ 126.932195656924208, 37.615155381963291 ], [ 126.932214297788008, 37.615206568624636 ] ] ] } },
{ "type": "Feature", "properties": { "PNU": 1.1380108001002701e+18, "피해위치(": "서울특별시 은평구 역촌동 27-25 1층", "피해일시": "20250813 - 1200", "F_SHIM": 0.0, "F_AREA": 248.7762036, "F_AVR_HGT": 21.1629559, "ADM_CD": 1138010800, "F_YR": "2025", "F_ZONE_NM": "서울특별시 은평구 역촌동 27-25 1층", "TYPE": "소상공인", "TYPE2": "재난지원금" }, "geometry": { "type": "Polygon", "coordinates": [ [ [ 126.921713133944763, 37.605236519968734 ], [ 126.921760484307796, 37.605330614531141 ], [ 126.92180410401879, 37.605418697001511 ], [ 126.921924946679951, 37.60538026156398 ], [ 126.921896841343994, 37.605324489821186 ], [ 126.921880228489243, 37.605292043249051 ], [ 126.921848699328251, 37.605229223501865 ], [ 126.921833104110505, 37.605198309279523 ], [ 126.921713133944763, 37.605236519968734 ] ] ] } },
{ "type": "Feature", "properties": { "PNU": 1.1380103001024201e+18, "피해위치(": "서울특별시 은평구 불광동 242-42 지층 101호", "피해일시": "20250813 - 1200", "F_SHIM": 0.0, "F_AREA": 183.565403, "F_AVR_HGT": 34.632753, "ADM_CD": 1138010300, "F_YR": "2025", "F_ZONE_NM": "서울특별시 은평구 불광동 242-42 지층 101호", "TYPE": "주택", "TYPE2": "재난지원금" }, "geometry": { "type": "Polygon", "coordinates": [ [ [ 126.932451912963174, 37.61497290339009 ], [ 126.932397784984062, 37.614838084956396 ], [ 126.932267725616839, 37.614874948925916 ], [ 126.932324578367528, 37.615002561168836 ], [ 126.932451912963174, 37.61497290339009 ] ] ] } },
{ "type": "Feature", "properties": { "PNU": 1.1380103001024201e+18, "피해위치(": "서울특별시 은평구 불광동 242-48 지층2호", "피해일시": "20250813 - 1200", "F_SHIM": 0.0, "F_AREA": 151.2642573, "F_AVR_HGT": 34.632753, "ADM_CD": 1138010300, "F_YR": "2025", "F_ZONE_NM": "서울특별시 은평구 불광동 242-48 지층2호", "TYPE": "주택", "TYPE2": "재난지원금" }, "geometry": { "type": "Polygon", "coordinates": [ [ [ 126.932198492487785, 37.614894846986687 ], [ 126.932143812552383, 37.614781705711721 ], [ 126.932183376086982, 37.614768403454846 ], [ 126.932174274318356, 37.614751342538135 ], [ 126.93203040033859, 37.61479678447661 ], [ 126.932035941050387, 37.614806608430932 ], [ 126.932083325467161, 37.614884571168695 ], [ 126.932110022223313, 37.614920265716897 ], [ 126.932198492487785, 37.614894846986687 ] ] ] } },
{ "type": "Feature", "properties": { "PNU": 1.13801050010022e+18, "피해위치(": "서울특별시 은평구 구산동 22-34 에이동 101호", "피해일시": "20250813 - 1200", "F_SHIM": 0.0, "F_AREA": 583.7955551, "F_AVR_HGT": 20.101112, "ADM_CD": 1138010500, "F_YR": "2025", "F_ZONE_NM": "서울특별시 은평구 구산동 22-34 에이동 101호", "TYPE": "소상공인", "TYPE2": "재난지원금" }, "geometry": { "type": "Polygon", "coordinates": [ [ [ 126.914165183928532, 37.60750940724683 ], [ 126.914237772910013, 37.607852969313647 ], [ 126.914261774797367, 37.607849680457861 ], [ 126.914415481865575, 37.607828711021554 ], [ 126.914348665368976, 37.607535842569554 ], [ 126.914304419296329, 37.607505717084926 ], [ 126.914165183928532, 37.60750940724683 ] ] ] } },
{ "type": "Feature", "properties": { "PNU": 1.1380103001024401e+18, "피해위치(": "서울특별시 은평구 불광동 244-81 102호", "피해일시": "20250813 - 1200", "F_SHIM": 0.0, "F_AREA": 240.9763452, "F_AVR_HGT": 34.8027588, "ADM_CD": 1138010300, "F_YR": "2025", "F_ZONE_NM": "서울특별시 은평구 불광동 244-81 102호", "TYPE": "주택", "TYPE2": "재난지원금" }, "geometry": { "type": "Polygon", "coordinates": [ [ [ 126.929560355894992, 37.614700430937127 ], [ 126.929602501968546, 37.614687392404591 ], [ 126.929731091472703, 37.61464890871175 ], [ 126.929740042374817, 37.614645580526783 ], [ 126.929743883333259, 37.614644150303185 ], [ 126.929686808724725, 37.614528330516826 ], [ 126.92968240148079, 37.614517966553279 ], [ 126.929657590644126, 37.614524708805199 ], [ 126.92953365304281, 37.614554906231781 ], [ 126.929560355894992, 37.614700430937127 ] ] ] } },
{ "type": "Feature", "properties": { "PNU": 1.1380103001024401e+18, "피해위치(": "서울특별시 은평구 불광동 244-93 지하 좌측", "피해일시": "20250813 - 1200", "F_SHIM": 0.0, "F_AREA": 211.0035125, "F_AVR_HGT": 34.8027588, "ADM_CD": 1138010300, "F_YR": "2025", "F_ZONE_NM": "서울특별시 은평구 불광동 244-93 지하 좌측", "TYPE": "주택", "TYPE2": "재난지원금" }, "geometry": { "type": "Polygon", "coordinates": [ [ [ 126.929743883333259, 37.614644150303185 ], [ 126.929905227351242, 37.614594595261309 ], [ 126.929846329699174, 37.614478062669804 ], [ 126.929686808724725, 37.614528330516826 ], [ 126.929743883333259, 37.614644150303185 ] ] ] } },
{ "type": "Feature", "properties": { "PNU": 1.13801070010584e+18, "피해위치(": "서울특별시 은평구 응암동 584-51 B02호", "피해일시": "20250822 - 1521", "F_SHIM": 0.0, "F_AREA": 158.1302519, "F_AVR_HGT": 14.7626396, "ADM_CD": 1138010700, "F_YR": "2025", "F_ZONE_NM": "서울특별시 은평구 응암동 584-51 B02호", "TYPE": "주택", "TYPE2": "재난지원금" }, "geometry": { "type": "Polygon", "coordinates": [ [ [ 126.915235015495952, 37.592002373399247 ], [ 126.915269171981251, 37.592133671776836 ], [ 126.915381060288283, 37.592117085268974 ], [ 126.915346182000945, 37.591973325783073 ], [ 126.915346159480066, 37.591973217648501 ], [ 126.915235015495952, 37.592002373399247 ] ] ] } },
{ "type": "Feature", "properties": { "PNU": 1.13801030010243e+18, "피해위치(": "서울특별시 은평구 불광동 243-14 지층 102호", "피해일시": "20250813 - 1200", "F_SHIM": 0.0, "F_AREA": 169.5025461, "F_AVR_HGT": 35.6907898, "ADM_CD": 1138010300, "F_YR": "2025", "F_ZONE_NM": "서울특별시 은평구 불광동 243-14 지층 102호", "TYPE": "주택", "TYPE2": "재난지원금" }, "geometry": { "type": "Polygon", "coordinates": [ [ [ 126.932047997947478, 37.614629933168573 ], [ 126.932160044166565, 37.614597563759027 ], [ 126.932195277575062, 37.61458794396485 ], [ 126.932149841862127, 37.61448502524086 ], [ 126.932019208377994, 37.614530808312971 ], [ 126.932001196057399, 37.614534762020192 ], [ 126.931987941151533, 37.614538268037222 ], [ 126.932047997947478, 37.614629933168573 ] ] ] } },
{ "type": "Feature", "properties": { "PNU": 1.13801030010243e+18, "피해위치(": "서울특별시 은평구 불광동 243-16 1층", "피해일시": "20250813 - 1200", "F_SHIM": 0.0, "F_AREA": 196.0475908, "F_AVR_HGT": 35.6907898, "ADM_CD": 1138010300, "F_YR": "2025", "F_ZONE_NM": "서울특별시 은평구 불광동 243-16 1층", "TYPE": "주택", "TYPE2": "재난지원금" }, "geometry": { "type": "Polygon", "coordinates": [ [ [ 126.931983862718681, 37.614539346811405 ], [ 126.931924497483195, 37.614434978222192 ], [ 126.931752397607241, 37.614494161155214 ], [ 126.931825589937432, 37.614588537107764 ], [ 126.931983862718681, 37.614539346811405 ] ] ] } },
{ "type": "Feature", "properties": { "PNU": 1.13801030010238e+18, "피해위치(": "서울특별시 은평구 불광동 238-63 지층 2호", "피해일시": "20250813 - 1200", "F_SHIM": 0.0, "F_AREA": 171.3985167, "F_AVR_HGT": 32.0472446, "ADM_CD": 1138010300, "F_YR": "2025", "F_ZONE_NM": "서울특별시 은평구 불광동 238-63 지층 2호", "TYPE": "주택", "TYPE2": "재난지원금" }, "geometry": { "type": "Polygon", "coordinates": [ [ [ 126.931615847429782, 37.614568591477052 ], [ 126.931746173849902, 37.614488120903303 ], [ 126.931708841517974, 37.614440977521056 ], [ 126.931662091915797, 37.61441157787791 ], [ 126.93153643206783, 37.614467724641202 ], [ 126.931615847429782, 37.614568591477052 ] ] ] } },
{ "type": "Feature", "properties": { "PNU": 1.13801030010243e+18, "피해위치(": "서울특별시 은평구 불광동 243-13 B02호", "피해일시": "20250813 - 1200", "F_SHIM": 0.0, "F_AREA": 167.4081181, "F_AVR_HGT": 35.6907898, "ADM_CD": 1138010300, "F_YR": "2025", "F_ZONE_NM": "서울특별시 은평구 불광동 243-13 B02호", "TYPE": "주택", "TYPE2": "재난지원금" }, "geometry": { "type": "Polygon", "coordinates": [ [ [ 126.932001196057399, 37.614534762020192 ], [ 126.932019208377994, 37.614530808312971 ], [ 126.932149841862127, 37.61448502524086 ], [ 126.932101684310851, 37.614386069212976 ], [ 126.932093413617039, 37.614388857388825 ], [ 126.932095041460059, 37.614392219005488 ], [ 126.932093410015398, 37.614392731604951 ], [ 126.931950205114802, 37.614437966616663 ], [ 126.932001196057399, 37.614534762020192 ] ] ] } },
{ "type": "Feature", "properties": { "PNU": 1.13801030010238e+18, "피해위치(": "서울특별시 은평구 불광동 238-80 지층 1호", "피해일시": "20250813 - 1200", "F_SHIM": 0.0, "F_AREA": 133.4588684, "F_AVR_HGT": 32.0472446, "ADM_CD": 1138010300, "F_YR": "2025", "F_ZONE_NM": "서울특별시 은평구 불광동 238-80 지층 1호", "TYPE": "주택", "TYPE2": "재난지원금" }, "geometry": { "type": "Polygon", "coordinates": [ [ [ 126.931371818514847, 37.614514748214987 ], [ 126.931517421072726, 37.614449603648737 ], [ 126.931465398615828, 37.614378575478817 ], [ 126.93132344593009, 37.614440793964597 ], [ 126.931371818514847, 37.614514748214987 ] ] ] } },
{ "type": "Feature", "properties": { "PNU": 1.13801020010158e+18, "피해위치(": "서울특별시 은평구 녹번동 158-47 A동 101호", "피해일시": "20250813 - 1200", "F_SHIM": 0.0, "F_AREA": 823.528685, "F_AVR_HGT": 21.0026413, "ADM_CD": 1138010200, "F_YR": "2025", "F_ZONE_NM": "서울특별시 은평구 녹번동 158-47 A동 101호", "TYPE": "소상공인", "TYPE2": "재난지원금" }, "geometry": { "type": "Polygon", "coordinates": [ [ [ 126.923488382016544, 37.603416551107884 ], [ 126.923490174174574, 37.603435472927742 ], [ 126.923502719211982, 37.603568015762498 ], [ 126.923673372941906, 37.603574615516528 ], [ 126.923821582788335, 37.603601742654334 ], [ 126.92382938354497, 37.603581736965872 ], [ 126.923863936203219, 37.603493112026015 ], [ 126.923874268378583, 37.603467260622516 ], [ 126.923896987873221, 37.603399431575006 ], [ 126.92376939168885, 37.603369705262409 ], [ 126.923763938024308, 37.603386910437948 ], [ 126.923733043552673, 37.603366347677024 ], [ 126.923634428116998, 37.603346280828809 ], [ 126.923597858301193, 37.603338328044046 ], [ 126.92347829792088, 37.603313201732909 ], [ 126.923488382016544, 37.603416551107884 ] ] ] } },
{ "type": "Feature", "properties": { "PNU": 1.1380103001028101e+18, "피해위치(": "서울특별시 은평구 불광동 281-70 지하 102호", "피해일시": "20250813 - 1200", "F_SHIM": 0.0, "F_AREA": 121.0203876, "F_AVR_HGT": 30.2293144, "ADM_CD": 1138010300, "F_YR": "2025", "F_ZONE_NM": "서울특별시 은평구 불광동 281-70 지하 102호", "TYPE": "주택", "TYPE2": "재난지원금" }, "geometry": { "type": "Polygon", "coordinates": [ [ [ 126.930688120308588, 37.610865005452126 ], [ 126.930798938302786, 37.610928320811489 ], [ 126.930863114446709, 37.610851145134504 ], [ 126.930752067097714, 37.610790893034242 ], [ 126.930688120308588, 37.610865005452126 ] ] ] } },
{ "type": "Feature", "properties": { "PNU": 1.13801030010606e+18, "피해위치(": "서울특별시 은평구 불광동 606-7 지층 02호", "피해일시": "20250813 - 1200", "F_SHIM": 0.0, "F_AREA": 167.3618863, "F_AVR_HGT": 35.4372116, "ADM_CD": 1138010300, "F_YR": "2025", "F_ZONE_NM": "서울특별시 은평구 불광동 606-7 지층 02호", "TYPE": "주택", "TYPE2": "재난지원금" }, "geometry": { "type": "Polygon", "coordinates": [ [ [ 126.93250797743795, 37.610806078268936 ], [ 126.93251192562596, 37.610700575638916 ], [ 126.932454054216734, 37.610697928940077 ], [ 126.932450430190926, 37.610697746622904 ], [ 126.932473486377347, 37.610627213258034 ], [ 126.932443248550072, 37.610625573797087 ], [ 126.932434980869047, 37.610625568957765 ], [ 126.932409521677357, 37.610722679863713 ], [ 126.93240747281402, 37.610733760736935 ], [ 126.932365795999004, 37.610732204655093 ], [ 126.932346590304775, 37.61080283035264 ], [ 126.932478757260697, 37.610806151277053 ], [ 126.93250797743795, 37.610806078268936 ] ] ] } },
{ "type": "Feature", "properties": { "PNU": 1.14101190010312e+18, "피해위치(": "서울특별시 서대문구 북가좌동 312-2 예원빌라 b01호", "피해일시": "20250813 - 1140", "F_SHIM": 0.0, "F_AREA": 211.0922376, "F_AVR_HGT": 14.5848455, "ADM_CD": 1141011900, "F_YR": "2025", "F_ZONE_NM": "서울특별시 서대문구 북가좌동 312-2 예원빌라 b01호", "TYPE": "주택", "TYPE2": "재난지원금" }, "geometry": { "type": "Polygon", "coordinates": [ [ [ 126.910668988194075, 37.580119646641499 ], [ 126.910609487365178, 37.580043341370533 ], [ 126.910565598243323, 37.579985653461556 ], [ 126.91051161769667, 37.579978196744428 ], [ 126.910444002002748, 37.580011805442496 ], [ 126.910510196891252, 37.580094485929791 ], [ 126.910568069675293, 37.580168951984128 ], [ 126.910668988194075, 37.580119646641499 ] ] ] } },
{ "type": "Feature", "properties": { "PNU": 1.1410119001031601e+18, "피해위치(": "서울특별시 서대문구 북가좌동 316-18 B101", "피해일시": "20250813 - 1200", "F_SHIM": 0.0, "F_AREA": 113.2959293, "F_AVR_HGT": 16.7623825, "ADM_CD": 1141011900, "F_YR": "2025", "F_ZONE_NM": "서울특별시 서대문구 북가좌동 316-18 B101", "TYPE": "주택", "TYPE2": "재난지원금" }, "geometry": { "type": "Polygon", "coordinates": [ [ [ 126.909039583775709, 37.578929241847554 ], [ 126.909040286611273, 37.57892847655976 ], [ 126.909049713021915, 37.578922402286075 ], [ 126.909060125441727, 37.578915436807456 ], [ 126.909079738005616, 37.578902270736506 ], [ 126.909102772421022, 37.578886692697758 ], [ 126.909126452366877, 37.57887090793281 ], [ 126.909129408591369, 37.578869693914896 ], [ 126.909046996750632, 37.578793658224882 ], [ 126.908959277635304, 37.578853198736731 ], [ 126.909039583775709, 37.578929241847554 ] ] ] } },
{ "type": "Feature", "properties": { "PNU": 1.14101190010343e+18, "피해위치(": "서울특별시 서대문구 북가좌동 343-20  빌라 B102호", "피해일시": "20250813 - 1130", "F_SHIM": 0.0, "F_AREA": 198.0507753, "F_AVR_HGT": 13.1409245, "ADM_CD": 1141011900, "F_YR": "2025", "F_ZONE_NM": "서울특별시 서대문구 북가좌동 343-20  빌라 B102호", "TYPE": "주택", "TYPE2": "재난지원금" }, "geometry": { "type": "Polygon", "coordinates": [ [ [ 126.910721505989144, 37.583242918578151 ], [ 126.910826063397039, 37.583174406913969 ], [ 126.910706364969826, 37.583059997832883 ], [ 126.910601455498337, 37.583129455156204 ], [ 126.910721505989144, 37.583242918578151 ] ] ] } },
{ "type": "Feature", "properties": { "PNU": 1.1410119001033101e+18, "피해위치(": "서울특별시 서대문구 북가좌동 331-25 ㅇㅇ빌라 지하호", "피해일시": "20250813 - 1116", "F_SHIM": 0.0, "F_AREA": 120.2586062, "F_AVR_HGT": 13.8830347, "ADM_CD": 1141011900, "F_YR": "2025", "F_ZONE_NM": "서울특별시 서대문구 북가좌동 331-25 ㅇㅇ빌라 지하호", "TYPE": "주택", "TYPE2": "재난지원금" }, "geometry": { "type": "Polygon", "coordinates": [ [ [ 126.912389379976972, 37.583956346671009 ], [ 126.912288929720617, 37.583866037083091 ], [ 126.912212433357325, 37.583920155498312 ], [ 126.912309522952739, 37.584008903905897 ], [ 126.912389379976972, 37.583956346671009 ] ] ] } },
{ "type": "Feature", "properties": { "PNU": 1.1410119001031601e+18, "피해위치(": "서울특별시 서대문구 북가좌동 316-1 B02호", "피해일시": "20250813 - 1200", "F_SHIM": 0.0, "F_AREA": 122.1537134, "F_AVR_HGT": 15.1702242, "ADM_CD": 1141011900, "F_YR": "2025", "F_ZONE_NM": "서울특별시 서대문구 북가좌동 316-1 B02호", "TYPE": "주택", "TYPE2": "재난지원금" }, "geometry": { "type": "Polygon", "coordinates": [ [ [ 126.909338119733604, 37.578602417295414 ], [ 126.909419910206921, 37.57867748824458 ], [ 126.909440961555291, 37.57866336818995 ], [ 126.909479165514128, 37.578638683925867 ], [ 126.909483120155357, 37.57863567771458 ], [ 126.909492832705752, 37.57859021250507 ], [ 126.909447272636655, 37.578530243368924 ], [ 126.909338119733604, 37.578602417295414 ] ] ] } },
{ "type": "Feature", "properties": { "PNU": 1.14101190010337e+18, "피해위치(": "서울특별시 서대문구 북가좌동 337-20  빌라  지하호", "피해일시": "20250813 - 1121", "F_SHIM": 0.0, "F_AREA": 115.6700689, "F_AVR_HGT": 19.7733536, "ADM_CD": 1141011900, "F_YR": "2025", "F_ZONE_NM": "서울특별시 서대문구 북가좌동 337-20  빌라  지하호", "TYPE": "주택", "TYPE2": "재난지원금" }, "geometry": { "type": "Polygon", "coordinates": [ [ [ 126.91352443517988, 37.584791934231468 ], [ 126.913633392822661, 37.584745659699152 ], [ 126.913582589916416, 37.584670831064749 ], [ 126.913576046009538, 37.58466119465546 ], [ 126.913553866884783, 37.584670809664949 ], [ 126.913467687653522, 37.584708190370939 ], [ 126.91352443517988, 37.584791934231468 ] ] ] } },
{ "type": "Feature", "properties": { "PNU": 1.1410119001033901e+18, "피해위치(": "서울특별시 서대문구 북가좌동 339-42  빌라 지하호", "피해일시": "20250813 - 1130", "F_SHIM": 0.0, "F_AREA": 198.7106368, "F_AVR_HGT": 15.1272001, "ADM_CD": 1141011900, "F_YR": "2025", "F_ZONE_NM": "서울특별시 서대문구 북가좌동 339-42  빌라 지하호", "TYPE": "주택", "TYPE2": "재난지원금" }, "geometry": { "type": "Polygon", "coordinates": [ [ [ 126.913777696134787, 37.585934527104527 ], [ 126.913885251940016, 37.58588777378543 ], [ 126.913801061152867, 37.585763645583825 ], [ 126.913798212558504, 37.585759805269767 ], [ 126.913693058528381, 37.585805352977324 ], [ 126.913577052979434, 37.585855208226597 ], [ 126.913587744261193, 37.585871515014205 ], [ 126.913701291531467, 37.585822901285503 ], [ 126.913777696134787, 37.585934527104527 ] ] ] } },
{ "type": "Feature", "properties": { "PNU": 1.1410119001033901e+18, "피해위치(": "서울특별시 서대문구 북가좌동 339-24 반석빌라 지하동 우측호", "피해일시": "20250823 - 1634", "F_SHIM": 0.0, "F_AREA": 160.376371, "F_AVR_HGT": 15.1272001, "ADM_CD": 1141011900, "F_YR": "2025", "F_ZONE_NM": "서울특별시 서대문구 북가좌동 339-24 반석빌라 지하동 우측호", "TYPE": "주택", "TYPE2": "재난지원금" }, "geometry": { "type": "Polygon", "coordinates": [ [ [ 126.913621699347175, 37.585687811384751 ], [ 126.913553845892693, 37.585583507833363 ], [ 126.913431972475323, 37.58563626875187 ], [ 126.913501500056853, 37.585741744901455 ], [ 126.913621699347175, 37.585687811384751 ] ] ] } },
{ "type": "Feature", "properties": { "PNU": 1.1410119001034001e+18, "피해위치(": "서울특별시 서대문구 북가좌동 340-9 동화빌라 지하호", "피해일시": "20250813 - 1100", "F_SHIM": 0.0, "F_AREA": 165.2127462, "F_AVR_HGT": 14.3035002, "ADM_CD": 1141011900, "F_YR": "2025", "F_ZONE_NM": "서울특별시 서대문구 북가좌동 340-9 동화빌라 지하호", "TYPE": "주택", "TYPE2": "재난지원금" }, "geometry": { "type": "Polygon", "coordinates": [ [ [ 126.913369930618444, 37.585654070958519 ], [ 126.913304403912051, 37.585554787488938 ], [ 126.913248065146576, 37.585536887845798 ], [ 126.913177901630448, 37.585567631037357 ], [ 126.913267857561621, 37.585698305150174 ], [ 126.913369930618444, 37.585654070958519 ] ] ] } },
{ "type": "Feature", "properties": { "PNU": 1.14101190010336e+18, "피해위치(": "서울특별시 서대문구 북가좌동 336-47 건영그린빌라 지층호", "피해일시": "20250813 - 1130", "F_SHIM": 0.0, "F_AREA": 197.440577, "F_AVR_HGT": 17.2751656, "ADM_CD": 1141011900, "F_YR": "2025", "F_ZONE_NM": "서울특별시 서대문구 북가좌동 336-47 건영그린빌라 지층호", "TYPE": "주택", "TYPE2": "재난지원금" }, "geometry": { "type": "Polygon", "coordinates": [ [ [ 126.913948713661213, 37.585411803318379 ], [ 126.914065070482025, 37.585360893807007 ], [ 126.913966381325807, 37.58522325820978 ], [ 126.913888107216707, 37.585258104302973 ], [ 126.91387310844685, 37.585304214608129 ], [ 126.913948713661213, 37.585411803318379 ] ] ] } },
{ "type": "Feature", "properties": { "PNU": 1.14101190010331e+18, "피해위치(": "서울특별시 서대문구 북가좌동 331-14   빌라 지하호", "피해일시": "20250813 - 1143", "F_SHIM": 0.0, "F_AREA": 125.8319871, "F_AVR_HGT": 13.8830347, "ADM_CD": 1141011900, "F_YR": "2025", "F_ZONE_NM": "서울특별시 서대문구 북가좌동 331-14   빌라 지하호", "TYPE": "주택", "TYPE2": "재난지원금" }, "geometry": { "type": "Polygon", "coordinates": [ [ [ 126.9119847987442, 37.584197288394627 ], [ 126.912056824412574, 37.584265430474929 ], [ 126.912169680615435, 37.584187562682217 ], [ 126.91210032098995, 37.584124288011132 ], [ 126.9119847987442, 37.584197288394627 ] ] ] } },
{ "type": "Feature", "properties": { "PNU": 1.14101190010342e+18, "피해위치(": "서울특별시 서대문구 북가좌동 342-11 ㅇㅇ연립 지하호", "피해일시": "20250813 - 1149", "F_SHIM": 0.0, "F_AREA": 154.8082584, "F_AVR_HGT": 13.8830347, "ADM_CD": 1141011900, "F_YR": "2025", "F_ZONE_NM": "서울특별시 서대문구 북가좌동 342-11 ㅇㅇ연립 지하호", "TYPE": "주택", "TYPE2": "재난지원금" }, "geometry": { "type": "Polygon", "coordinates": [ [ [ 126.911415036469904, 37.58417179847654 ], [ 126.911500756022519, 37.584253249893457 ], [ 126.911614324700878, 37.584176500397149 ], [ 126.911585815715355, 37.584149286938917 ], [ 126.911527506139578, 37.584095696933382 ], [ 126.911415036469904, 37.58417179847654 ] ] ] } },
{ "type": "Feature", "properties": { "PNU": 1.14101190010342e+18, "피해위치(": "서울특별시 서대문구 북가좌동 342-5 ㅇㅇ빌라 지하호", "피해일시": "20250813 - 1133", "F_SHIM": 0.0, "F_AREA": 160.1607808, "F_AVR_HGT": 13.8830347, "ADM_CD": 1141011900, "F_YR": "2025", "F_ZONE_NM": "서울특별시 서대문구 북가좌동 342-5 ㅇㅇ빌라 지하호", "TYPE": "주택", "TYPE2": "재난지원금" }, "geometry": { "type": "Polygon", "coordinates": [ [ [ 126.911852985977035, 37.584155770043793 ], [ 126.911766158282745, 37.58407294854063 ], [ 126.911650289309691, 37.584151633552246 ], [ 126.911737355791118, 37.584233563345457 ], [ 126.911852985977035, 37.584155770043793 ] ] ] } },
{ "type": "Feature", "properties": { "PNU": 1.14101190010342e+18, "피해위치(": "서울특별시 서대문구 북가좌동 342-6 ㅇㅇ빌라 지하호", "피해일시": "20250813 - 1147", "F_SHIM": 0.0, "F_AREA": 159.8379096, "F_AVR_HGT": 13.8830347, "ADM_CD": 1141011900, "F_YR": "2025", "F_ZONE_NM": "서울특별시 서대문구 북가좌동 342-6 ㅇㅇ빌라 지하호", "TYPE": "주택", "TYPE2": "재난지원금" }, "geometry": { "type": "Polygon", "coordinates": [ [ [ 126.911650289309691, 37.584151633552246 ], [ 126.911766158282745, 37.58407294854063 ], [ 126.91168145797603, 37.583991173734724 ], [ 126.911564139133162, 37.584070479239564 ], [ 126.911619132015986, 37.584123634228391 ], [ 126.911650289309691, 37.584151633552246 ] ] ] } },
{ "type": "Feature", "properties": { "PNU": 1.14101190010331e+18, "피해위치(": "서울특별시 서대문구 증가로32안길 23 ㅇㅇ연립 B103호 (북가좌동)", "피해일시": "20250813", "F_SHIM": 0.0, "F_AREA": 174.19353, "F_AVR_HGT": 15.6263893, "ADM_CD": 1141011900, "F_YR": "2025", "F_ZONE_NM": "서울특별시 서대문구 증가로32안길 23 ㅇㅇ연립 B103호 (북가좌동)", "TYPE": "주택", "TYPE2": "풍수해보험금" }, "geometry": { "type": "Polygon", "coordinates": [ [ [ 126.912654222755748, 37.584101181544078 ], [ 126.91280636156192, 37.583996673532546 ], [ 126.912736940010419, 37.583928038322682 ], [ 126.912622713157049, 37.584007356216276 ], [ 126.912582827963362, 37.584035346824429 ], [ 126.912654222755748, 37.584101181544078 ] ] ] } },
{ "type": "Feature", "properties": { "PNU": 1.14101190010331e+18, "피해위치(": "서울특별시 서대문구 북가좌동 331-8  빌라  지하호", "피해일시": "20250813 - 1142", "F_SHIM": 0.0, "F_AREA": 125.8885591, "F_AVR_HGT": 15.8263893, "ADM_CD": 1141011900, "F_YR": "2025", "F_ZONE_NM": "서울특별시 서대문구 북가좌동 331-8  빌라  지하호", "TYPE": "주택", "TYPE2": "재난지원금" }, "geometry": { "type": "Polygon", "coordinates": [ [ [ 126.912407991314026, 37.584099914746901 ], [ 126.912431402786197, 37.584082210031752 ], [ 126.912445306334078, 37.584072156515113 ], [ 126.912500958476372, 37.584057088966858 ], [ 126.912412847900626, 37.583976735670632 ], [ 126.912389379976972, 37.583956346671009 ], [ 126.912309522952739, 37.584008903905897 ], [ 126.912407991314026, 37.584099914746901 ] ] ] } },
{ "type": "Feature", "properties": { "PNU": 1.14101190010342e+18, "피해위치(": "서울특별시 서대문구 북가좌동 342-7 ㅇㅇ빌라 지하호", "피해일시": "20250813 - 1117", "F_SHIM": 0.0, "F_AREA": 160.4321988, "F_AVR_HGT": 13.8830347, "ADM_CD": 1141011900, "F_YR": "2025", "F_ZONE_NM": "서울특별시 서대문구 북가좌동 342-7 ㅇㅇ빌라 지하호", "TYPE": "주택", "TYPE2": "재난지원금" }, "geometry": { "type": "Polygon", "coordinates": [ [ [ 126.91168145797603, 37.583991173734724 ], [ 126.911595749652633, 37.583909884631403 ], [ 126.911478011775856, 37.58398933389023 ], [ 126.911564139133162, 37.584070479239564 ], [ 126.91168145797603, 37.583991173734724 ] ] ] } },
{ "type": "Feature", "properties": { "PNU": 1.1410119001031e+18, "피해위치(": "서울특별시 서대문구 북가좌동 310-8 ㅇㅇ빌라 B03호", "피해일시": "20250813 - 1100", "F_SHIM": 0.0, "F_AREA": 386.3243383, "F_AVR_HGT": 14.0498228, "ADM_CD": 1141011900, "F_YR": "2025", "F_ZONE_NM": "서울특별시 서대문구 북가좌동 310-8 ㅇㅇ빌라 B03호", "TYPE": "주택", "TYPE2": "재난지원금" }, "geometry": { "type": "Polygon", "coordinates": [ [ [ 126.910590161664317, 37.581235628349447 ], [ 126.910615977802664, 37.581223079477262 ], [ 126.910757666743791, 37.58115377653759 ], [ 126.910694154744121, 37.58107027837022 ], [ 126.910627839022595, 37.580983678617145 ], [ 126.91059674430393, 37.580998719158345 ], [ 126.910463256256904, 37.581064523397089 ], [ 126.910458396584019, 37.581066916271347 ], [ 126.910522713037764, 37.581149658357319 ], [ 126.910590161664317, 37.581235628349447 ] ] ] } },
{ "type": "Feature", "properties": { "PNU": 1.1410119001032401e+18, "피해위치(": "서울특별시 서대문구 북가좌동 324-18 임창빌라 지하2호", "피해일시": "20250813 - 1130", "F_SHIM": 0.0, "F_AREA": 169.2786655, "F_AVR_HGT": 13.3722382, "ADM_CD": 1141011900, "F_YR": "2025", "F_ZONE_NM": "서울특별시 서대문구 북가좌동 324-18 임창빌라 지하2호", "TYPE": "주택", "TYPE2": "재난지원금" }, "geometry": { "type": "Polygon", "coordinates": [ [ [ 126.910230053883012, 37.582092719588026 ], [ 126.910378688941393, 37.582019989729829 ], [ 126.910313241766161, 37.581935615919399 ], [ 126.910293429160134, 37.581945241159161 ], [ 126.910165104870003, 37.582008409150809 ], [ 126.910173638895102, 37.582019479860548 ], [ 126.910217563671722, 37.582076510203663 ], [ 126.910230053883012, 37.582092719588026 ] ] ] } },
{ "type": "Feature", "properties": { "PNU": 1.14101190010311e+18, "피해위치(": "서울특별시 서대문구 북가좌동 311-21 ㅇㅇ연립 지층102호", "피해일시": "20250813 - 1100", "F_SHIM": 0.0, "F_AREA": 167.5192037, "F_AVR_HGT": 13.5546637, "ADM_CD": 1141011900, "F_YR": "2025", "F_ZONE_NM": "서울특별시 서대문구 북가좌동 311-21 ㅇㅇ연립 지층102호", "TYPE": "주택", "TYPE2": "재난지원금" }, "geometry": { "type": "Polygon", "coordinates": [ [ [ 126.91008877152629, 37.580948141912835 ], [ 126.910024468182769, 37.58086447158253 ], [ 126.90987549593352, 37.580936804314582 ], [ 126.909940908893631, 37.581020268358934 ], [ 126.91008877152629, 37.580948141912835 ] ] ] } },
{ "type": "Feature", "properties": { "PNU": 1.14101190010311e+18, "피해위치(": "서울특별시 서대문구 북가좌동 311-28 백산빌라 지하호", "피해일시": "20250813 - 1100", "F_SHIM": 0.0, "F_AREA": 192.7553542, "F_AVR_HGT": 14.0498228, "ADM_CD": 1141011900, "F_YR": "2025", "F_ZONE_NM": "서울특별시 서대문구 북가좌동 311-28 백산빌라 지하호", "TYPE": "주택", "TYPE2": "재난지원금" }, "geometry": { "type": "Polygon", "coordinates": [ [ [ 126.91052383371526, 37.580973002900159 ], [ 126.910466310331657, 37.580899338981048 ], [ 126.910428003253543, 37.580850007474687 ], [ 126.910310908173884, 37.580906607104012 ], [ 126.91039029922446, 37.58101187654983 ], [ 126.910430787566796, 37.581017836285 ], [ 126.91052383371526, 37.580973002900159 ] ] ] } },
{ "type": "Feature", "properties": { "PNU": 1.1410119001032401e+18, "피해위치(": "서울특별시 서대문구 북가좌동 324-17 임창빌라 B01호", "피해일시": "20250813 - 1100", "F_SHIM": 0.0, "F_AREA": 167.0191895, "F_AVR_HGT": 13.8745108, "ADM_CD": 1141011900, "F_YR": "2025", "F_ZONE_NM": "서울특별시 서대문구 북가좌동 324-17 임창빌라 B01호", "TYPE": "주택", "TYPE2": "재난지원금" }, "geometry": { "type": "Polygon", "coordinates": [ [ [ 126.910378688941393, 37.582019989729829 ], [ 126.910525091091245, 37.581949177062185 ], [ 126.910459701044019, 37.581864289813964 ], [ 126.910331207851854, 37.581926935285097 ], [ 126.910313241766161, 37.581935615919399 ], [ 126.910378688941393, 37.582019989729829 ] ] ] } },
{ "type": "Feature", "properties": { "PNU": 1.1410119001031e+18, "피해위치(": "서울특별시 서대문구 북가좌동 310-28 지하층", "피해일시": "20250813 - 1100", "F_SHIM": 0.0, "F_AREA": 117.1053884, "F_AVR_HGT": 13.5546637, "ADM_CD": 1141011900, "F_YR": "2025", "F_ZONE_NM": "서울특별시 서대문구 북가좌동 310-28 지하층", "TYPE": "주택", "TYPE2": "재난지원금" }, "geometry": { "type": "Polygon", "coordinates": [ [ [ 126.910171714357375, 37.581324421821648 ], [ 126.910281098370646, 37.581269564288263 ], [ 126.91021516334807, 37.581186667652993 ], [ 126.910144646346581, 37.581221805604166 ], [ 126.910127122726038, 37.581266886386032 ], [ 126.910171714357375, 37.581324421821648 ] ] ] } },
{ "type": "Feature", "properties": { "PNU": 1.1410119001032401e+18, "피해위치(": "서울특별시 서대문구 증가로29길 30-47  층우주택빌라 지하1호 (북가좌동, 충우주택)", "피해일시": "20250813", "F_SHIM": 0.0, "F_AREA": 153.5785175, "F_AVR_HGT": 13.1722382, "ADM_CD": 1141011900, "F_YR": "2025", "F_ZONE_NM": "서울특별시 서대문구 증가로29길 30-47  층우주택빌라 지하1호 (북가좌동, 충우주택)", "TYPE": "주택", "TYPE2": "풍수해보험금" }, "geometry": { "type": "Polygon", "coordinates": [ [ [ 126.910217231657242, 37.582348400431854 ], [ 126.910340889918686, 37.582287030755325 ], [ 126.910268626576894, 37.582193840017986 ], [ 126.910166806824037, 37.582246243692943 ], [ 126.910148048758131, 37.582254428146513 ], [ 126.910217231657242, 37.582348400431854 ] ] ] } },
{ "type": "Feature", "properties": { "PNU": 1.14101190010325e+18, "피해위치(": "서울특별시 서대문구 북가좌동 325-31 ㅇㅇ빌라 지하호", "피해일시": "20250813 - 1130", "F_SHIM": 0.0, "F_AREA": 185.1680516, "F_AVR_HGT": 15.2457628, "ADM_CD": 1141011900, "F_YR": "2025", "F_ZONE_NM": "서울특별시 서대문구 북가좌동 325-31 ㅇㅇ빌라 지하호", "TYPE": "주택", "TYPE2": "재난지원금" }, "geometry": { "type": "Polygon", "coordinates": [ [ [ 126.911664241642555, 37.582235887375973 ], [ 126.911769908075428, 37.582184728693747 ], [ 126.911703056906831, 37.582099057168243 ], [ 126.911668060968154, 37.58205352174307 ], [ 126.911564183139973, 37.582104906944728 ], [ 126.911664241642555, 37.582235887375973 ] ] ] } },
{ "type": "Feature", "properties": { "PNU": 1.1410119001032401e+18, "피해위치(": "서울특별시 서대문구 북가좌동 324-3 ㅇㅇ빌라 지하호", "피해일시": "20250813 - 1130", "F_SHIM": 0.0, "F_AREA": 165.4131607, "F_AVR_HGT": 13.8745108, "ADM_CD": 1141011900, "F_YR": "2025", "F_ZONE_NM": "서울특별시 서대문구 북가좌동 324-3 ㅇㅇ빌라 지하호", "TYPE": "주택", "TYPE2": "재난지원금" }, "geometry": { "type": "Polygon", "coordinates": [ [ [ 126.910537487224929, 37.582191596852482 ], [ 126.91066558411633, 37.58212923016039 ], [ 126.910591024772643, 37.582034010632597 ], [ 126.910462554205338, 37.582096521114352 ], [ 126.910537487224929, 37.582191596852482 ] ] ] } },
{ "type": "Feature", "properties": { "PNU": 1.1410119001032401e+18, "피해위치(": "서울특별시 서대문구 북가좌동 324-42 임창빌라 지하101호", "피해일시": "20250813 - 1100", "F_SHIM": 0.0, "F_AREA": 171.4613909, "F_AVR_HGT": 13.8745108, "ADM_CD": 1141011900, "F_YR": "2025", "F_ZONE_NM": "서울특별시 서대문구 북가좌동 324-42 임창빌라 지하101호", "TYPE": "주택", "TYPE2": "재난지원금" }, "geometry": { "type": "Polygon", "coordinates": [ [ [ 126.910295239480917, 37.582178102344308 ], [ 126.91042485464294, 37.582114881150112 ], [ 126.91044465612039, 37.582105120732109 ], [ 126.910378688941393, 37.582019989729829 ], [ 126.910230053883012, 37.582092719588026 ], [ 126.910240531939635, 37.582106449704256 ], [ 126.910295239480917, 37.582178102344308 ] ] ] } },
{ "type": "Feature", "properties": { "PNU": 1.1410119001032401e+18, "피해위치(": "서울특별시 서대문구 북가좌동 324-45 D동", "피해일시": "20250813 - 1100", "F_SHIM": 0.0, "F_AREA": 167.9050894, "F_AVR_HGT": 13.8745108, "ADM_CD": 1141011900, "F_YR": "2025", "F_ZONE_NM": "서울특별시 서대문구 북가좌동 324-45 D동", "TYPE": "주택", "TYPE2": "재난지원금" }, "geometry": { "type": "Polygon", "coordinates": [ [ [ 126.91044465612039, 37.582105120732109 ], [ 126.910462554205338, 37.582096521114352 ], [ 126.910591024772643, 37.582034010632597 ], [ 126.910525091091245, 37.581949177062185 ], [ 126.910378688941393, 37.582019989729829 ], [ 126.91044465612039, 37.582105120732109 ] ] ] } },
{ "type": "Feature", "properties": { "PNU": 1.14101190010385e+18, "피해위치(": "서울특별시 서대문구 북가좌동 385-21 지하층", "피해일시": "20250813 - 1100", "F_SHIM": 0.0, "F_AREA": 121.9346678, "F_AVR_HGT": 22.520256, "ADM_CD": 1141011900, "F_YR": "2025", "F_ZONE_NM": "서울특별시 서대문구 북가좌동 385-21 지하층", "TYPE": "주택", "TYPE2": "재난지원금" }, "geometry": { "type": "Polygon", "coordinates": [ [ [ 126.90613148994818, 37.575421558695467 ], [ 126.906195371610551, 37.575482607099573 ], [ 126.906293714400718, 37.575417545116551 ], [ 126.906211398979366, 37.575342156194424 ], [ 126.906134017980136, 37.575392098469031 ], [ 126.90613148994818, 37.575421558695467 ] ] ] } },
{ "type": "Feature", "properties": { "PNU": 1.14101190010344e+18, "피해위치(": "서울특별시 서대문구 북가좌동 344-1 우성빌라 B01호", "피해일시": "20250813 - 1130", "F_SHIM": 0.0, "F_AREA": 230.9907776, "F_AVR_HGT": 13.6798353, "ADM_CD": 1141011900, "F_YR": "2025", "F_ZONE_NM": "서울특별시 서대문구 북가좌동 344-1 우성빌라 B01호", "TYPE": "주택", "TYPE2": "재난지원금" }, "geometry": { "type": "Polygon", "coordinates": [ [ [ 126.910192209521568, 37.582869105784816 ], [ 126.910274871486294, 37.582948906939173 ], [ 126.910397367655804, 37.582866444236849 ], [ 126.910422204513083, 37.582849723091158 ], [ 126.91042834063461, 37.582803318052314 ], [ 126.910371245377419, 37.58274886345508 ], [ 126.910192209521568, 37.582869105784816 ] ] ] } },
{ "type": "Feature", "properties": { "PNU": 1.1410119001031501e+18, "피해위치(": "서울특별시 서대문구 거북골로20길 9-24  송림빌라 지하호 (북가좌동, 송림빌라)", "피해일시": "20250813", "F_SHIM": 0.0, "F_AREA": 182.0715443, "F_AVR_HGT": 14.0733688, "ADM_CD": 1141011900, "F_YR": "2025", "F_ZONE_NM": "서울특별시 서대문구 거북골로20길 9-24  송림빌라 지하호 (북가좌동, 송림빌라)", "TYPE": "주택", "TYPE2": "풍수해보험금" }, "geometry": { "type": "Polygon", "coordinates": [ [ [ 126.908928336932092, 37.579219722722222 ], [ 126.908920789136346, 37.579207994971057 ], [ 126.908910198507968, 37.579194273652831 ], [ 126.908904175022116, 37.579185781636987 ], [ 126.908895539798877, 37.57917456659321 ], [ 126.908885718102468, 37.579161566665007 ], [ 126.908880632809812, 37.579154237656361 ], [ 126.908868177566575, 37.579137847951714 ], [ 126.908834403810133, 37.579131730773625 ], [ 126.908717954477879, 37.579207403226334 ], [ 126.908777916397057, 37.579293215227139 ], [ 126.908928336932092, 37.579219722722222 ] ] ] } },
{ "type": "Feature", "properties": { "PNU": 1.14101190010315e+18, "피해위치(": "서울특별시 서대문구 북가좌동 315-4 ㅇㅇ연립 지층101호", "피해일시": "20250813 - 1200", "F_SHIM": 0.0, "F_AREA": 117.6448096, "F_AVR_HGT": 14.1315546, "ADM_CD": 1141011900, "F_YR": "2025", "F_ZONE_NM": "서울특별시 서대문구 북가좌동 315-4 ㅇㅇ연립 지층101호", "TYPE": "주택", "TYPE2": "재난지원금" }, "geometry": { "type": "Polygon", "coordinates": [ [ [ 126.909546550404968, 37.579141829176152 ], [ 126.909633000001705, 37.579101901713948 ], [ 126.909636216937855, 37.579100417590368 ], [ 126.90956970188617, 37.579003410668697 ], [ 126.909474224724462, 37.579047367465549 ], [ 126.909543820537323, 37.57914308843015 ], [ 126.909546550404968, 37.579141829176152 ] ] ] } },
{ "type": "Feature", "properties": { "PNU": 1.1410119001031501e+18, "피해위치(": "서울특별시 서대문구 북가좌동 315-34 한오빌라 B01호", "피해일시": "20250813 - 1200", "F_SHIM": 0.0, "F_AREA": 150.8410705, "F_AVR_HGT": 14.2733688, "ADM_CD": 1141011900, "F_YR": "2025", "F_ZONE_NM": "서울특별시 서대문구 북가좌동 315-34 한오빌라 B01호", "TYPE": "주택", "TYPE2": "재난지원금" }, "geometry": { "type": "Polygon", "coordinates": [ [ [ 126.90928129679898, 37.579404223679042 ], [ 126.909214964983946, 37.579314839049395 ], [ 126.909089142575596, 37.579371791053006 ], [ 126.909155594145716, 37.579464959988236 ], [ 126.90928129679898, 37.579404223679042 ] ] ] } },
{ "type": "Feature", "properties": { "PNU": 1.14101190010312e+18, "피해위치(": "서울특별시 서대문구 북가좌동 312-1 성암빌라 지하호", "피해일시": "20250813 - 1100", "F_SHIM": 0.0, "F_AREA": 116.9735069, "F_AVR_HGT": 14.5848455, "ADM_CD": 1141011900, "F_YR": "2025", "F_ZONE_NM": "서울특별시 서대문구 북가좌동 312-1 성암빌라 지하호", "TYPE": "주택", "TYPE2": "재난지원금" }, "geometry": { "type": "Polygon", "coordinates": [ [ [ 126.910562721888596, 37.580423755742153 ], [ 126.910488491342761, 37.58032963557929 ], [ 126.91038300850964, 37.580380207632459 ], [ 126.910484436450645, 37.580461437706347 ], [ 126.910562721888596, 37.580423755742153 ] ] ] } },
{ "type": "Feature", "properties": { "PNU": 1.14101190010312e+18, "피해위치(": "서울특별시 서대문구 북가좌동 312-13 하이팰리스빌라 101호", "피해일시": "20250813 - 1100", "F_SHIM": 0.0, "F_AREA": 150.0780719, "F_AVR_HGT": 13.7161827, "ADM_CD": 1141011900, "F_YR": "2025", "F_ZONE_NM": "서울특별시 서대문구 북가좌동 312-13 하이팰리스빌라 101호", "TYPE": "주택", "TYPE2": "재난지원금" }, "geometry": { "type": "Polygon", "coordinates": [ [ [ 126.909969401817364, 37.580393402398514 ], [ 126.909886807921396, 37.580288337400049 ], [ 126.909780619721829, 37.580341449148428 ], [ 126.909862503594411, 37.580443828730445 ], [ 126.909969401817364, 37.580393402398514 ] ] ] } },
{ "type": "Feature", "properties": { "PNU": 1.14101190010313e+18, "피해위치(": "서울특별시 서대문구 북가좌동 313-13 충우빌라 지하호", "피해일시": "20250813 - 1200", "F_SHIM": 0.0, "F_AREA": 206.0592437, "F_AVR_HGT": 13.7161827, "ADM_CD": 1141011900, "F_YR": "2025", "F_ZONE_NM": "서울특별시 서대문구 북가좌동 313-13 충우빌라 지하호", "TYPE": "주택", "TYPE2": "재난지원금" }, "geometry": { "type": "Polygon", "coordinates": [ [ [ 126.909665605679891, 37.580335440237178 ], [ 126.909598292586026, 37.580251253762661 ], [ 126.909417022669601, 37.58034168861159 ], [ 126.909460390080426, 37.580399592773539 ], [ 126.909517433818053, 37.580411115805418 ], [ 126.909665605679891, 37.580335440237178 ] ] ] } },
{ "type": "Feature", "properties": { "PNU": 1.14101190010312e+18, "피해위치(": "서울특별시 서대문구 북가좌동 312-12  빌라 지하호", "피해일시": "20250813 - 1100", "F_SHIM": 0.0, "F_AREA": 152.2585286, "F_AVR_HGT": 13.7161827, "ADM_CD": 1141011900, "F_YR": "2025", "F_ZONE_NM": "서울특별시 서대문구 북가좌동 312-12  빌라 지하호", "TYPE": "주택", "TYPE2": "재난지원금" }, "geometry": { "type": "Polygon", "coordinates": [ [ [ 126.910184754132786, 37.580260385442813 ], [ 126.910094086765255, 37.580184290053836 ], [ 126.90997649145298, 37.580243258564394 ], [ 126.910093247871501, 37.58033336656424 ], [ 126.910184754132786, 37.580260385442813 ] ] ] } },
{ "type": "Feature", "properties": { "PNU": 1.14101190010319e+18, "피해위치(": "서울특별시 서대문구 북가좌동 319-2 조운빌라 203호", "피해일시": "20250813 - 1200", "F_SHIM": 0.0, "F_AREA": 143.3773414, "F_AVR_HGT": 13.6462669, "ADM_CD": 1141011900, "F_YR": "2025", "F_ZONE_NM": "서울특별시 서대문구 북가좌동 319-2 조운빌라 203호", "TYPE": "주택", "TYPE2": "재난지원금" }, "geometry": { "type": "Polygon", "coordinates": [ [ [ 126.908836607012574, 37.579884200143894 ], [ 126.908744072274857, 37.579799984362872 ], [ 126.908646190479558, 37.579864661274961 ], [ 126.908738686058996, 37.579953039656964 ], [ 126.908836607012574, 37.579884200143894 ] ] ] } },
{ "type": "Feature", "properties": { "PNU": 1.14101190010317e+18, "피해위치(": "서울특별시 서대문구 거북골로24길 8 B1호 (북가좌동, )", "피해일시": "20250813", "F_SHIM": 0.0, "F_AREA": 168.8466085, "F_AVR_HGT": 14.8206766, "ADM_CD": 1141011900, "F_YR": "2025", "F_ZONE_NM": "서울특별시 서대문구 거북골로24길 8 B1호 (북가좌동, )", "TYPE": "주택", "TYPE2": "풍수해보험금" }, "geometry": { "type": "Polygon", "coordinates": [ [ [ 126.907608852580253, 37.579883265905735 ], [ 126.907529078583636, 37.579807519583419 ], [ 126.90749619594186, 37.579776814820399 ], [ 126.907399421824053, 37.57984206821174 ], [ 126.907491170848331, 37.579928753121528 ], [ 126.907538399388258, 37.579930691809572 ], [ 126.907608852580253, 37.579883265905735 ] ] ] } },
{ "type": "Feature", "properties": { "PNU": 1.14101190010317e+18, "피해위치(": "서울특별시 서대문구 북가좌동 317-4 충우빌라 지하호", "피해일시": "20250813 - 1200", "F_SHIM": 0.0, "F_AREA": 147.4979744, "F_AVR_HGT": 15.0206766, "ADM_CD": 1141011900, "F_YR": "2025", "F_ZONE_NM": "서울특별시 서대문구 북가좌동 317-4 충우빌라 지하호", "TYPE": "주택", "TYPE2": "재난지원금" }, "geometry": { "type": "Polygon", "coordinates": [ [ [ 126.907399421824053, 37.57984206821174 ], [ 126.90749619594186, 37.579776814820399 ], [ 126.907448434138615, 37.579730898556086 ], [ 126.907400581713389, 37.579685072298489 ], [ 126.907400321639031, 37.579684828824902 ], [ 126.907390248550485, 37.57969182145623 ], [ 126.907305278747273, 37.579750804309263 ], [ 126.907329136644279, 37.579774014730489 ], [ 126.907376818315825, 37.579820597708569 ], [ 126.90739007053908, 37.579833231091769 ], [ 126.907399421824053, 37.57984206821174 ] ] ] } },
{ "type": "Feature", "properties": { "PNU": 1.14101190010319e+18, "피해위치(": "서울특별시 서대문구 북가좌동 319-22 지층", "피해일시": "20250813 - 1200", "F_SHIM": 0.0, "F_AREA": 163.5630142, "F_AVR_HGT": 14.2733688, "ADM_CD": 1141011900, "F_YR": "2025", "F_ZONE_NM": "서울특별시 서대문구 북가좌동 319-22 지층", "TYPE": "주택", "TYPE2": "재난지원금" }, "geometry": { "type": "Polygon", "coordinates": [ [ [ 126.90872371677024, 37.579763883868459 ], [ 126.908834698402032, 37.579688666628144 ], [ 126.908819089510104, 37.579668274065142 ], [ 126.908752290064953, 37.579600197135981 ], [ 126.908634022230288, 37.579680976662019 ], [ 126.90872371677024, 37.579763883868459 ] ] ] } },
{ "type": "Feature", "properties": { "PNU": 1.1410119001031501e+18, "피해위치(": "서울특별시 서대문구 거북골로20길 23-41  삼기빌라 B02호 (북가좌동, 삼기빌라)", "피해일시": "20250813", "F_SHIM": 0.0, "F_AREA": 180.048696, "F_AVR_HGT": 14.0733688, "ADM_CD": 1141011900, "F_YR": "2025", "F_ZONE_NM": "서울특별시 서대문구 거북골로20길 23-41  삼기빌라 B02호 (북가좌동, 삼기빌라)", "TYPE": "주택", "TYPE2": "풍수해보험금" }, "geometry": { "type": "Polygon", "coordinates": [ [ [ 126.908769325088571, 37.579529537163502 ], [ 126.908828876858209, 37.579590301395491 ], [ 126.908888612673891, 37.579593961236561 ], [ 126.908998117213514, 37.579541051099632 ], [ 126.90892775687378, 37.579450464841827 ], [ 126.90891815112731, 37.579455025307645 ], [ 126.908769325088571, 37.579529537163502 ] ] ] } },
{ "type": "Feature", "properties": { "PNU": 1.1410119001032e+18, "피해위치(": "서울특별시 서대문구 북가좌동 320-17 거성빌라 지층2호", "피해일시": "20250813 - 1100", "F_SHIM": 0.0, "F_AREA": 173.9773949, "F_AVR_HGT": 13.7161827, "ADM_CD": 1141011900, "F_YR": "2025", "F_ZONE_NM": "서울특별시 서대문구 북가좌동 320-17 거성빌라 지층2호", "TYPE": "주택", "TYPE2": "재난지원금" }, "geometry": { "type": "Polygon", "coordinates": [ [ [ 126.909265109943391, 37.580531254592294 ], [ 126.909390430176046, 37.580469878179976 ], [ 126.909402562899757, 37.580426703385577 ], [ 126.909358107724898, 37.580369591221213 ], [ 126.909200424155927, 37.580446619453951 ], [ 126.909265109943391, 37.580531254592294 ] ] ] } },
{ "type": "Feature", "properties": { "PNU": 1.1410119001034001e+18, "피해위치(": "서울특별시 서대문구 북가좌동 340-21 ㅇㅇ빌라 ㅇㅇ호", "피해일시": "20250813 - 1123", "F_SHIM": 0.0, "F_AREA": 98.2257157, "F_AVR_HGT": 13.9448166, "ADM_CD": 1141011900, "F_YR": "2025", "F_ZONE_NM": "서울특별시 서대문구 북가좌동 340-21 ㅇㅇ빌라 ㅇㅇ호", "TYPE": "주택", "TYPE2": "재난지원금" }, "geometry": { "type": "Polygon", "coordinates": [ [ [ 126.913793623742478, 37.58677582485047 ], [ 126.913983964759524, 37.586692327698508 ], [ 126.91390852913473, 37.586680405762166 ], [ 126.913807657953853, 37.586664329359287 ], [ 126.913793623742478, 37.58677582485047 ] ] ] } },
{ "type": "Feature", "properties": { "PNU": 1.1410119001034001e+18, "피해위치(": "서울특별시 서대문구 북가좌동 340-16 ㅇㅇ빌라 ㅇㅇ호", "피해일시": "20250813 - 1130", "F_SHIM": 0.0, "F_AREA": 138.7193777, "F_AVR_HGT": 13.9448166, "ADM_CD": 1141011900, "F_YR": "2025", "F_ZONE_NM": "서울특별시 서대문구 북가좌동 340-16 ㅇㅇ빌라 ㅇㅇ호", "TYPE": "주택", "TYPE2": "재난지원금" }, "geometry": { "type": "Polygon", "coordinates": [ [ [ 126.913618460919494, 37.586728068475317 ], [ 126.913621805430196, 37.586733846280381 ], [ 126.913757850037328, 37.586676185344032 ], [ 126.91374918192237, 37.586662700161753 ], [ 126.913715983433718, 37.586674460358914 ], [ 126.913713180996453, 37.586669854240363 ], [ 126.913660234717952, 37.586587212527647 ], [ 126.913594602108958, 37.58661545459438 ], [ 126.913555578654481, 37.586631868500973 ], [ 126.913618460919494, 37.586728068475317 ] ] ] } },
{ "type": "Feature", "properties": { "PNU": 1.1410119001034001e+18, "피해위치(": "서울특별시 서대문구 북가좌동 340-1  빌라 지하호", "피해일시": "20250813 - 1117", "F_SHIM": 0.0, "F_AREA": 151.4599835, "F_AVR_HGT": 13.9448166, "ADM_CD": 1141011900, "F_YR": "2025", "F_ZONE_NM": "서울특별시 서대문구 북가좌동 340-1  빌라 지하호", "TYPE": "주택", "TYPE2": "재난지원금" }, "geometry": { "type": "Polygon", "coordinates": [ [ [ 126.913983964759524, 37.586692327698508 ], [ 126.914006223071368, 37.586683235241935 ], [ 126.914019925208123, 37.586642358693403 ], [ 126.914015248456195, 37.586633354385192 ], [ 126.913819287730533, 37.586566013490838 ], [ 126.913816871746874, 37.58662767511958 ], [ 126.913816677319488, 37.586638991348536 ], [ 126.913815424686504, 37.586654793697278 ], [ 126.91390852913473, 37.586680405762166 ], [ 126.913983964759524, 37.586692327698508 ] ] ] } },
{ "type": "Feature", "properties": { "PNU": 1.1410119001033901e+18, "피해위치(": "서울특별시 서대문구 북가좌동 339-23 수도빌라 ㅇㅇ호", "피해일시": "20250813 - 1130", "F_SHIM": 0.0, "F_AREA": 152.5438321, "F_AVR_HGT": 17.2751656, "ADM_CD": 1141011900, "F_YR": "2025", "F_ZONE_NM": "서울특별시 서대문구 북가좌동 339-23 수도빌라 ㅇㅇ호", "TYPE": "주택", "TYPE2": "재난지원금" }, "geometry": { "type": "Polygon", "coordinates": [ [ [ 126.913525744744291, 37.585555024764112 ], [ 126.91345379997243, 37.585444852688752 ], [ 126.913373636568707, 37.585478075256219 ], [ 126.913356821504948, 37.585518354762655 ], [ 126.913411076474517, 37.585604006893597 ], [ 126.913525744744291, 37.585555024764112 ] ] ] } },
{ "type": "Feature", "properties": { "PNU": 1.14101190010338e+18, "피해위치(": "서울특별시 서대문구 북가좌동 338-8 ㅇㅇ연립 지하호", "피해일시": "20250813 - 1100", "F_SHIM": 0.0, "F_AREA": 135.5939908, "F_AVR_HGT": 14.9008398, "ADM_CD": 1141011900, "F_YR": "2025", "F_ZONE_NM": "서울특별시 서대문구 북가좌동 338-8 ㅇㅇ연립 지하호", "TYPE": "주택", "TYPE2": "재난지원금" }, "geometry": { "type": "Polygon", "coordinates": [ [ [ 126.913223666402274, 37.584904440946801 ], [ 126.913315357119799, 37.5848500088847 ], [ 126.913306732722035, 37.584838100423049 ], [ 126.913326198530982, 37.584825257905464 ], [ 126.913272551465468, 37.584743102002392 ], [ 126.913258104953044, 37.584752740756031 ], [ 126.913165565925496, 37.584816127934765 ], [ 126.913167872618914, 37.584818607371098 ], [ 126.913223666402274, 37.584904440946801 ] ] ] } },
{ "type": "Feature", "properties": { "PNU": 1.14101190010337e+18, "피해위치(": "서울특별시 서대문구 북가좌동 337-22 ㅇㅇ빌라 지하호", "피해일시": "20250813 - 1115", "F_SHIM": 0.0, "F_AREA": 90.483079, "F_AVR_HGT": 17.2751656, "ADM_CD": 1141011900, "F_YR": "2025", "F_ZONE_NM": "서울특별시 서대문구 북가좌동 337-22 ㅇㅇ빌라 지하호", "TYPE": "주택", "TYPE2": "재난지원금" }, "geometry": { "type": "Polygon", "coordinates": [ [ [ 126.91367775309385, 37.58481144663309 ], [ 126.913633392822661, 37.584745659699152 ], [ 126.91352443517988, 37.584791934231468 ], [ 126.913565666283446, 37.584851763360824 ], [ 126.913569927221971, 37.584858001354505 ], [ 126.91367775309385, 37.58481144663309 ] ] ] } },
{ "type": "Feature", "properties": { "PNU": 1.14101190010338e+18, "피해위치(": "서울특별시 서대문구 북가좌동 338-9  빌라 지하호", "피해일시": "20250813 - 1135", "F_SHIM": 0.0, "F_AREA": 117.617323, "F_AVR_HGT": 17.2751656, "ADM_CD": 1141011900, "F_YR": "2025", "F_ZONE_NM": "서울특별시 서대문구 북가좌동 338-9  빌라 지하호", "TYPE": "주택", "TYPE2": "재난지원금" }, "geometry": { "type": "Polygon", "coordinates": [ [ [ 126.913326198530982, 37.584825257905464 ], [ 126.913428663201444, 37.584764707102281 ], [ 126.913368953651641, 37.584677465160098 ], [ 126.913272551465468, 37.584743102002392 ], [ 126.913326198530982, 37.584825257905464 ] ] ] } },
{ "type": "Feature", "properties": { "PNU": 1.14101190010338e+18, "피해위치(": "서울특별시 서대문구 북가좌동 338-3  빌라 지하호", "피해일시": "20250813 - 1113", "F_SHIM": 0.0, "F_AREA": 172.8092238, "F_AVR_HGT": 17.2751656, "ADM_CD": 1141011900, "F_YR": "2025", "F_ZONE_NM": "서울특별시 서대문구 북가좌동 338-3  빌라 지하호", "TYPE": "주택", "TYPE2": "재난지원금" }, "geometry": { "type": "Polygon", "coordinates": [ [ [ 126.913556588201175, 37.585196545685804 ], [ 126.913497009690602, 37.585112979932525 ], [ 126.913598129941121, 37.585011703443286 ], [ 126.913581231251825, 37.584988517511789 ], [ 126.913392841388969, 37.58517772811124 ], [ 126.913443249472039, 37.585251466334036 ], [ 126.913556588201175, 37.585196545685804 ] ] ] } },
{ "type": "Feature", "properties": { "PNU": 1.14101190010341e+18, "피해위치(": "서울특별시 서대문구 북가좌동 341-8 그린빌라 지하호", "피해일시": "20250813 - 1113", "F_SHIM": 0.0, "F_AREA": 361.8413008, "F_AVR_HGT": 14.9008398, "ADM_CD": 1141011900, "F_YR": "2025", "F_ZONE_NM": "서울특별시 서대문구 북가좌동 341-8 그린빌라 지하호", "TYPE": "주택", "TYPE2": "재난지원금" }, "geometry": { "type": "Polygon", "coordinates": [ [ [ 126.912444509551364, 37.585025984166741 ], [ 126.912634142618472, 37.584897439360532 ], [ 126.912513939934698, 37.584783518295261 ], [ 126.912325098479926, 37.584912892415652 ], [ 126.912421156944774, 37.585003550027096 ], [ 126.912444509551364, 37.585025984166741 ] ] ] } },
{ "type": "Feature", "properties": { "PNU": 1.14101190010337e+18, "피해위치(": "서울특별시 서대문구 북가좌동 337-24 ㅇㅇ빌라 ㅇㅇ호", "피해일시": "20250813 - 1100", "F_SHIM": 0.0, "F_AREA": 109.3849166, "F_AVR_HGT": 17.2751656, "ADM_CD": 1141011900, "F_YR": "2025", "F_ZONE_NM": "서울특별시 서대문구 북가좌동 337-24 ㅇㅇ빌라 ㅇㅇ호", "TYPE": "주택", "TYPE2": "재난지원금" }, "geometry": { "type": "Polygon", "coordinates": [ [ [ 126.913732073129779, 37.584889773663839 ], [ 126.91367775309385, 37.58481144663309 ], [ 126.913569927221971, 37.584858001354505 ], [ 126.913618988227242, 37.584931531275991 ], [ 126.913623248189595, 37.584938607183375 ], [ 126.913732073129779, 37.584889773663839 ] ] ] } },
{ "type": "Feature", "properties": { "PNU": 1.14101190010337e+18, "피해위치(": "서울특별시 서대문구 북가좌동 337-11 지하층", "피해일시": "20250813 - 1132", "F_SHIM": 0.0, "F_AREA": 126.1902222, "F_AVR_HGT": 15.8263893, "ADM_CD": 1141011900, "F_YR": "2025", "F_ZONE_NM": "서울특별시 서대문구 북가좌동 337-11 지하층", "TYPE": "주택", "TYPE2": "재난지원금" }, "geometry": { "type": "Polygon", "coordinates": [ [ [ 126.913316545613924, 37.584485588190461 ], [ 126.913426862009914, 37.584438909417919 ], [ 126.913360647346664, 37.584347806394405 ], [ 126.913254418847359, 37.584393893511994 ], [ 126.913316545613924, 37.584485588190461 ] ] ] } },
{ "type": "Feature", "properties": { "PNU": 1.14101190010342e+18, "피해위치(": "서울특별시 서대문구 증가로32길 15  빌라 지하호 (북가좌동)", "피해일시": "20250813", "F_SHIM": 0.0, "F_AREA": 181.3517989, "F_AVR_HGT": 13.6830347, "ADM_CD": 1141011900, "F_YR": "2025", "F_ZONE_NM": "서울특별시 서대문구 증가로32길 15  빌라 지하호 (북가좌동)", "TYPE": "주택", "TYPE2": "풍수해보험금" }, "geometry": { "type": "Polygon", "coordinates": [ [ [ 126.911979500179328, 37.584433666928646 ], [ 126.912075971901743, 37.584367301393662 ], [ 126.911959367343158, 37.584256589988925 ], [ 126.911861967516288, 37.584322765518046 ], [ 126.911979500179328, 37.584433666928646 ] ] ] } },
{ "type": "Feature", "properties": { "PNU": 1.14101190010343e+18, "피해위치(": "서울특별시 서대문구 북가좌동 343-14 뉴태광빌라 지하호", "피해일시": "20250813 - 1130", "F_SHIM": 0.0, "F_AREA": 190.5450343, "F_AVR_HGT": 13.1409245, "ADM_CD": 1141011900, "F_YR": "2025", "F_ZONE_NM": "서울특별시 서대문구 북가좌동 343-14 뉴태광빌라 지하호", "TYPE": "주택", "TYPE2": "재난지원금" }, "geometry": { "type": "Polygon", "coordinates": [ [ [ 126.91036261373479, 37.583356337369807 ], [ 126.910430508578287, 37.583421359850789 ], [ 126.910462523489244, 37.583423177510895 ], [ 126.91057774140441, 37.583349304417062 ], [ 126.910581124268901, 37.583323232498934 ], [ 126.910513669778666, 37.583259147467956 ], [ 126.910508243081111, 37.583262206635546 ], [ 126.91050392517117, 37.583265852298425 ], [ 126.910495688671759, 37.583270621171785 ], [ 126.91036261373479, 37.583356337369807 ] ] ] } },
{ "type": "Feature", "properties": { "PNU": 1.1410119001033901e+18, "피해위치(": "서울특별시 서대문구 북가좌동 339-28 신안빌라 지하호", "피해일시": "20250813 - 1134", "F_SHIM": 0.0, "F_AREA": 173.5369821, "F_AVR_HGT": 13.9448166, "ADM_CD": 1141011900, "F_YR": "2025", "F_ZONE_NM": "서울특별시 서대문구 북가좌동 339-28 신안빌라 지하호", "TYPE": "주택", "TYPE2": "재난지원금" }, "geometry": { "type": "Polygon", "coordinates": [ [ [ 126.914149301632676, 37.58647734898976 ], [ 126.914072534747433, 37.586364759098494 ], [ 126.913951575891403, 37.586418890720878 ], [ 126.913989622020821, 37.586473104185949 ], [ 126.914027618225191, 37.586531326985217 ], [ 126.914149301632676, 37.58647734898976 ] ] ] } },
{ "type": "Feature", "properties": { "PNU": 1.14101190010339e+18, "피해위치(": "서울특별시 서대문구 북가좌동 339-1 ㅇㅇ빌라 지하호", "피해일시": "20250813 - 1130", "F_SHIM": 0.0, "F_AREA": 166.7805063, "F_AVR_HGT": 14.9900732, "ADM_CD": 1141011900, "F_YR": "2025", "F_ZONE_NM": "서울특별시 서대문구 북가좌동 339-1 ㅇㅇ빌라 지하호", "TYPE": "주택", "TYPE2": "재난지원금" }, "geometry": { "type": "Polygon", "coordinates": [ [ [ 126.91448621299007, 37.586473471355248 ], [ 126.914545714612146, 37.586449837318987 ], [ 126.914566325263351, 37.586406830460142 ], [ 126.914505029206296, 37.586318560823891 ], [ 126.914385203768504, 37.586371972938565 ], [ 126.914463954064487, 37.586483194591878 ], [ 126.91448621299007, 37.586473471355248 ] ] ] } },
{ "type": "Feature", "properties": { "PNU": 1.1410119001034001e+18, "피해위치(": "서울특별시 서대문구 북가좌동 340-30 동우빌라 지하호", "피해일시": "20250813 - 1130", "F_SHIM": 0.0, "F_AREA": 256.0736525, "F_AVR_HGT": 15.1272001, "ADM_CD": 1141011900, "F_YR": "2025", "F_ZONE_NM": "서울특별시 서대문구 북가좌동 340-30 동우빌라 지하호", "TYPE": "주택", "TYPE2": "재난지원금" }, "geometry": { "type": "Polygon", "coordinates": [ [ [ 126.913577617479717, 37.586376284440611 ], [ 126.913788398249139, 37.586288964626185 ], [ 126.913724317484665, 37.586191511474418 ], [ 126.913512674945423, 37.586280109932495 ], [ 126.913569852863233, 37.586364773075125 ], [ 126.913577617479717, 37.586376284440611 ] ] ] } },
{ "type": "Feature", "properties": { "PNU": 1.1410119001033901e+18, "피해위치(": "서울특별시 서대문구 북가좌동 339-36  빌라 지하호", "피해일시": "20250813 - 1136", "F_SHIM": 0.0, "F_AREA": 191.9779118, "F_AVR_HGT": 15.1272001, "ADM_CD": 1141011900, "F_YR": "2025", "F_ZONE_NM": "서울특별시 서대문구 북가좌동 339-36  빌라 지하호", "TYPE": "주택", "TYPE2": "재난지원금" }, "geometry": { "type": "Polygon", "coordinates": [ [ [ 126.913884658327476, 37.586104415246353 ], [ 126.913824074074171, 37.586018299135674 ], [ 126.91378547438164, 37.585963355403777 ], [ 126.913680512010004, 37.5860093447236 ], [ 126.913766405844427, 37.586139123449364 ], [ 126.913795589059319, 37.586143046405759 ], [ 126.913884658327476, 37.586104415246353 ] ] ] } },
{ "type": "Feature", "properties": { "PNU": 1.1410119001034001e+18, "피해위치(": "서울특별시 서대문구 북가좌동 340-17  빌라 지하호", "피해일시": "20250813 - 1130", "F_SHIM": 0.0, "F_AREA": 135.2488054, "F_AVR_HGT": 13.9448166, "ADM_CD": 1141011900, "F_YR": "2025", "F_ZONE_NM": "서울특별시 서대문구 북가좌동 340-17  빌라 지하호", "TYPE": "주택", "TYPE2": "재난지원금" }, "geometry": { "type": "Polygon", "coordinates": [ [ [ 126.913816871746874, 37.58662767511958 ], [ 126.913819287730533, 37.586566013490838 ], [ 126.913817823018093, 37.586521323538825 ], [ 126.91370595179518, 37.586568758329534 ], [ 126.913660234717952, 37.586587212527647 ], [ 126.913713180996453, 37.586669854240363 ], [ 126.913816871746874, 37.58662767511958 ] ] ] } },
{ "type": "Feature", "properties": { "PNU": 1.1410119001034001e+18, "피해위치(": "서울특별시 서대문구 북가좌동 340-2   빌라  호", "피해일시": "20250813 - 1125", "F_SHIM": 0.0, "F_AREA": 137.3192698, "F_AVR_HGT": 13.9448166, "ADM_CD": 1141011900, "F_YR": "2025", "F_ZONE_NM": "서울특별시 서대문구 북가좌동 340-2   빌라  호", "TYPE": "주택", "TYPE2": "재난지원금" }, "geometry": { "type": "Polygon", "coordinates": [ [ [ 126.913819287730533, 37.586566013490838 ], [ 126.914015248456195, 37.586633354385192 ], [ 126.913916939001837, 37.586479519343833 ], [ 126.913817823018093, 37.586521323538825 ], [ 126.913819287730533, 37.586566013490838 ] ] ] } },
{ "type": "Feature", "properties": { "PNU": 1.14101190010315e+18, "피해위치(": "서울특별시 서대문구 거북골로20길 17-8   빌라 101호 (북가좌동)", "피해일시": "20250813", "F_SHIM": 0.0, "F_AREA": 103.7760477, "F_AVR_HGT": 13.9315546, "ADM_CD": 1141011900, "F_YR": "2025", "F_ZONE_NM": "서울특별시 서대문구 거북골로20길 17-8   빌라 101호 (북가좌동)", "TYPE": "주택", "TYPE2": "풍수해보험금" }, "geometry": { "type": "Polygon", "coordinates": [ [ [ 126.909297557115124, 37.57919939716033 ], [ 126.909395666853683, 37.579150694364387 ], [ 126.90942551563252, 37.579135752271071 ], [ 126.90938738097617, 37.579085591640187 ], [ 126.909368312347866, 37.579079954602861 ], [ 126.909252075389077, 37.579139986627659 ], [ 126.909253149132084, 37.579141393005429 ], [ 126.909297557115124, 37.57919939716033 ] ] ] } },
{ "type": "Feature", "properties": { "PNU": 1.14101190010315e+18, "피해위치(": "서울특별시 서대문구 거북골로20길 17-6  ㅇㅇ연립 지층101호 (북가좌동)", "피해일시": "20250813", "F_SHIM": 0.0, "F_AREA": 106.1316835, "F_AVR_HGT": 13.9315546, "ADM_CD": 1141011900, "F_YR": "2025", "F_ZONE_NM": "서울특별시 서대문구 거북골로20길 17-6  ㅇㅇ연립 지층101호 (북가좌동)", "TYPE": "주택", "TYPE2": "풍수해보험금" }, "geometry": { "type": "Polygon", "coordinates": [ [ [ 126.909460383891727, 37.579181630657416 ], [ 126.909543820537323, 37.57914308843015 ], [ 126.909474224724462, 37.579047367465549 ], [ 126.909389700897563, 37.579086278200229 ], [ 126.90938738097617, 37.579085591640187 ], [ 126.90942551563252, 37.579135752271071 ], [ 126.909460383891727, 37.579181630657416 ] ] ] } },
{ "type": "Feature", "properties": { "PNU": 1.1410119001032401e+18, "피해위치(": "서울특별시 서대문구 북가좌동 324-2 임창빌라 지하호", "피해일시": "20250813 - 1130", "F_SHIM": 0.0, "F_AREA": 167.9510873, "F_AVR_HGT": 13.8745108, "ADM_CD": 1141011900, "F_YR": "2025", "F_ZONE_NM": "서울특별시 서대문구 북가좌동 324-2 임창빌라 지하호", "TYPE": "주택", "TYPE2": "재난지원금" }, "geometry": { "type": "Polygon", "coordinates": [ [ [ 126.910499345532671, 37.582210425083566 ], [ 126.91042485464294, 37.582114881150112 ], [ 126.910295239480917, 37.582178102344308 ], [ 126.910367737644052, 37.582273707888831 ], [ 126.910499345532671, 37.582210425083566 ] ] ] } },
{ "type": "Feature", "properties": { "PNU": 1.13801070010119e+18, "피해위치(": "서울특별시 은평구 응암동 119-1 지층", "피해일시": "20250813 - 1200", "F_SHIM": 0.0, "F_AREA": 332.7675334, "F_AVR_HGT": 18.5056206, "ADM_CD": 1138010700, "F_YR": "2025", "F_ZONE_NM": "서울특별시 은평구 응암동 119-1 지층", "TYPE": "소상공인", "TYPE2": "재난지원금" }, "geometry": { "type": "Polygon", "coordinates": [ [ [ 126.918968325873891, 37.596031360787762 ], [ 126.918852099488063, 37.59587045384707 ], [ 126.918694734772629, 37.595945575674051 ], [ 126.918809603425842, 37.596105310537311 ], [ 126.918968325873891, 37.596031360787762 ] ] ] } },
{ "type": "Feature", "properties": { "PNU": 1.1380106001017901e+18, "피해위치(": "서울특별시 은평구 대조동 179-49 지하 우측", "피해일시": "20250813 - 1200", "F_SHIM": 0.0, "F_AREA": 357.4991383, "F_AVR_HGT": 21.7782742, "ADM_CD": 1138010600, "F_YR": "2025", "F_ZONE_NM": "서울특별시 은평구 대조동 179-49 지하 우측", "TYPE": "소상공인", "TYPE2": "재난지원금" }, "geometry": { "type": "Polygon", "coordinates": [ [ [ 126.922647271299539, 37.606994063207893 ], [ 126.922708385493237, 37.606925629395519 ], [ 126.922833225413768, 37.606782006048661 ], [ 126.922724805326567, 37.606712287798864 ], [ 126.922534087327364, 37.606931189065456 ], [ 126.922647271299539, 37.606994063207893 ] ] ] } },
{ "type": "Feature", "properties": { "PNU": 1.14101190010311e+18, "피해위치(": "서울특별시 서대문구 북가좌동 311-14 ㅇㅇ빌라 102호", "피해일시": "20250813 - 1100", "F_SHIM": 0.0, "F_AREA": 165.7650058, "F_AVR_HGT": 13.5546637, "ADM_CD": 1141011900, "F_YR": "2025", "F_ZONE_NM": "서울특별시 서대문구 북가좌동 311-14 ㅇㅇ빌라 102호", "TYPE": "주택", "TYPE2": "재난지원금" }, "geometry": { "type": "Polygon", "coordinates": [ [ [ 126.909975577014706, 37.581064146234908 ], [ 126.910006062827122, 37.581102741080585 ], [ 126.910153312382391, 37.581032118726029 ], [ 126.91008877152629, 37.580948141912835 ], [ 126.909940908893631, 37.581020268358934 ], [ 126.909975577014706, 37.581064146234908 ] ] ] } },
{ "type": "Feature", "properties": { "PNU": 1.14101190010313e+18, "피해위치(": "서울특별시 서대문구 거북골로20길 43-29   빌라 지하호 (북가좌동)", "피해일시": "20250813", "F_SHIM": 0.0, "F_AREA": 130.7912405, "F_AVR_HGT": 13.5161827, "ADM_CD": 1141011900, "F_YR": "2025", "F_ZONE_NM": "서울특별시 서대문구 거북골로20길 43-29   빌라 지하호 (북가좌동)", "TYPE": "주택", "TYPE2": "풍수해보험금" }, "geometry": { "type": "Polygon", "coordinates": [ [ [ 126.909778227279546, 37.580279882909736 ], [ 126.90971200234911, 37.580194535072721 ], [ 126.909598292586026, 37.580251253762661 ], [ 126.909665605679891, 37.580335440237178 ], [ 126.909778227279546, 37.580279882909736 ] ] ] } },
{ "type": "Feature", "properties": { "PNU": 1.14101190010313e+18, "피해위치(": "서울특별시 서대문구 북가좌동 313-29 ㅇㅇ빌라 ㅇㅇ호", "피해일시": "20250813 - 1100", "F_SHIM": 0.0, "F_AREA": 161.8649042, "F_AVR_HGT": 13.7161827, "ADM_CD": 1141011900, "F_YR": "2025", "F_ZONE_NM": "서울특별시 서대문구 북가좌동 313-29 ㅇㅇ빌라 ㅇㅇ호", "TYPE": "주택", "TYPE2": "재난지원금" }, "geometry": { "type": "Polygon", "coordinates": [ [ [ 126.910363393946312, 37.579986281359808 ], [ 126.910384779447753, 37.579976810486656 ], [ 126.910322004392498, 37.579893582967848 ], [ 126.910257746184072, 37.579810561494824 ], [ 126.91015772969935, 37.57986296657905 ], [ 126.910137191410314, 37.579873960733671 ], [ 126.910201336142677, 37.579957135351236 ], [ 126.910305517769956, 37.579905598395897 ], [ 126.910363393946312, 37.579986281359808 ] ] ] } },
{ "type": "Feature", "properties": { "PNU": 1.14101190010314e+18, "피해위치(": "서울특별시 서대문구 북가좌동 314-15 ㅇㅇ연립 지하호", "피해일시": "20250813 - 1200", "F_SHIM": 0.0, "F_AREA": 127.9799525, "F_AVR_HGT": 14.2733688, "ADM_CD": 1141011900, "F_YR": "2025", "F_ZONE_NM": "서울특별시 서대문구 북가좌동 314-15 ㅇㅇ연립 지하호", "TYPE": "주택", "TYPE2": "재난지원금" }, "geometry": { "type": "Polygon", "coordinates": [ [ [ 126.909218727701983, 37.579623267592581 ], [ 126.909271933717619, 37.579597522954721 ], [ 126.909321786705732, 37.579573406459183 ], [ 126.9092541790924, 37.579481056613005 ], [ 126.909148298858611, 37.579532870620866 ], [ 126.909162484086039, 37.579551072630608 ], [ 126.909218727701983, 37.579623267592581 ] ] ] } },
{ "type": "Feature", "properties": { "PNU": 1.1410119001031501e+18, "피해위치(": "서울특별시 서대문구 북가좌동 315-25 ㅇㅇ연립 지하호", "피해일시": "20250909 - 1359", "F_SHIM": 0.0, "F_AREA": 175.588838, "F_AVR_HGT": 14.2733688, "ADM_CD": 1141011900, "F_YR": "2025", "F_ZONE_NM": "서울특별시 서대문구 북가좌동 315-25 ㅇㅇ연립 지하호", "TYPE": "주택", "TYPE2": "재난지원금" }, "geometry": { "type": "Polygon", "coordinates": [ [ [ 126.908783681084586, 37.579300427645506 ], [ 126.908777916397057, 37.579293215227139 ], [ 126.908717954477879, 37.579207403226334 ], [ 126.908639490964546, 37.579261130400162 ], [ 126.908590046221391, 37.579293788279749 ], [ 126.908581218127438, 37.579337587280932 ], [ 126.908621672860804, 37.579378866271341 ], [ 126.908783681084586, 37.579300427645506 ] ] ] } },
{ "type": "Feature", "properties": { "PNU": 1.14101190010312e+18, "피해위치(": "서울특별시 서대문구 북가좌동 312-15 마당빌라 B01호", "피해일시": "20250813 - 1200", "F_SHIM": 0.0, "F_AREA": 216.8466353, "F_AVR_HGT": 13.7161827, "ADM_CD": 1141011900, "F_YR": "2025", "F_ZONE_NM": "서울특별시 서대문구 북가좌동 312-15 마당빌라 B01호", "TYPE": "주택", "TYPE2": "재난지원금" }, "geometry": { "type": "Polygon", "coordinates": [ [ [ 126.909725742621703, 37.580538515213505 ], [ 126.909746506612223, 37.580528305165195 ], [ 126.909650869193996, 37.580406336374736 ], [ 126.909631918822001, 37.580414727826259 ], [ 126.909553313887344, 37.580454075748328 ], [ 126.90953820036016, 37.580500059312136 ], [ 126.909611172434083, 37.580594836809304 ], [ 126.909725742621703, 37.580538515213505 ] ] ] } },
{ "type": "Feature", "properties": { "PNU": 1.14101190010331e+18, "피해위치(": "서울특별시 서대문구 북가좌동 331-1 태영아트빌라 지하호", "피해일시": "20250813 - 1131", "F_SHIM": 0.0, "F_AREA": 208.3557176, "F_AVR_HGT": 15.8263893, "ADM_CD": 1141011900, "F_YR": "2025", "F_ZONE_NM": "서울특별시 서대문구 북가좌동 331-1 태영아트빌라 지하호", "TYPE": "주택", "TYPE2": "재난지원금" }, "geometry": { "type": "Polygon", "coordinates": [ [ [ 126.913009895616753, 37.584249498691364 ], [ 126.91301645072609, 37.584201760383827 ], [ 126.912920737285233, 37.584106823822268 ], [ 126.91280452495036, 37.584180076766621 ], [ 126.912920737067253, 37.584288525570514 ], [ 126.913009895616753, 37.584249498691364 ] ] ] } },
{ "type": "Feature", "properties": { "PNU": 1.1350105001110801e+18, "피해위치(": "서울특별시 노원구 상계동 1108-12 동일로241다길 8-5연립 b01호", "피해일시": "20250813 - 0747", "F_SHIM": 0.0, "F_AREA": 116.8853711, "F_AVR_HGT": 27.7183441, "ADM_CD": 1135010500, "F_YR": "2025", "F_ZONE_NM": "서울특별시 노원구 상계동 1108-12 동일로241다길 8-5연립 b01호", "TYPE": "주택", "TYPE2": "재난지원금" }, "geometry": { "type": "Polygon", "coordinates": [ [ [ 127.052326216601216, 37.676998570543446 ], [ 127.052434292729004, 37.677001154779596 ], [ 127.052435474618648, 37.676905975644154 ], [ 127.05239198737948, 37.676884055752069 ], [ 127.052330230026172, 37.676883073282639 ], [ 127.052326423225168, 37.676985731611182 ], [ 127.052326216601216, 37.676998570543446 ] ] ] } },
{ "type": "Feature", "properties": { "PNU": 1.1350105001110801e+18, "피해위치(": "서울특별시 노원구 상계동 1108-9 동일로241다길 8-7빌라 b01호", "피해일시": "20250813 - 1234", "F_SHIM": 0.0, "F_AREA": 111.8319521, "F_AVR_HGT": 27.7183441, "ADM_CD": 1135010500, "F_YR": "2025", "F_ZONE_NM": "서울특별시 노원구 상계동 1108-9 동일로241다길 8-7빌라 b01호", "TYPE": "주택", "TYPE2": "재난지원금" }, "geometry": { "type": "Polygon", "coordinates": [ [ [ 127.052321935311568, 37.677103607638784 ], [ 127.052433490196165, 37.677104064084673 ], [ 127.052434292729004, 37.677001154779596 ], [ 127.052326216601216, 37.676998570543446 ], [ 127.052321935311568, 37.677103607638784 ] ] ] } },
{ "type": "Feature", "properties": { "PNU": 1.13801030010432e+18, "피해위치(": "서울특별시 은평구 불광동 432-1 지층", "피해일시": "20250813 - 1200", "F_SHIM": 0.0, "F_AREA": 487.4569347, "F_AVR_HGT": 33.7274986, "ADM_CD": 1138010300, "F_YR": "2025", "F_ZONE_NM": "서울특별시 은평구 불광동 432-1 지층", "TYPE": "소상공인", "TYPE2": "재난지원금" }, "geometry": { "type": "Polygon", "coordinates": [ [ [ 126.926971403332672, 37.622886752495944 ], [ 126.927160519924797, 37.622825154709105 ], [ 126.927180122764952, 37.62281877010421 ], [ 126.927160551333131, 37.62279362044081 ], [ 126.927158956408363, 37.622791366986625 ], [ 126.927019044721789, 37.622593513700494 ], [ 126.926865258779159, 37.622666485963755 ], [ 126.926970338201613, 37.622887103205144 ], [ 126.926971403332672, 37.622886752495944 ] ] ] } },
{ "type": "Feature", "properties": { "PNU": 1.1380104001039e+18, "피해위치(": "서울특별시 은평구 갈현동 390-1 지하1층", "피해일시": "20250813 - 1200", "F_SHIM": 0.0, "F_AREA": 325.4880202, "F_AVR_HGT": 52.4522148, "ADM_CD": 1138010400, "F_YR": "2025", "F_ZONE_NM": "서울특별시 은평구 갈현동 390-1 지하1층", "TYPE": "소상공인", "TYPE2": "재난지원금" }, "geometry": { "type": "Polygon", "coordinates": [ [ [ 126.919758706847745, 37.626544186245411 ], [ 126.919599238542077, 37.626516775980868 ], [ 126.919541916671307, 37.626725042524072 ], [ 126.919588460927855, 37.626737778653919 ], [ 126.91961745268037, 37.626745096709918 ], [ 126.919713898963835, 37.626704349262042 ], [ 126.919758706847745, 37.626544186245411 ] ] ] } },
{ "type": "Feature", "properties": { "PNU": 1.13801030010329e+18, "피해위치(": "서울특별시 은평구 불광동 329-25 1층", "피해일시": "20250813 - 1200", "F_SHIM": 0.0, "F_AREA": 271.2851398, "F_AVR_HGT": 37.0565697, "ADM_CD": 1138010300, "F_YR": "2025", "F_ZONE_NM": "서울특별시 은평구 불광동 329-25 1층", "TYPE": "주택", "TYPE2": "재난지원금" }, "geometry": { "type": "Polygon", "coordinates": [ [ [ 126.925258212830727, 37.618010590085085 ], [ 126.925126914576879, 37.617932074821454 ], [ 126.925102916824869, 37.617917553500092 ], [ 126.925038357342643, 37.61791489883479 ], [ 126.925012045256096, 37.617948218054202 ], [ 126.925003611150657, 37.617999298174233 ], [ 126.924999053507449, 37.618025603846327 ], [ 126.925188254865446, 37.618092227737471 ], [ 126.925258212830727, 37.618010590085085 ] ] ] } },
{ "type": "Feature", "properties": { "PNU": 1.13801040010398e+18, "피해위치(": "서울특별시 은평구 갈현동 398-7", "피해일시": "20250813 - 1200", "F_SHIM": 0.0, "F_AREA": 235.3863617, "F_AVR_HGT": 26.2565456, "ADM_CD": 1138010400, "F_YR": "2025", "F_ZONE_NM": "서울특별시 은평구 갈현동 398-7", "TYPE": "소상공인", "TYPE2": "재난지원금" }, "geometry": { "type": "Polygon", "coordinates": [ [ [ 126.920042925662429, 37.618999264114777 ], [ 126.920107050643935, 37.618912859319074 ], [ 126.920179943984493, 37.618814648680306 ], [ 126.920152557373967, 37.618771526906201 ], [ 126.919946992548361, 37.618859500859514 ], [ 126.919984199693403, 37.61891277450345 ], [ 126.920042925662429, 37.618999264114777 ] ] ] } },
{ "type": "Feature", "properties": { "PNU": 1.13801070010576e+18, "피해위치(": "서울특별시 은평구 응암동 576-48 지층", "피해일시": "20250813 - 1200", "F_SHIM": 0.0, "F_AREA": 113.6966618, "F_AVR_HGT": 16.4935165, "ADM_CD": 1138010700, "F_YR": "2025", "F_ZONE_NM": "서울특별시 은평구 응암동 576-48 지층", "TYPE": "소상공인", "TYPE2": "재난지원금" }, "geometry": { "type": "Polygon", "coordinates": [ [ [ 126.917524604678277, 37.590178720356306 ], [ 126.917478298157704, 37.59013622399182 ], [ 126.917471443795463, 37.590129939248769 ], [ 126.91747164023883, 37.590126416538745 ], [ 126.917473293382741, 37.590096153641973 ], [ 126.917479634272709, 37.590095887861111 ], [ 126.917478746810218, 37.590079579407366 ], [ 126.917476290410946, 37.590048854082291 ], [ 126.917438099133676, 37.590079550461233 ], [ 126.917393675088192, 37.590115017604447 ], [ 126.91736883453494, 37.590154372926953 ], [ 126.917379766329674, 37.590199700246004 ], [ 126.917524604678277, 37.590178720356306 ] ] ] } },
{ "type": "Feature", "properties": { "PNU": 1.1500109001058801e+18, "피해위치(": "서울특별시 강서구 방화동 588-5 B102호", "피해일시": "20250823 - 1414", "F_SHIM": 0.0, "F_AREA": 90.605077, "F_AVR_HGT": 8.5545378, "ADM_CD": 1150010900, "F_YR": "2025", "F_ZONE_NM": "서울특별시 강서구 방화동 588-5 B102호", "TYPE": "주택", "TYPE2": "재난지원금" }, "geometry": { "type": "Polygon", "coordinates": [ [ [ 126.808972941379082, 37.567251377240311 ], [ 126.80896800047779, 37.567174478946974 ], [ 126.808847495862949, 37.567179859469732 ], [ 126.808851478102156, 37.567255368683469 ], [ 126.808972941379082, 37.567251377240311 ] ] ] } },
{ "type": "Feature", "properties": { "PNU": 1.15001090010589e+18, "피해위치(": "서울특별시 강서구 방화동 589-20 지층 01호", "피해일시": "20250822 - 2013", "F_SHIM": 0.0, "F_AREA": 227.6131418, "F_AVR_HGT": 8.3415012, "ADM_CD": 1150010900, "F_YR": "2025", "F_ZONE_NM": "서울특별시 강서구 방화동 589-20 지층 01호", "TYPE": "주택", "TYPE2": "재난지원금" }, "geometry": { "type": "Polygon", "coordinates": [ [ [ 126.809446390776912, 37.567684279796651 ], [ 126.809445703478744, 37.567528750301868 ], [ 126.809297557959511, 37.567529428210314 ], [ 126.809296015123877, 37.567684945064883 ], [ 126.809446390776912, 37.567684279796651 ] ] ] } },
{ "type": "Feature", "properties": { "PNU": 1.150010900106e+18, "피해위치(": "서울특별시 강서구 방화동 600-31 지층 01호", "피해일시": "20250813 - 1101", "F_SHIM": 0.0, "F_AREA": 119.1684697, "F_AVR_HGT": 9.7036362, "ADM_CD": 1150010900, "F_YR": "2025", "F_ZONE_NM": "서울특별시 강서구 방화동 600-31 지층 01호", "TYPE": "주택", "TYPE2": "재난지원금" }, "geometry": { "type": "Polygon", "coordinates": [ [ [ 126.810946394114154, 37.567502431614301 ], [ 126.810949240311089, 37.567482650532867 ], [ 126.810949114252992, 37.567412166112518 ], [ 126.810813835675759, 37.567414037974565 ], [ 126.810815449128071, 37.567504869084743 ], [ 126.810946394114154, 37.567502431614301 ] ] ] } },
{ "type": "Feature", "properties": { "PNU": 1.150010900106e+18, "피해위치(": "서울특별시 강서구 방화동 600-44 지층1호", "피해일시": "20250813 - 1100", "F_SHIM": 0.0, "F_AREA": 171.0904354, "F_AVR_HGT": 9.7036362, "ADM_CD": 1150010900, "F_YR": "2025", "F_ZONE_NM": "서울특별시 강서구 방화동 600-44 지층1호", "TYPE": "주택", "TYPE2": "재난지원금" }, "geometry": { "type": "Polygon", "coordinates": [ [ [ 126.810550101355773, 37.567573960352597 ], [ 126.810550469929225, 37.567456183923689 ], [ 126.810402048649266, 37.567454096741962 ], [ 126.810401691031217, 37.567514327146455 ], [ 126.810402280601593, 37.567571540777038 ], [ 126.810550101355773, 37.567573960352597 ] ] ] } },
{ "type": "Feature", "properties": { "PNU": 1.150010900106e+18, "피해위치(": "서울특별시 강서구 방화동 600-34 지층", "피해일시": "20250813 - 2023", "F_SHIM": 0.0, "F_AREA": 116.2189682, "F_AVR_HGT": 9.7036362, "ADM_CD": 1150010900, "F_YR": "2025", "F_ZONE_NM": "서울특별시 강서구 방화동 600-34 지층", "TYPE": "주택", "TYPE2": "재난지원금" }, "geometry": { "type": "Polygon", "coordinates": [ [ [ 126.8109517562891, 37.567228143768077 ], [ 126.810955772463359, 37.567162306113879 ], [ 126.810955932266594, 37.567144007323925 ], [ 126.810868744925344, 37.567142875484002 ], [ 126.810813236408194, 37.567142939006025 ], [ 126.810814481800406, 37.567227183310337 ], [ 126.8109517562891, 37.567228143768077 ] ] ] } },
{ "type": "Feature", "properties": { "PNU": 1.150010900106e+18, "피해위치(": "서울특별시 강서구 방화동 600-45 지층 02호", "피해일시": "20250813 - 1100", "F_SHIM": 0.0, "F_AREA": 179.0663909, "F_AVR_HGT": 9.7036362, "ADM_CD": 1150010900, "F_YR": "2025", "F_ZONE_NM": "서울특별시 강서구 방화동 600-45 지층 02호", "TYPE": "주택", "TYPE2": "재난지원금" }, "geometry": { "type": "Polygon", "coordinates": [ [ [ 126.810402048649266, 37.567454096741962 ], [ 126.810550469929225, 37.567456183923689 ], [ 126.810550822598799, 37.567331334718268 ], [ 126.81052115654802, 37.567330899306704 ], [ 126.810403726640715, 37.567333385213132 ], [ 126.810401515316812, 37.567423606477099 ], [ 126.810402048649266, 37.567454096741962 ] ] ] } },
{ "type": "Feature", "properties": { "PNU": 1.150010900106e+18, "피해위치(": "서울특별시 강서구 방화동 600-36 B02호", "피해일시": "20250823 - 1034", "F_SHIM": 0.0, "F_AREA": 138.1259523, "F_AVR_HGT": 9.7036362, "ADM_CD": 1150010900, "F_YR": "2025", "F_ZONE_NM": "서울특별시 강서구 방화동 600-36 B02호", "TYPE": "주택", "TYPE2": "재난지원금" }, "geometry": { "type": "Polygon", "coordinates": [ [ [ 126.810619770174398, 37.567507427008024 ], [ 126.810766598811426, 37.567503808095097 ], [ 126.810764970867439, 37.567409805486463 ], [ 126.810618129548502, 37.567409595182149 ], [ 126.810619770174398, 37.567507427008024 ] ] ] } },
{ "type": "Feature", "properties": { "PNU": 1.1500109001059601e+18, "피해위치(": "서울특별시 강서구 방화동 596-19 지층 2호", "피해일시": "20250813 - 1100", "F_SHIM": 0.0, "F_AREA": 135.9829051, "F_AVR_HGT": 9.7036362, "ADM_CD": 1150010900, "F_YR": "2025", "F_ZONE_NM": "서울특별시 강서구 방화동 596-19 지층 2호", "TYPE": "주택", "TYPE2": "재난지원금" }, "geometry": { "type": "Polygon", "coordinates": [ [ [ 126.810958379253762, 37.567591982040582 ], [ 126.811095754174048, 37.567584878659744 ], [ 126.811090061211715, 37.567566885776635 ], [ 126.811061572426453, 37.567477461909604 ], [ 126.810949240311089, 37.567482650532867 ], [ 126.810946394114154, 37.567502431614301 ], [ 126.810957375498418, 37.567577222252964 ], [ 126.810958379253762, 37.567591982040582 ] ] ] } },
{ "type": "Feature", "properties": { "PNU": 1.150010900106e+18, "피해위치(": "서울특별시 강서구 방화동 600-47 지층", "피해일시": "20250909 - 1430", "F_SHIM": 0.0, "F_AREA": 129.2580723, "F_AVR_HGT": 8.5925674, "ADM_CD": 1150010900, "F_YR": "2025", "F_ZONE_NM": "서울특별시 강서구 방화동 600-47 지층", "TYPE": "주택", "TYPE2": "재난지원금" }, "geometry": { "type": "Polygon", "coordinates": [ [ [ 126.810253352743956, 37.567510726253829 ], [ 126.810401691031217, 37.567514327146455 ], [ 126.810402048649266, 37.567454096741962 ], [ 126.810401515316812, 37.567423606477099 ], [ 126.81025264552467, 37.567424311441435 ], [ 126.810253352743956, 37.567510726253829 ] ] ] } },
{ "type": "Feature", "properties": { "PNU": 1.150010900106e+18, "피해위치(": "서울특별시 강서구 방화동 600-32 지층 좌측", "피해일시": "20250813 - 1104", "F_SHIM": 0.0, "F_AREA": 124.1114223, "F_AVR_HGT": 9.7036362, "ADM_CD": 1150010900, "F_YR": "2025", "F_ZONE_NM": "서울특별시 강서구 방화동 600-32 지층 좌측", "TYPE": "주택", "TYPE2": "재난지원금" }, "geometry": { "type": "Polygon", "coordinates": [ [ [ 126.810813835675759, 37.567414037974565 ], [ 126.810949114252992, 37.567412166112518 ], [ 126.810949458570178, 37.567405859758885 ], [ 126.810950435651634, 37.567320006278777 ], [ 126.81081315702086, 37.567320604520276 ], [ 126.810813835675759, 37.567414037974565 ] ] ] } },
{ "type": "Feature", "properties": { "PNU": 1.1500109001058801e+18, "피해위치(": "서울특별시 강서구 방화동 588-19 지층", "피해일시": "20250821 - 1745", "F_SHIM": 0.0, "F_AREA": 133.0148562, "F_AVR_HGT": 8.5545378, "ADM_CD": 1150010900, "F_YR": "2025", "F_ZONE_NM": "서울특별시 강서구 방화동 588-19 지층", "TYPE": "주택", "TYPE2": "재난지원금" }, "geometry": { "type": "Polygon", "coordinates": [ [ [ 126.8088563971464, 37.567362684267152 ], [ 126.808983626155651, 37.567357071435161 ], [ 126.808978858973859, 37.567256648655025 ], [ 126.808972941379082, 37.567251377240311 ], [ 126.808851478102156, 37.567255368683469 ], [ 126.8088563971464, 37.567362684267152 ] ] ] } },
{ "type": "Feature", "properties": { "PNU": 1.1500109001058801e+18, "피해위치(": "서울특별시 강서구 방화동 588-22 지층", "피해일시": "20250813 - 1100", "F_SHIM": 0.0, "F_AREA": 92.9992055, "F_AVR_HGT": 8.5545378, "ADM_CD": 1150010900, "F_YR": "2025", "F_ZONE_NM": "서울특별시 강서구 방화동 588-22 지층", "TYPE": "주택", "TYPE2": "재난지원금" }, "geometry": { "type": "Polygon", "coordinates": [ [ [ 126.80896800047779, 37.567174478946974 ], [ 126.808964147039518, 37.567097258070618 ], [ 126.808843093907683, 37.56710031314789 ], [ 126.808847495862949, 37.567179859469732 ], [ 126.80896800047779, 37.567174478946974 ] ] ] } },
{ "type": "Feature", "properties": { "PNU": 1.1380107001057801e+18, "피해위치(": "서울특별시 은평구 응암동 578-48 오른쪽", "피해일시": "20250813 - 1200", "F_SHIM": 0.0, "F_AREA": 133.5340176, "F_AVR_HGT": 16.2272125, "ADM_CD": 1138010700, "F_YR": "2025", "F_ZONE_NM": "서울특별시 은평구 응암동 578-48 오른쪽", "TYPE": "주택", "TYPE2": "재난지원금" }, "geometry": { "type": "Polygon", "coordinates": [ [ [ 126.917533943200198, 37.592145936495562 ], [ 126.917517382854172, 37.592071052914292 ], [ 126.917354779598057, 37.592078235060946 ], [ 126.917368833147634, 37.592166992036248 ], [ 126.917533943200198, 37.592145936495562 ] ] ] } },
{ "type": "Feature", "properties": { "PNU": 1.13801070010577e+18, "피해위치(": "서울특별시 은평구 응암동 577-1 지층", "피해일시": "20250813 - 1200", "F_SHIM": 0.0, "F_AREA": 192.3871908, "F_AVR_HGT": 14.6851545, "ADM_CD": 1138010700, "F_YR": "2025", "F_ZONE_NM": "서울특별시 은평구 응암동 577-1 지층", "TYPE": "소상공인", "TYPE2": "재난지원금" }, "geometry": { "type": "Polygon", "coordinates": [ [ [ 126.91746724286817, 37.591801604881297 ], [ 126.917446434135883, 37.591708815700841 ], [ 126.917386775107289, 37.591718494816014 ], [ 126.917347364124524, 37.591725494397821 ], [ 126.917348152656487, 37.591729098897652 ], [ 126.917236152644065, 37.591745236699751 ], [ 126.917257565973941, 37.591833818751148 ], [ 126.91746724286817, 37.591801604881297 ] ] ] } },
{ "type": "Feature", "properties": { "PNU": 1.1380103001035601e+18, "피해위치(": "서울특별시 은평구 불광동 356-10 지하 좌측호", "피해일시": "20250813 - 1200", "F_SHIM": 0.0, "F_AREA": 105.2857402, "F_AVR_HGT": 31.8650719, "ADM_CD": 1138010300, "F_YR": "2025", "F_ZONE_NM": "서울특별시 은평구 불광동 356-10 지하 좌측호", "TYPE": "소상공인", "TYPE2": "재난지원금" }, "geometry": { "type": "Polygon", "coordinates": [ [ [ 126.925875131027325, 37.621434486375421 ], [ 126.925985066000877, 37.621486363135865 ], [ 126.926034977437979, 37.621415578055498 ], [ 126.925930484706385, 37.621358659339776 ], [ 126.925882618224833, 37.621423409122244 ], [ 126.925875131027325, 37.621434486375421 ] ] ] } },
{ "type": "Feature", "properties": { "PNU": 1.1380103001035601e+18, "피해위치(": "서울특별시 은평구 불광동 356-26", "피해일시": "20250813 - 1200", "F_SHIM": 0.0, "F_AREA": 74.5915884, "F_AVR_HGT": 31.8650719, "ADM_CD": 1138010300, "F_YR": "2025", "F_ZONE_NM": "서울특별시 은평구 불광동 356-26", "TYPE": "소상공인", "TYPE2": "재난지원금" }, "geometry": { "type": "Polygon", "coordinates": [ [ [ 126.926003399537677, 37.621502772702769 ], [ 126.926066443906976, 37.621550655059721 ], [ 126.926125082831149, 37.621474379544836 ], [ 126.926058072957318, 37.621427485760712 ], [ 126.926003399537677, 37.621502772702769 ] ] ] } },
{ "type": "Feature", "properties": { "PNU": 1.1380103001035601e+18, "피해위치(": "서울특별시 은평구 불광동 356-20 지층", "피해일시": "20250813 - 1200", "F_SHIM": 0.0, "F_AREA": 228.1229436, "F_AVR_HGT": 31.8650719, "ADM_CD": 1138010300, "F_YR": "2025", "F_ZONE_NM": "서울특별시 은평구 불광동 356-20 지층", "TYPE": "소상공인", "TYPE2": "재난지원금" }, "geometry": { "type": "Polygon", "coordinates": [ [ [ 126.925565022226493, 37.621404104358952 ], [ 126.92557591175752, 37.621388974905599 ], [ 126.925617543295544, 37.621329356822471 ], [ 126.925681743722606, 37.621242363441404 ], [ 126.925558767741308, 37.62120552436712 ], [ 126.925546515577977, 37.621223986567756 ], [ 126.925503414349251, 37.621280810642553 ], [ 126.925449534393323, 37.621355106762927 ], [ 126.925565022226493, 37.621404104358952 ] ] ] } },
{ "type": "Feature", "properties": { "PNU": 1.1380103001035601e+18, "피해위치(": "서울특별시 은평구 불광동 356-19 지하1층", "피해일시": "20250813 - 1200", "F_SHIM": 0.0, "F_AREA": 224.2129618, "F_AVR_HGT": 31.8650719, "ADM_CD": 1138010300, "F_YR": "2025", "F_ZONE_NM": "서울특별시 은평구 불광동 356-19 지하1층", "TYPE": "소상공인", "TYPE2": "재난지원금" }, "geometry": { "type": "Polygon", "coordinates": [ [ [ 126.92557591175752, 37.621388974905599 ], [ 126.925688679910195, 37.621439232001947 ], [ 126.92579859235245, 37.621289830018497 ], [ 126.925758632730577, 37.621264757130369 ], [ 126.925681743722606, 37.621242363441404 ], [ 126.925617543295544, 37.621329356822471 ], [ 126.92557591175752, 37.621388974905599 ] ] ] } },
{ "type": "Feature", "properties": { "PNU": 1.13801040010461e+18, "피해위치(": "서울특별시 은평구 갈현동 461-1 영보빌딩 지하1층", "피해일시": "20250813 - 1200", "F_SHIM": 0.0, "F_AREA": 507.6328014, "F_AVR_HGT": 23.4634567, "ADM_CD": 1138010400, "F_YR": "2025", "F_ZONE_NM": "서울특별시 은평구 갈현동 461-1 영보빌딩 지하1층", "TYPE": "소상공인", "TYPE2": "재난지원금" }, "geometry": { "type": "Polygon", "coordinates": [ [ [ 126.918370414880471, 37.616514770343272 ], [ 126.918563849573601, 37.616432376652249 ], [ 126.918578847043634, 37.616390491595915 ], [ 126.918478437194096, 37.61623833545778 ], [ 126.918250554526708, 37.616335030302331 ], [ 126.918370414880471, 37.616514770343272 ] ] ] } },
{ "type": "Feature", "properties": { "PNU": 1.1380103001031e+18, "피해위치(": "서울특별시 은평구 불광동 310-89 310-95, 은풍신발", "피해일시": "20250813 - 1200", "F_SHIM": 0.0, "F_AREA": 30.0322304, "F_AVR_HGT": 27.2451797, "ADM_CD": 1138010300, "F_YR": "2025", "F_ZONE_NM": "서울특별시 은평구 불광동 310-89 310-95, 은풍신발", "TYPE": "소상공인", "TYPE2": "재난지원금" }, "geometry": { "type": "Polygon", "coordinates": [ [ [ 126.921330830901582, 37.619225130044512 ], [ 126.921378749345976, 37.619240965787959 ], [ 126.921401741456492, 37.619200139968171 ], [ 126.921342115416337, 37.619180214840036 ], [ 126.921321449061622, 37.61920698693811 ], [ 126.921312193438325, 37.619218972693979 ], [ 126.921330830901582, 37.619225130044512 ] ] ] } },
{ "type": "Feature", "properties": { "PNU": 1.1380103001031e+18, "피해위치(": "서울특별시 은평구 불광동 310-11 1층 장수떡집", "피해일시": "20250813 - 1200", "F_SHIM": 0.0, "F_AREA": 69.0301925, "F_AVR_HGT": 27.6662003, "ADM_CD": 1138010300, "F_YR": "2025", "F_ZONE_NM": "서울특별시 은평구 불광동 310-11 1층 장수떡집", "TYPE": "소상공인", "TYPE2": "재난지원금" }, "geometry": { "type": "Polygon", "coordinates": [ [ [ 126.921330830901582, 37.619225130044512 ], [ 126.921303663749526, 37.619230012913306 ], [ 126.921306272564451, 37.619226636010914 ], [ 126.921295663080684, 37.619223078937132 ], [ 126.921289050509188, 37.619231444547538 ], [ 126.921299920551093, 37.619234965759823 ], [ 126.92145821593644, 37.619285978637592 ], [ 126.921498976857848, 37.619300863446817 ], [ 126.921635081306874, 37.619342950343757 ], [ 126.921648669738431, 37.619325390428216 ], [ 126.921641739984537, 37.619323223385443 ], [ 126.921603060193064, 37.619311124063614 ], [ 126.921570336435707, 37.619300830724683 ], [ 126.921534895167113, 37.619289661584027 ], [ 126.921508738974197, 37.619281291766868 ], [ 126.921506723481102, 37.61928064169463 ], [ 126.921499000987694, 37.619278347968759 ], [ 126.921439101882967, 37.619259476851532 ], [ 126.921412333885016, 37.619251268774249 ], [ 126.921378749345976, 37.619240965787959 ], [ 126.921330830901582, 37.619225130044512 ] ] ] } },
{ "type": "Feature", "properties": { "PNU": 1.13801060010222e+18, "피해위치(": "서울특별시 은평구 대조동 222-20 지층", "피해일시": "20250813 - 1200", "F_SHIM": 0.0, "F_AREA": 251.6732, "F_AVR_HGT": 22.1767403, "ADM_CD": 1138010600, "F_YR": "2025", "F_ZONE_NM": "서울특별시 은평구 대조동 222-20 지층", "TYPE": "소상공인", "TYPE2": "재난지원금" }, "geometry": { "type": "Polygon", "coordinates": [ [ [ 126.918067227553223, 37.613453744327025 ], [ 126.918046629944556, 37.61333831408713 ], [ 126.917863127382347, 37.613357284952329 ], [ 126.917827524261995, 37.613392488068946 ], [ 126.917840682309716, 37.613475838146165 ], [ 126.918067227553223, 37.613453744327025 ] ] ] } },
{ "type": "Feature", "properties": { "PNU": 1.14701010011183e+18, "피해위치(": "서울 양천구 신정3동 1183-14번지 한 건물 전체", "피해일시": "20250708", "F_SHIM": 0.0, "F_AREA": 388.0623887, "F_AVR_HGT": 14.9268206, "ADM_CD": 1147010100, "F_YR": "2025", "F_ZONE_NM": "서울 양천구 신정3동 1183-14번지 한 건물 전체", "TYPE": "주택", "TYPE2": "풍수해보험금" }, "geometry": { "type": "Polygon", "coordinates": [ [ [ 126.853226487532552, 37.519037832675906 ], [ 126.853276596538677, 37.518924460300639 ], [ 126.852959810423982, 37.518839639074642 ], [ 126.852911291422345, 37.518949589536106 ], [ 126.853226487532552, 37.519037832675906 ] ] ] } },
{ "type": "Feature", "properties": { "PNU": 1.13801020010034e+18, "피해위치(": "서울특별시 은평구 녹번동 34-2 1층 102호", "피해일시": "20250813 - 1200", "F_SHIM": 0.0, "F_AREA": 255.5963284, "F_AVR_HGT": 44.5530258, "ADM_CD": 1138010200, "F_YR": "2025", "F_ZONE_NM": "서울특별시 은평구 녹번동 34-2 1층 102호", "TYPE": "소상공인", "TYPE2": "재난지원금" }, "geometry": { "type": "Polygon", "coordinates": [ [ [ 126.934628828454365, 37.604213191927641 ], [ 126.934633848150241, 37.604172019869303 ], [ 126.934651934765256, 37.604082112056759 ], [ 126.934635525389467, 37.604069489002846 ], [ 126.934625460051393, 37.604054346791173 ], [ 126.934509144341746, 37.604067795548566 ], [ 126.934493589712645, 37.604112295255668 ], [ 126.934455428629761, 37.604109120139356 ], [ 126.934436661566593, 37.604199838418829 ], [ 126.934433711260127, 37.604206413914625 ], [ 126.934618523616024, 37.604212555399229 ], [ 126.934628828454365, 37.604213191927641 ] ] ] } },
{ "type": "Feature", "properties": { "PNU": 1.13801070010074e+18, "피해위치(": "서울특별시 은평구 응암동 74-3 지층", "피해일시": "20250813 - 1200", "F_SHIM": 0.0, "F_AREA": 343.2445103, "F_AVR_HGT": 29.2084251, "ADM_CD": 1138010700, "F_YR": "2025", "F_ZONE_NM": "서울특별시 은평구 응암동 74-3 지층", "TYPE": "소상공인", "TYPE2": "재난지원금" }, "geometry": { "type": "Polygon", "coordinates": [ [ [ 126.930495524089196, 37.601173041547227 ], [ 126.930666752610719, 37.601153539068264 ], [ 126.93063871430401, 37.600950278482877 ], [ 126.930472891473244, 37.600965973017772 ], [ 126.930495524089196, 37.601173041547227 ] ] ] } },
{ "type": "Feature", "properties": { "PNU": 1.15001010010241e+18, "피해위치(": "서울특별시 강서구 염창동 241-31 B01호 바비디", "피해일시": "20250813 - 0930", "F_SHIM": 0.0, "F_AREA": 222.9634485, "F_AVR_HGT": 14.2962313, "ADM_CD": 1150010100, "F_YR": "2025", "F_ZONE_NM": "서울특별시 강서구 염창동 241-31 B01호 바비디", "TYPE": "소상공인", "TYPE2": "재난지원금" }, "geometry": { "type": "Polygon", "coordinates": [ [ [ 126.865641618635536, 37.555366091735202 ], [ 126.865743103730665, 37.555445225255589 ], [ 126.865866645867996, 37.555343555426987 ], [ 126.865797689623122, 37.555237700013933 ], [ 126.865669273977758, 37.555343328519562 ], [ 126.865641618635536, 37.555366091735202 ] ] ] } },
{ "type": "Feature", "properties": { "PNU": 1.1500108001001201e+18, "피해위치(": "서울특별시 강서구 공항동 12-69 b01호", "피해일시": "20250821 - 2114", "F_SHIM": 0.0, "F_AREA": 121.4874284, "F_AVR_HGT": 10.6254168, "ADM_CD": 1150010800, "F_YR": "2025", "F_ZONE_NM": "서울특별시 강서구 공항동 12-69 b01호", "TYPE": "주택", "TYPE2": "재난지원금" }, "geometry": { "type": "Polygon", "coordinates": [ [ [ 126.81500563043133, 37.561827818069681 ], [ 126.815017213104483, 37.561748954868392 ], [ 126.81502039610821, 37.561707045934995 ], [ 126.814935363118991, 37.561702325564873 ], [ 126.814894103136567, 37.561799720226936 ], [ 126.814891838891171, 37.561818114822444 ], [ 126.814963647381376, 37.561824832543117 ], [ 126.81500563043133, 37.561827818069681 ] ] ] } },
{ "type": "Feature", "properties": { "PNU": 1.1500103001036701e+18, "피해위치(": "서울특별시 강서구 화곡동 367-107 지층 2호", "피해일시": "20250821 - 1456", "F_SHIM": 0.0, "F_AREA": 167.9684922, "F_AVR_HGT": 26.7504616, "ADM_CD": 1150010300, "F_YR": "2025", "F_ZONE_NM": "서울특별시 강서구 화곡동 367-107 지층 2호", "TYPE": "주택", "TYPE2": "재난지원금" }, "geometry": { "type": "Polygon", "coordinates": [ [ [ 126.841158353498315, 37.53678455793608 ], [ 126.841192375100093, 37.536732094303943 ], [ 126.841204505520921, 37.536710306760568 ], [ 126.841154185211536, 37.536691587905828 ], [ 126.841018215375087, 37.536641001698392 ], [ 126.840986007757323, 37.536691710812114 ], [ 126.840971226546586, 37.536714972356712 ], [ 126.841158353498315, 37.53678455793608 ] ] ] } },
{ "type": "Feature", "properties": { "PNU": 1.15001030011131e+18, "피해위치(": "서울특별시 강서구 화곡동 1131 지층 1호", "피해일시": "20250813 - 1100", "F_SHIM": 0.0, "F_AREA": 207.9740963, "F_AVR_HGT": 23.2805023, "ADM_CD": 1150010300, "F_YR": "2025", "F_ZONE_NM": "서울특별시 강서구 화곡동 1131 지층 1호", "TYPE": "주택", "TYPE2": "재난지원금" }, "geometry": { "type": "Polygon", "coordinates": [ [ [ 126.854180742510025, 37.552252672554253 ], [ 126.854140092776206, 37.552177938772452 ], [ 126.854087846158706, 37.552165043456291 ], [ 126.853941708367216, 37.552219118522459 ], [ 126.853995997337535, 37.552315439110544 ], [ 126.854180742510025, 37.552252672554253 ] ] ] } },
{ "type": "Feature", "properties": { "PNU": 1.1500102001052401e+18, "피해위치(": "서울특별시 강서구 등촌동 524-16 5호", "피해일시": "20250909 - 1136", "F_SHIM": 0.0, "F_AREA": 118.7809618, "F_AVR_HGT": 21.3727016, "ADM_CD": 1150010200, "F_YR": "2025", "F_ZONE_NM": "서울특별시 강서구 등촌동 524-16 5호", "TYPE": "주택", "TYPE2": "재난지원금" }, "geometry": { "type": "Polygon", "coordinates": [ [ [ 126.861475176813812, 37.546260204563161 ], [ 126.861541325442204, 37.546219873547507 ], [ 126.861522762816847, 37.546161845747335 ], [ 126.861505746693012, 37.546105847006935 ], [ 126.861436278856729, 37.546148183276024 ], [ 126.861393453568198, 37.546175675760466 ], [ 126.861475176813812, 37.546260204563161 ] ] ] } },
{ "type": "Feature", "properties": { "PNU": 1.1500108001066001e+18, "피해위치(": "서울특별시 강서구 공항동 660-2 B102호", "피해일시": "20250823 - 1112", "F_SHIM": 0.0, "F_AREA": 165.482249, "F_AVR_HGT": 8.9457016, "ADM_CD": 1150010800, "F_YR": "2025", "F_ZONE_NM": "서울특별시 강서구 공항동 660-2 B102호", "TYPE": "주택", "TYPE2": "재난지원금" }, "geometry": { "type": "Polygon", "coordinates": [ [ [ 126.81599586588554, 37.557940316279449 ], [ 126.815992721982454, 37.557820660055206 ], [ 126.815851721557863, 37.557823051295209 ], [ 126.815854831506442, 37.557942617370649 ], [ 126.81599586588554, 37.557940316279449 ] ] ] } },
{ "type": "Feature", "properties": { "PNU": 1.1500108001001201e+18, "피해위치(": "서울특별시 강서구 공항동 12-38 102호", "피해일시": "20250813 - 2107", "F_SHIM": 0.0, "F_AREA": 238.8185757, "F_AVR_HGT": 9.5066624, "ADM_CD": 1150010800, "F_YR": "2025", "F_ZONE_NM": "서울특별시 강서구 공항동 12-38 102호", "TYPE": "주택", "TYPE2": "재난지원금" }, "geometry": { "type": "Polygon", "coordinates": [ [ [ 126.815850057351668, 37.561919355855885 ], [ 126.815860270966553, 37.561835399837207 ], [ 126.815825591258275, 37.561831146697706 ], [ 126.815775401463767, 37.561828572017127 ], [ 126.81570649032173, 37.561817309360364 ], [ 126.815625026493635, 37.561788160309504 ], [ 126.81560753052625, 37.561787375932759 ], [ 126.815592485680057, 37.561902444446844 ], [ 126.815713198879465, 37.5619097252439 ], [ 126.815850057351668, 37.561919355855885 ] ] ] } },
{ "type": "Feature", "properties": { "PNU": 1.1500108001001201e+18, "피해위치(": "서울특별시 강서구 공항동 12-42", "피해일시": "20250813 - 1149", "F_SHIM": 0.0, "F_AREA": 102.2082146, "F_AVR_HGT": 9.5066624, "ADM_CD": 1150010800, "F_YR": "2025", "F_ZONE_NM": "서울특별시 강서구 공항동 12-42", "TYPE": "주택", "TYPE2": "재난지원금" }, "geometry": { "type": "Polygon", "coordinates": [ [ [ 126.815850057351668, 37.561919355855885 ], [ 126.815976164587212, 37.561928572980293 ], [ 126.815985565022999, 37.561848426852073 ], [ 126.815860270966553, 37.561835399837207 ], [ 126.815850057351668, 37.561919355855885 ] ] ] } },
{ "type": "Feature", "properties": { "PNU": 1.1500108001001201e+18, "피해위치(": "서울특별시 강서구 공항동 12-72 b01호", "피해일시": "20250813 - 1100", "F_SHIM": 0.0, "F_AREA": 160.1424108, "F_AVR_HGT": 10.6254168, "ADM_CD": 1150010800, "F_YR": "2025", "F_ZONE_NM": "서울특별시 강서구 공항동 12-72 b01호", "TYPE": "주택", "TYPE2": "재난지원금" }, "geometry": { "type": "Polygon", "coordinates": [ [ [ 126.815303239554908, 37.561724322806612 ], [ 126.815414577727594, 37.561728363585956 ], [ 126.815425309182046, 37.561577456000059 ], [ 126.815389915075741, 37.561578355258057 ], [ 126.815304765031286, 37.5615979796655 ], [ 126.815303239554908, 37.561724322806612 ] ] ] } },
{ "type": "Feature", "properties": { "PNU": 1.1500108001001201e+18, "피해위치(": "서울특별시 강서구 공항동 12-73 지층 2호", "피해일시": "20250813 - 1100", "F_SHIM": 0.0, "F_AREA": 128.8520429, "F_AVR_HGT": 10.6254168, "ADM_CD": 1150010800, "F_YR": "2025", "F_ZONE_NM": "서울특별시 강서구 공항동 12-73 지층 2호", "TYPE": "주택", "TYPE2": "재난지원금" }, "geometry": { "type": "Polygon", "coordinates": [ [ [ 126.815184021295281, 37.561716800683044 ], [ 126.815303239554908, 37.561724322806612 ], [ 126.815304765031286, 37.5615979796655 ], [ 126.815226235928236, 37.561617659507277 ], [ 126.815183305864949, 37.561617771963419 ], [ 126.815184021295281, 37.561716800683044 ] ] ] } },
{ "type": "Feature", "properties": { "PNU": 1.15001080010664e+18, "피해위치(": "서울특별시 강서구 공항동 664-10", "피해일시": "20250813 - 1143", "F_SHIM": 0.0, "F_AREA": 169.5933624, "F_AVR_HGT": 8.3102736, "ADM_CD": 1150010800, "F_YR": "2025", "F_ZONE_NM": "서울특별시 강서구 공항동 664-10", "TYPE": "주택", "TYPE2": "재난지원금" }, "geometry": { "type": "Polygon", "coordinates": [ [ [ 126.814444340965423, 37.556810821640937 ], [ 126.81458434336524, 37.556808520597905 ], [ 126.814581030133638, 37.556685079894756 ], [ 126.81456790153463, 37.556685239307107 ], [ 126.814441027964662, 37.556687380934505 ], [ 126.814444340965423, 37.556810821640937 ] ] ] } },
{ "type": "Feature", "properties": { "PNU": 1.15001050011263e+18, "피해위치(": "서울특별시 강서구 마곡동 1263", "피해일시": "20250813 - 1101", "F_SHIM": 0.0, "F_AREA": 203.3123312, "F_AVR_HGT": 11.2026758, "ADM_CD": 1150010500, "F_YR": "2025", "F_ZONE_NM": "서울특별시 강서구 마곡동 1263", "TYPE": "주택", "TYPE2": "재난지원금" }, "geometry": { "type": "Polygon", "coordinates": [ [ [ 126.817733364828626, 37.572243083636543 ], [ 126.817707644416572, 37.572280704826682 ], [ 126.817745026212847, 37.572302152437828 ], [ 126.81791957158913, 37.572249094619316 ], [ 126.817919300024187, 37.572147598077457 ], [ 126.817817852397482, 37.572147593439112 ], [ 126.817733364828626, 37.572243083636543 ] ] ] } },
{ "type": "Feature", "properties": { "PNU": 1.15001080010689e+18, "피해위치(": "서울특별시 강서구 공항동 689-6 지층2호", "피해일시": "20250813 - 1139", "F_SHIM": 0.0, "F_AREA": 170.9824117, "F_AVR_HGT": 9.111845, "ADM_CD": 1150010800, "F_YR": "2025", "F_ZONE_NM": "서울특별시 강서구 공항동 689-6 지층2호", "TYPE": "주택", "TYPE2": "재난지원금" }, "geometry": { "type": "Polygon", "coordinates": [ [ [ 126.811319453612541, 37.556778439417535 ], [ 126.811416033671819, 37.556850854240437 ], [ 126.811557998439142, 37.55674431555331 ], [ 126.81154962815458, 37.556742500109834 ], [ 126.811527457533657, 37.556737959495415 ], [ 126.811506313943369, 37.556730086871333 ], [ 126.811485170815146, 37.556722034046423 ], [ 126.811465048543042, 37.556713081872182 ], [ 126.811445946898644, 37.556703320447596 ], [ 126.811435751949389, 37.556698060281953 ], [ 126.811319453612541, 37.556778439417535 ] ] ] } },
{ "type": "Feature", "properties": { "PNU": 1.1500108001006001e+18, "피해위치(": "서울특별시 강서구 공항동 60-93 지층 102호", "피해일시": "20250822 - 2038", "F_SHIM": 0.0, "F_AREA": 151.8817682, "F_AVR_HGT": 12.8166142, "ADM_CD": 1150010800, "F_YR": "2025", "F_ZONE_NM": "서울특별시 강서구 공항동 60-93 지층 102호", "TYPE": "주택", "TYPE2": "재난지원금" }, "geometry": { "type": "Polygon", "coordinates": [ [ [ 126.809589217467675, 37.559529573998752 ], [ 126.809631633393892, 37.559482332044219 ], [ 126.809679188785722, 37.559447856418046 ], [ 126.809737197114273, 37.559406379052263 ], [ 126.80974196783994, 37.559381988038531 ], [ 126.809605727795812, 37.559362818897903 ], [ 126.809578862750683, 37.559414419877712 ], [ 126.809566315404908, 37.559439284776353 ], [ 126.809560784016128, 37.559477811051764 ], [ 126.809589217467675, 37.559529573998752 ] ] ] } },
{ "type": "Feature", "properties": { "PNU": 1.15001080010041e+18, "피해위치(": "서울특별시 강서구 공항동 41-34 102호", "피해일시": "20250813 - 1141", "F_SHIM": 0.0, "F_AREA": 126.3723363, "F_AVR_HGT": 9.3056393, "ADM_CD": 1150010800, "F_YR": "2025", "F_ZONE_NM": "서울특별시 강서구 공항동 41-34 102호", "TYPE": "주택", "TYPE2": "재난지원금" }, "geometry": { "type": "Polygon", "coordinates": [ [ [ 126.812021071046573, 37.559672686548382 ], [ 126.811975757268925, 37.559644710209909 ], [ 126.811936296997956, 37.559620356215426 ], [ 126.811901063402914, 37.559598459683471 ], [ 126.811859534004341, 37.559644766850091 ], [ 126.811835141707817, 37.559668000194122 ], [ 126.811946170754808, 37.559739167369976 ], [ 126.812021071046573, 37.559672686548382 ] ] ] } },
{ "type": "Feature", "properties": { "PNU": 1.1500106001067401e+18, "피해위치(": "서울특별시 강서구 내발산동 674-36 지층 2호", "피해일시": "20250813 - 1100", "F_SHIM": 0.0, "F_AREA": 199.4258227, "F_AVR_HGT": 23.9755993, "ADM_CD": 1150010600, "F_YR": "2025", "F_ZONE_NM": "서울특별시 강서구 내발산동 674-36 지층 2호", "TYPE": "주택", "TYPE2": "재난지원금" }, "geometry": { "type": "Polygon", "coordinates": [ [ [ 126.840756929687871, 37.553279136883837 ], [ 126.84095921724942, 37.553253733907525 ], [ 126.840983862005316, 37.553213132783178 ], [ 126.840947870236278, 37.553162268031741 ], [ 126.84074048781676, 37.553188835338865 ], [ 126.840756929687871, 37.553279136883837 ] ] ] } },
{ "type": "Feature", "properties": { "PNU": 1.15001060010675e+18, "피해위치(": "서울특별시 강서구 내발산동 675-15 B02호", "피해일시": "20250813 - 1144", "F_SHIM": 0.0, "F_AREA": 188.3080748, "F_AVR_HGT": 15.2812843, "ADM_CD": 1150010600, "F_YR": "2025", "F_ZONE_NM": "서울특별시 강서구 내발산동 675-15 B02호", "TYPE": "주택", "TYPE2": "재난지원금" }, "geometry": { "type": "Polygon", "coordinates": [ [ [ 126.838594616430441, 37.5531769202288 ], [ 126.838574720891813, 37.553057565712912 ], [ 126.838451955986784, 37.553072920295591 ], [ 126.838416581090414, 37.553077358367595 ], [ 126.838437597045157, 37.553196579308405 ], [ 126.838493902633189, 37.553189521219558 ], [ 126.838594616430441, 37.5531769202288 ] ] ] } },
{ "type": "Feature", "properties": { "PNU": 1.1500109001055601e+18, "피해위치(": "서울특별시 강서구 방화동 556-12 101호", "피해일시": "20250814 - 1100", "F_SHIM": 0.0, "F_AREA": 184.1961956, "F_AVR_HGT": 11.1325579, "ADM_CD": 1150010900, "F_YR": "2025", "F_ZONE_NM": "서울특별시 강서구 방화동 556-12 101호", "TYPE": "주택", "TYPE2": "재난지원금" }, "geometry": { "type": "Polygon", "coordinates": [ [ [ 126.809520920314242, 37.571951293669557 ], [ 126.809676931273927, 37.57195471875044 ], [ 126.809680699534056, 37.571800719276482 ], [ 126.809680711986033, 37.571800277813395 ], [ 126.80952232861712, 37.571865693247211 ], [ 126.809520920314242, 37.571951293669557 ] ] ] } },
{ "type": "Feature", "properties": { "PNU": 1.15001060010651e+18, "피해위치(": "서울특별시 강서구 내발산동 651-3 나동 지층 2호", "피해일시": "20250813 - 1100", "F_SHIM": 0.0, "F_AREA": 577.9576575, "F_AVR_HGT": 10.5649099, "ADM_CD": 1150010600, "F_YR": "2025", "F_ZONE_NM": "서울특별시 강서구 내발산동 651-3 나동 지층 2호", "TYPE": "주택", "TYPE2": "재난지원금" }, "geometry": { "type": "Polygon", "coordinates": [ [ [ 126.841056908021159, 37.557569965760322 ], [ 126.841208142701149, 37.557554944470027 ], [ 126.841176753981884, 37.557361910013121 ], [ 126.841202676627105, 37.557359332343353 ], [ 126.841174207935637, 37.557176852425265 ], [ 126.841016068796151, 37.557192594089919 ], [ 126.841044650301939, 37.557375065188722 ], [ 126.841025746035854, 37.55737693157225 ], [ 126.841056908021159, 37.557569965760322 ] ] ] } },
{ "type": "Feature", "properties": { "PNU": 1.15001060010651e+18, "피해위치(": "서울특별시 강서구 내발산동 651-4 마동 지층 1호", "피해일시": "20250813 - 1100", "F_SHIM": 0.0, "F_AREA": 290.7619829, "F_AVR_HGT": 10.5649099, "ADM_CD": 1150010600, "F_YR": "2025", "F_ZONE_NM": "서울특별시 강서구 내발산동 651-4 마동 지층 1호", "TYPE": "주택", "TYPE2": "재난지원금" }, "geometry": { "type": "Polygon", "coordinates": [ [ [ 126.841208142701149, 37.557554944470027 ], [ 126.841284722316146, 37.557547290899798 ], [ 126.841359377513911, 37.55753983288723 ], [ 126.841327875042907, 37.55734688841423 ], [ 126.841202676627105, 37.557359332343353 ], [ 126.841176753981884, 37.557361910013121 ], [ 126.841208142701149, 37.557554944470027 ] ] ] } },
{ "type": "Feature", "properties": { "PNU": 1.15001060010651e+18, "피해위치(": "서울특별시 강서구 내발산동 651-9 지층 2호", "피해일시": "20250813 - 1100", "F_SHIM": 0.0, "F_AREA": 133.8739983, "F_AVR_HGT": 10.5649099, "ADM_CD": 1150010600, "F_YR": "2025", "F_ZONE_NM": "서울특별시 강서구 내발산동 651-9 지층 2호", "TYPE": "주택", "TYPE2": "재난지원금" }, "geometry": { "type": "Polygon", "coordinates": [ [ [ 126.841921760667191, 37.557193542405898 ], [ 126.841912649386146, 37.557135497387577 ], [ 126.841868004450589, 37.557107776669625 ], [ 126.841751069993748, 37.557119421464215 ], [ 126.841765138032514, 37.557209359202702 ], [ 126.841921760667191, 37.557193542405898 ] ] ] } },
{ "type": "Feature", "properties": { "PNU": 1.15001060010651e+18, "피해위치(": "서울특별시 강서구 내발산동 651-13 다동 지층 1호", "피해일시": "20250813 - 1100", "F_SHIM": 0.0, "F_AREA": 287.3025815, "F_AVR_HGT": 10.5649099, "ADM_CD": 1150010600, "F_YR": "2025", "F_ZONE_NM": "서울특별시 강서구 내발산동 651-13 다동 지층 1호", "TYPE": "주택", "TYPE2": "재난지원금" }, "geometry": { "type": "Polygon", "coordinates": [ [ [ 126.841327875042907, 37.55734688841423 ], [ 126.841360816061453, 37.557343599439797 ], [ 126.841332233815479, 37.557161119404938 ], [ 126.841174207935637, 37.557176852425265 ], [ 126.841202676627105, 37.557359332343353 ], [ 126.841327875042907, 37.55734688841423 ] ] ] } },
{ "type": "Feature", "properties": { "PNU": 1.1500106001065101e+18, "피해위치(": "서울특별시 강서구 내발산동 651-17 지하1층", "피해일시": "20250813 - 1613", "F_SHIM": 0.0, "F_AREA": 244.832042, "F_AVR_HGT": 10.0298481, "ADM_CD": 1150010600, "F_YR": "2025", "F_ZONE_NM": "서울특별시 강서구 내발산동 651-17 지하1층", "TYPE": "소상공인", "TYPE2": "재난지원금" }, "geometry": { "type": "Polygon", "coordinates": [ [ [ 126.840634189211443, 37.557415862032741 ], [ 126.840723503614043, 37.557406973802351 ], [ 126.840768896638139, 37.557402440564651 ], [ 126.840740315639891, 37.557220041480434 ], [ 126.84060549536197, 37.557233462762873 ], [ 126.840634189211443, 37.557415862032741 ] ] ] } },
{ "type": "Feature", "properties": { "PNU": 1.15001050010327e+18, "피해위치(": "서울특별시 강서구 마곡동 327-26 한길자원환경", "피해일시": "20250813 - 1512", "F_SHIM": 0.0, "F_AREA": 306.7581838, "F_AVR_HGT": 12.22299, "ADM_CD": 1150010500, "F_YR": "2025", "F_ZONE_NM": "서울특별시 강서구 마곡동 327-26 한길자원환경", "TYPE": "소상공인", "TYPE2": "재난지원금" }, "geometry": { "type": "Polygon", "coordinates": [ [ [ 126.823384358808426, 37.572216498640501 ], [ 126.823513599697932, 37.572143839803786 ], [ 126.823619326108513, 37.572124844190071 ], [ 126.823320339893058, 37.57198605582132 ], [ 126.823321406763228, 37.571989625338247 ], [ 126.82335477292655, 37.572233834026171 ], [ 126.823384358808426, 37.572216498640501 ] ] ] } },
{ "type": "Feature", "properties": { "PNU": 1.1500106001070001e+18, "피해위치(": "서울특별시 강서구 내발산동 700-4 지층 1호", "피해일시": "20250813 - 1100", "F_SHIM": 0.0, "F_AREA": 111.8602912, "F_AVR_HGT": 14.1624184, "ADM_CD": 1150010600, "F_YR": "2025", "F_ZONE_NM": "서울특별시 강서구 내발산동 700-4 지층 1호", "TYPE": "주택", "TYPE2": "재난지원금" }, "geometry": { "type": "Polygon", "coordinates": [ [ [ 126.835109929027553, 37.551997224397262 ], [ 126.835109690692661, 37.551900818158764 ], [ 126.834991994433892, 37.551902003722553 ], [ 126.834992004089145, 37.551912923731926 ], [ 126.83499211744595, 37.551999310788226 ], [ 126.835109929027553, 37.551997224397262 ] ] ] } },
{ "type": "Feature", "properties": { "PNU": 1.1500106001067e+18, "피해위치(": "서울특별시 강서구 내발산동 670-10 지층", "피해일시": "20250813 - 1139", "F_SHIM": 0.0, "F_AREA": 196.8946948, "F_AVR_HGT": 10.6467438, "ADM_CD": 1150010600, "F_YR": "2025", "F_ZONE_NM": "서울특별시 강서구 내발산동 670-10 지층", "TYPE": "주택", "TYPE2": "재난지원금" }, "geometry": { "type": "Polygon", "coordinates": [ [ [ 126.83788705285221, 37.554273311030101 ], [ 126.837924633410779, 37.554269678054645 ], [ 126.83790934109922, 37.554172674365091 ], [ 126.837852406816509, 37.554177055363212 ], [ 126.837700959500665, 37.554188630295556 ], [ 126.837732768756794, 37.554288233752409 ], [ 126.83788705285221, 37.554273311030101 ] ] ] } },
{ "type": "Feature", "properties": { "PNU": 1.15001060010672e+18, "피해위치(": "서울특별시 강서구 내발산동 672-17", "피해일시": "20250813 - 1141", "F_SHIM": 0.0, "F_AREA": 150.5877428, "F_AVR_HGT": 31.9329987, "ADM_CD": 1150010600, "F_YR": "2025", "F_ZONE_NM": "서울특별시 강서구 내발산동 672-17", "TYPE": "주택", "TYPE2": "재난지원금" }, "geometry": { "type": "Polygon", "coordinates": [ [ [ 126.841039125159028, 37.553512696843299 ], [ 126.841156487026396, 37.553457445425934 ], [ 126.841136900298324, 37.553429695374966 ], [ 126.841086601982909, 37.553358529959425 ], [ 126.840975998824149, 37.553396833873464 ], [ 126.840994034734308, 37.553430014810218 ], [ 126.841039125159028, 37.553512696843299 ] ] ] } },
{ "type": "Feature", "properties": { "PNU": 1.15001060010678e+18, "피해위치(": "서울특별시 강서구 내발산동 678-16 지층 1호", "피해일시": "20250821 - 1640", "F_SHIM": 0.0, "F_AREA": 168.6728713, "F_AVR_HGT": 11.1519747, "ADM_CD": 1150010600, "F_YR": "2025", "F_ZONE_NM": "서울특별시 강서구 내발산동 678-16 지층 1호", "TYPE": "주택", "TYPE2": "재난지원금" }, "geometry": { "type": "Polygon", "coordinates": [ [ [ 126.83593544035152, 37.553704588889055 ], [ 126.836067228794448, 37.553677924131719 ], [ 126.836028116799596, 37.55355534376136 ], [ 126.836005891704104, 37.55355983557849 ], [ 126.835988263364058, 37.553563387796373 ], [ 126.835896328578855, 37.553581999466196 ], [ 126.83593544035152, 37.553704588889055 ] ] ] } },
{ "type": "Feature", "properties": { "PNU": 1.15001060010678e+18, "피해위치(": "서울특별시 강서구 내발산동 678-17 지층 3호", "피해일시": "20250813 - 1100", "F_SHIM": 0.0, "F_AREA": 278.3330975, "F_AVR_HGT": 11.1519747, "ADM_CD": 1150010600, "F_YR": "2025", "F_ZONE_NM": "서울특별시 강서구 내발산동 678-17 지층 3호", "TYPE": "주택", "TYPE2": "재난지원금" }, "geometry": { "type": "Polygon", "coordinates": [ [ [ 126.835968842719936, 37.55380932169075 ], [ 126.836223452642898, 37.553757880491467 ], [ 126.836206817997677, 37.553706050309287 ], [ 126.836189733086655, 37.55365313830653 ], [ 126.836067228794448, 37.553677924131719 ], [ 126.83593544035152, 37.553704588889055 ], [ 126.835949758746168, 37.55374953230195 ], [ 126.835968842719936, 37.55380932169075 ] ] ] } },
{ "type": "Feature", "properties": { "PNU": 1.15001060010678e+18, "피해위치(": "서울특별시 강서구 내발산동 678-24 지층 1호", "피해일시": "20250813 - 1100", "F_SHIM": 0.0, "F_AREA": 170.460797, "F_AVR_HGT": 10.6830101, "ADM_CD": 1150010600, "F_YR": "2025", "F_ZONE_NM": "서울특별시 강서구 내발산동 678-24 지층 1호", "TYPE": "주택", "TYPE2": "재난지원금" }, "geometry": { "type": "Polygon", "coordinates": [ [ [ 126.835988263364058, 37.553563387796373 ], [ 126.835938137563659, 37.553406184946368 ], [ 126.835833165319215, 37.553384143657489 ], [ 126.835896328578855, 37.553581999466196 ], [ 126.835988263364058, 37.553563387796373 ] ] ] } },
{ "type": "Feature", "properties": { "PNU": 1.15001060010678e+18, "피해위치(": "서울특별시 강서구 내발산동 678-27 지층 1호", "피해일시": "20250813 - 1100", "F_SHIM": 0.0, "F_AREA": 344.1991209, "F_AVR_HGT": 10.6830101, "ADM_CD": 1150010600, "F_YR": "2025", "F_ZONE_NM": "서울특별시 강서구 내발산동 678-27 지층 1호", "TYPE": "주택", "TYPE2": "재난지원금" }, "geometry": { "type": "Polygon", "coordinates": [ [ [ 126.835933095848475, 37.553367831761996 ], [ 126.835952074312971, 37.553347369871588 ], [ 126.835865310412458, 37.553075068249917 ], [ 126.83574269221603, 37.5531005653637 ], [ 126.835760797919392, 37.553157362133653 ], [ 126.835820420296315, 37.553344229957219 ], [ 126.835933095848475, 37.553367831761996 ] ] ] } },
{ "type": "Feature", "properties": { "PNU": 1.15001060010682e+18, "피해위치(": "서울특별시 강서구 내발산동 682-8 지층 2호", "피해일시": "20250813 - 1100", "F_SHIM": 0.0, "F_AREA": 133.3840784, "F_AVR_HGT": 10.6905212, "ADM_CD": 1150010600, "F_YR": "2025", "F_ZONE_NM": "서울특별시 강서구 내발산동 682-8 지층 2호", "TYPE": "주택", "TYPE2": "재난지원금" }, "geometry": { "type": "Polygon", "coordinates": [ [ [ 126.83334888178365, 37.553497129688601 ], [ 126.833447319423811, 37.553490782715421 ], [ 126.833430201450298, 37.553352699728784 ], [ 126.833351644445969, 37.553360543615582 ], [ 126.833330773608381, 37.553381777242876 ], [ 126.83334888178365, 37.553497129688601 ] ] ] } },
{ "type": "Feature", "properties": { "PNU": 1.15001100010421e+18, "피해위치(": "서울특별시 강서구 개화동 421-57 지층", "피해일시": "20250813 - 1100", "F_SHIM": 0.0, "F_AREA": 266.0867868, "F_AVR_HGT": 34.5966835, "ADM_CD": 1150011000, "F_YR": "2025", "F_ZONE_NM": "서울특별시 강서구 개화동 421-57 지층", "TYPE": "주택", "TYPE2": "재난지원금" }, "geometry": { "type": "Polygon", "coordinates": [ [ [ 126.799203965578599, 37.582241220856453 ], [ 126.799299641668696, 37.582245421198017 ], [ 126.799319520817789, 37.582245797623187 ], [ 126.799362693718138, 37.582248187093015 ], [ 126.799378291568658, 37.582249249934847 ], [ 126.799379010490682, 37.582222023410871 ], [ 126.799385694435955, 37.582090581198834 ], [ 126.799307226538758, 37.582090681071797 ], [ 126.799214803064231, 37.582081107432302 ], [ 126.799209053274197, 37.582164267469722 ], [ 126.799204861869669, 37.582223779330441 ], [ 126.799203965578599, 37.582241220856453 ] ] ] } },
{ "type": "Feature", "properties": { "PNU": 1.15001060010688e+18, "피해위치(": "서울특별시 강서구 내발산동 688-1 101호", "피해일시": "20250813 - 1124", "F_SHIM": 0.0, "F_AREA": 181.6724281, "F_AVR_HGT": 13.0668974, "ADM_CD": 1150010600, "F_YR": "2025", "F_ZONE_NM": "서울특별시 강서구 내발산동 688-1 101호", "TYPE": "주택", "TYPE2": "재난지원금" }, "geometry": { "type": "Polygon", "coordinates": [ [ [ 126.83115093292723, 37.552973477341922 ], [ 126.831158777420058, 37.552957721342594 ], [ 126.831162301628524, 37.552950698708528 ], [ 126.831207323261722, 37.552859772717277 ], [ 126.83106635964495, 37.552815519941838 ], [ 126.831035265295029, 37.552878219965962 ], [ 126.831020530864535, 37.552907985406584 ], [ 126.831010025734756, 37.552929215571439 ], [ 126.83115093292723, 37.552973477341922 ] ] ] } },
{ "type": "Feature", "properties": { "PNU": 1.15001060010689e+18, "피해위치(": "서울특별시 강서구 내발산동 689-26 나동 지층 2호", "피해일시": "20250813 - 1100", "F_SHIM": 0.0, "F_AREA": 247.2685787, "F_AVR_HGT": 12.7734671, "ADM_CD": 1150010600, "F_YR": "2025", "F_ZONE_NM": "서울특별시 강서구 내발산동 689-26 나동 지층 2호", "TYPE": "주택", "TYPE2": "재난지원금" }, "geometry": { "type": "Polygon", "coordinates": [ [ [ 126.830855029778462, 37.552562108707214 ], [ 126.830870036917389, 37.55253185714519 ], [ 126.83094425444223, 37.552381994656017 ], [ 126.830872919354405, 37.552359592096138 ], [ 126.830823149929557, 37.552343960071696 ], [ 126.830758812249641, 37.552473762724624 ], [ 126.830733913662542, 37.552524092035306 ], [ 126.830855029778462, 37.552562108707214 ] ] ] } },
{ "type": "Feature", "properties": { "PNU": 1.1500109001028101e+18, "피해위치(": "서울특별시 강서구 방화동 281-56 지층 1호", "피해일시": "20250813 - 1100", "F_SHIM": 0.0, "F_AREA": 166.6324435, "F_AVR_HGT": 9.5059214, "ADM_CD": 1150010900, "F_YR": "2025", "F_ZONE_NM": "서울특별시 강서구 방화동 281-56 지층 1호", "TYPE": "주택", "TYPE2": "재난지원금" }, "geometry": { "type": "Polygon", "coordinates": [ [ [ 126.8148367459723, 37.572675256054815 ], [ 126.814901373977293, 37.572574213505902 ], [ 126.814766255707866, 37.57251724672151 ], [ 126.814713078864997, 37.572606441327068 ], [ 126.814707206286542, 37.572619072872804 ], [ 126.8148367459723, 37.572675256054815 ] ] ] } },
{ "type": "Feature", "properties": { "PNU": 1.1500109001028101e+18, "피해위치(": "서울특별시 강서구 방화동 281-62 지층 1호(우측)", "피해일시": "20250813 - 1100", "F_SHIM": 0.0, "F_AREA": 164.4963816, "F_AVR_HGT": 9.5059214, "ADM_CD": 1150010900, "F_YR": "2025", "F_ZONE_NM": "서울특별시 강서구 방화동 281-62 지층 1호(우측)", "TYPE": "주택", "TYPE2": "재난지원금" }, "geometry": { "type": "Polygon", "coordinates": [ [ [ 126.814906581781827, 37.572700972491205 ], [ 126.815013300148536, 37.572748397857303 ], [ 126.815043399649227, 37.572762005246389 ], [ 126.815051719752532, 37.572748377455092 ], [ 126.815101857472783, 37.57266577311988 ], [ 126.814966363135909, 37.572605147966804 ], [ 126.814905227722832, 37.572699240457261 ], [ 126.814906581781827, 37.572700972491205 ] ] ] } },
{ "type": "Feature", "properties": { "PNU": 1.1500109001028101e+18, "피해위치(": "서울특별시 강서구 방화동 281-64", "피해일시": "20250814 - 1100", "F_SHIM": 0.0, "F_AREA": 175.9692605, "F_AVR_HGT": 9.5059214, "ADM_CD": 1150010900, "F_YR": "2025", "F_ZONE_NM": "서울특별시 강서구 방화동 281-64", "TYPE": "주택", "TYPE2": "재난지원금" }, "geometry": { "type": "Polygon", "coordinates": [ [ [ 126.815241975072453, 37.57272911738049 ], [ 126.81530132123892, 37.57263969801248 ], [ 126.815223610439602, 37.572589777900561 ], [ 126.815215856159625, 37.572585314792008 ], [ 126.815166704318187, 37.572563072955845 ], [ 126.815101857472783, 37.57266577311988 ], [ 126.815241975072453, 37.57272911738049 ] ] ] } },
{ "type": "Feature", "properties": { "PNU": 1.15001090010281e+18, "피해위치(": "서울특별시 강서구 방화동 281-31 카페오냥", "피해일시": "20250813 - 1646", "F_SHIM": 0.0, "F_AREA": 175.0341588, "F_AVR_HGT": 9.0625868, "ADM_CD": 1150010900, "F_YR": "2025", "F_ZONE_NM": "서울특별시 강서구 방화동 281-31 카페오냥", "TYPE": "소상공인", "TYPE2": "재난지원금" }, "geometry": { "type": "Polygon", "coordinates": [ [ [ 126.815752602871214, 37.572391430389693 ], [ 126.815746318058032, 37.572287545782743 ], [ 126.815720235025665, 37.572288459783231 ], [ 126.815573197784772, 37.572294895592314 ], [ 126.815577373494378, 37.572395587394674 ], [ 126.815601690147702, 37.572394886880922 ], [ 126.815752602871214, 37.572391430389693 ] ] ] } },
{ "type": "Feature", "properties": { "PNU": 1.15001090010608e+18, "피해위치(": "서울특별시 강서구 방화동 608-15 지층1호", "피해일시": "20250823 - 1204", "F_SHIM": 0.0, "F_AREA": 143.6428784, "F_AVR_HGT": 12.4886341, "ADM_CD": 1150010900, "F_YR": "2025", "F_ZONE_NM": "서울특별시 강서구 방화동 608-15 지층1호", "TYPE": "주택", "TYPE2": "재난지원금" }, "geometry": { "type": "Polygon", "coordinates": [ [ [ 126.815535294408605, 37.566879202550524 ], [ 126.815524669012234, 37.566873401474822 ], [ 126.815443768415491, 37.566966030634383 ], [ 126.81543529968765, 37.566975991215465 ], [ 126.815470318805751, 37.566999463059922 ], [ 126.815461048607062, 37.567008548422272 ], [ 126.815489572449508, 37.567031298245233 ], [ 126.815630253053101, 37.566936844086825 ], [ 126.815535294408605, 37.566879202550524 ] ] ] } },
{ "type": "Feature", "properties": { "PNU": 1.15001040011456e+18, "피해위치(": "서울특별시 강서구 가양동 1456-12   라동 지하 서서울공업사", "피해일시": "20250813 - 1507", "F_SHIM": 0.0, "F_AREA": 1490.3185841, "F_AVR_HGT": 16.6465073, "ADM_CD": 1150010400, "F_YR": "2025", "F_ZONE_NM": "서울특별시 강서구 가양동 1456-12   라동 지하 서서울공업사", "TYPE": "소상공인", "TYPE2": "재난지원금" }, "geometry": { "type": "Polygon", "coordinates": [ [ [ 126.841700956660503, 37.572633373097268 ], [ 126.842124328416418, 37.572926108382809 ], [ 126.842126189700934, 37.572870727248898 ], [ 126.842129170746702, 37.572693597302873 ], [ 126.842286769523199, 37.572681106053381 ], [ 126.842166038176288, 37.572550750587389 ], [ 126.842112285800752, 37.572489771324612 ], [ 126.842062273069985, 37.572426905015703 ], [ 126.842016113175916, 37.572362151818261 ], [ 126.841990163824875, 37.572321752553776 ], [ 126.841700956660503, 37.572633373097268 ] ] ] } },
{ "type": "Feature", "properties": { "PNU": 1.13801030010285e+18, "피해위치(": "서울특별시 은평구 불광동 285-30 미도다방", "피해일시": "20250813 - 1200", "F_SHIM": 0.0, "F_AREA": 173.0390926, "F_AVR_HGT": 29.6461235, "ADM_CD": 1138010300, "F_YR": "2025", "F_ZONE_NM": "서울특별시 은평구 불광동 285-30 미도다방", "TYPE": "소상공인", "TYPE2": "재난지원금" }, "geometry": { "type": "Polygon", "coordinates": [ [ [ 126.931438693335807, 37.609186438191855 ], [ 126.93143325056316, 37.609193462617718 ], [ 126.931545200179173, 37.609255786885697 ], [ 126.931644180002536, 37.60913907829049 ], [ 126.931587128169184, 37.609109131903431 ], [ 126.931563003379722, 37.609111009667842 ], [ 126.931513734599093, 37.609114674479137 ], [ 126.931495726007938, 37.609116015268455 ], [ 126.931438693335807, 37.609186438191855 ] ] ] } },
{ "type": "Feature", "properties": { "PNU": 1.1380103001028102e+18, "피해위치(": "서울특별시 은평구 불광동 281-178 1층 롯데리아", "피해일시": "20250813 - 1200", "F_SHIM": 0.0, "F_AREA": 372.6956686, "F_AVR_HGT": 29.6461235, "ADM_CD": 1138010300, "F_YR": "2025", "F_ZONE_NM": "서울특별시 은평구 불광동 281-178 1층 롯데리아", "TYPE": "소상공인", "TYPE2": "재난지원금" }, "geometry": { "type": "Polygon", "coordinates": [ [ [ 126.931062372387984, 37.609668050157865 ], [ 126.931196962472598, 37.609741902811265 ], [ 126.931252237217308, 37.609674812597277 ], [ 126.931251949294534, 37.609631745500316 ], [ 126.931151907143317, 37.609576401656724 ], [ 126.93112601629268, 37.609565340181135 ], [ 126.93099722298156, 37.609493851480835 ], [ 126.930919805598919, 37.609586299978965 ], [ 126.931062372387984, 37.609668050157865 ] ] ] } },
{ "type": "Feature", "properties": { "PNU": 1.1380103001028101e+18, "피해위치(": "서울특별시 은평구 불광동 281-100 청춘약국", "피해일시": "20250813 - 1200", "F_SHIM": 0.0, "F_AREA": 166.3417693, "F_AVR_HGT": 27.9854027, "ADM_CD": 1138010300, "F_YR": "2025", "F_ZONE_NM": "서울특별시 은평구 불광동 281-100 청춘약국", "TYPE": "소상공인", "TYPE2": "재난지원금" }, "geometry": { "type": "Polygon", "coordinates": [ [ [ 126.930290201948367, 37.610322465165524 ], [ 126.930427965128118, 37.610394716855637 ], [ 126.930499963273689, 37.610309707540587 ], [ 126.930370355593112, 37.610236379672465 ], [ 126.930290201948367, 37.610322465165524 ] ] ] } },
{ "type": "Feature", "properties": { "PNU": 1.15001090010617e+18, "피해위치(": "서울특별시 강서구 방화동 617-8 지층", "피해일시": "20250813 - 1137", "F_SHIM": 0.0, "F_AREA": 215.2535677, "F_AVR_HGT": 8.3487415, "ADM_CD": 1150010900, "F_YR": "2025", "F_ZONE_NM": "서울특별시 강서구 방화동 617-8 지층", "TYPE": "소상공인", "TYPE2": "재난지원금" }, "geometry": { "type": "Polygon", "coordinates": [ [ [ 126.807495045073921, 37.564591802298004 ], [ 126.807470446202913, 37.564484066842667 ], [ 126.80743751915422, 37.564484553315005 ], [ 126.807297569813272, 37.564491323858974 ], [ 126.807270131159257, 37.564487881997543 ], [ 126.807276109531571, 37.564543726025164 ], [ 126.807283197157943, 37.564595202087723 ], [ 126.807495045073921, 37.564591802298004 ] ] ] } },
{ "type": "Feature", "properties": { "PNU": 1.1500109001055e+18, "피해위치(": "서울특별시 강서구 방화동 550-10 골든빌라 가동 b03호", "피해일시": "20250821 - 1156", "F_SHIM": 0.0, "F_AREA": 350.5637468, "F_AVR_HGT": 10.0992432, "ADM_CD": 1150010900, "F_YR": "2025", "F_ZONE_NM": "서울특별시 강서구 방화동 550-10 골든빌라 가동 b03호", "TYPE": "주택", "TYPE2": "재난지원금" }, "geometry": { "type": "Polygon", "coordinates": [ [ [ 126.80868473957841, 37.569463325213817 ], [ 126.808554028108091, 37.569518684511571 ], [ 126.808533287758365, 37.569559447289286 ], [ 126.808495729015149, 37.569568648033943 ], [ 126.808600606589351, 37.56968572247289 ], [ 126.808810679595254, 37.569572793500519 ], [ 126.808749346771364, 37.569526229491721 ], [ 126.808697069363376, 37.569475328474518 ], [ 126.80868473957841, 37.569463325213817 ] ] ] } },
{ "type": "Feature", "properties": { "PNU": 1.15001100010558e+18, "피해위치(": "서울특별시 강서구 개화동 558-90   1층~지하", "피해일시": "20250813 - 1420", "F_SHIM": 0.0, "F_AREA": 282.5233122, "F_AVR_HGT": 26.3019695, "ADM_CD": 1150011000, "F_YR": "2025", "F_ZONE_NM": "서울특별시 강서구 개화동 558-90   1층~지하", "TYPE": "소상공인", "TYPE2": "재난지원금" }, "geometry": { "type": "Polygon", "coordinates": [ [ [ 126.802510337564556, 37.577352401986992 ], [ 126.802561393791976, 37.577275588936779 ], [ 126.802397420019133, 37.577206035712393 ], [ 126.802306376290545, 37.577343570708521 ], [ 126.802467748243387, 37.577412488981437 ], [ 126.802510337564556, 37.577352401986992 ] ] ] } },
{ "type": "Feature", "properties": { "PNU": 1.1500105001139e+18, "피해위치(": "서울특별시 강서구 마곡동 1390 지하 1호", "피해일시": "20250909 - 1416", "F_SHIM": 0.0, "F_AREA": 224.2327321, "F_AVR_HGT": 9.9978704, "ADM_CD": 1150010500, "F_YR": "2025", "F_ZONE_NM": "서울특별시 강서구 마곡동 1390 지하 1호", "TYPE": "주택", "TYPE2": "재난지원금" }, "geometry": { "type": "Polygon", "coordinates": [ [ [ 126.818126554789032, 37.571546863115351 ], [ 126.818214238334747, 37.571546278496633 ], [ 126.818294066217419, 37.571545618552562 ], [ 126.818292527616251, 37.571425118226401 ], [ 126.818157455378355, 37.571423043482923 ], [ 126.818112647943281, 37.571443255091587 ], [ 126.818087473732618, 37.571484517204183 ], [ 126.818079576803328, 37.571519733507692 ], [ 126.818126335884585, 37.571520725156411 ], [ 126.818126554789032, 37.571546863115351 ] ] ] } },
{ "type": "Feature", "properties": { "PNU": 1.15001050011447e+18, "피해위치(": "서울특별시 강서구 마곡동 1447 지층", "피해일시": "20250813 - 1100", "F_SHIM": 0.0, "F_AREA": 160.2772861, "F_AVR_HGT": 9.4367323, "ADM_CD": 1150010500, "F_YR": "2025", "F_ZONE_NM": "서울특별시 강서구 마곡동 1447 지층", "TYPE": "주택", "TYPE2": "재난지원금" }, "geometry": { "type": "Polygon", "coordinates": [ [ [ 126.819404821601907, 37.570475442373528 ], [ 126.819507662798415, 37.570525164239989 ], [ 126.819619550307962, 37.570443779360609 ], [ 126.819483325425622, 37.570376499951536 ], [ 126.819404821601907, 37.570475442373528 ] ] ] } },
{ "type": "Feature", "properties": { "PNU": 1.15001050011379e+18, "피해위치(": "서울특별시 강서구 마곡동 1379 b01호", "피해일시": "20250813 - 1147", "F_SHIM": 0.0, "F_AREA": 201.7969321, "F_AVR_HGT": 11.2026758, "ADM_CD": 1150010500, "F_YR": "2025", "F_ZONE_NM": "서울특별시 강서구 마곡동 1379 b01호", "TYPE": "주택", "TYPE2": "재난지원금" }, "geometry": { "type": "Polygon", "coordinates": [ [ [ 126.818133701530442, 37.571900718640698 ], [ 126.818300382405113, 37.571901518019096 ], [ 126.818299654304127, 37.571778234909885 ], [ 126.818270427638126, 37.571777910244023 ], [ 126.818131703737961, 37.571778316525304 ], [ 126.818133701530442, 37.571900718640698 ] ] ] } },
{ "type": "Feature", "properties": { "PNU": 1.1500108001005501e+18, "피해위치(": "서울특별시 강서구 공항동 55-125 B03호", "피해일시": "20250823 - 1139", "F_SHIM": 0.0, "F_AREA": 245.2009415, "F_AVR_HGT": 11.1909504, "ADM_CD": 1150010800, "F_YR": "2025", "F_ZONE_NM": "서울특별시 강서구 공항동 55-125 B03호", "TYPE": "주택", "TYPE2": "재난지원금" }, "geometry": { "type": "Polygon", "coordinates": [ [ [ 126.811304899084433, 37.559303156936181 ], [ 126.811328468031661, 37.559247648972757 ], [ 126.81138543083749, 37.559162894641219 ], [ 126.811337138414345, 37.559158212817643 ], [ 126.811183113220366, 37.559140971993699 ], [ 126.811165688865273, 37.559290264698653 ], [ 126.811224966464692, 37.559296712214113 ], [ 126.811304899084433, 37.559303156936181 ] ] ] } },
{ "type": "Feature", "properties": { "PNU": 1.13801020010079e+18, "피해위치(": "서울특별시 은평구 녹번동 79-2 1층", "피해일시": "20250813 - 1200", "F_SHIM": 0.0, "F_AREA": 1483.0933736, "F_AVR_HGT": 29.2084251, "ADM_CD": 1138010200, "F_YR": "2025", "F_ZONE_NM": "서울특별시 은평구 녹번동 79-2 1층", "TYPE": "소상공인", "TYPE2": "재난지원금" }, "geometry": { "type": "Polygon", "coordinates": [ [ [ 126.930334494467829, 37.601993181389844 ], [ 126.930395398231298, 37.601896182248993 ], [ 126.930412079888555, 37.601859432197912 ], [ 126.93044346823352, 37.601838278005559 ], [ 126.930496942111745, 37.601813713361437 ], [ 126.930523321716407, 37.601819946014047 ], [ 126.930556721850749, 37.601826723471682 ], [ 126.930514365824564, 37.601472701804141 ], [ 126.930460115525761, 37.601480417608947 ], [ 126.93032536857848, 37.60146871372821 ], [ 126.930294764031615, 37.60149932868454 ], [ 126.930188288794128, 37.60152827603558 ], [ 126.930214563626251, 37.601762817768979 ], [ 126.930178417342901, 37.601785770990752 ], [ 126.930197142117549, 37.601981385693691 ], [ 126.930268437219468, 37.602031613500273 ], [ 126.930318234889441, 37.602062276968795 ], [ 126.930334494467829, 37.601993181389844 ] ] ] } },
{ "type": "Feature", "properties": { "PNU": 1.15001030010973e+18, "피해위치(": "서울특별시 강서구 화곡동 973-1 지층 101호", "피해일시": "20250822 - 1602", "F_SHIM": 0.0, "F_AREA": 195.9391598, "F_AVR_HGT": 14.5380602, "ADM_CD": 1150010300, "F_YR": "2025", "F_ZONE_NM": "서울특별시 강서구 화곡동 973-1 지층 101호", "TYPE": "주택", "TYPE2": "재난지원금" }, "geometry": { "type": "Polygon", "coordinates": [ [ [ 126.847969805983396, 37.548831655880448 ], [ 126.847854608334984, 37.54868754578996 ], [ 126.847753862717354, 37.548735860903172 ], [ 126.847759077749089, 37.548742219675873 ], [ 126.84784587391907, 37.54885760536817 ], [ 126.847896223621518, 37.548866797912169 ], [ 126.847969805983396, 37.548831655880448 ] ] ] } },
{ "type": "Feature", "properties": { "PNU": 1.15001090010648e+18, "피해위치(": "서울특별시 강서구 방화동 648-25   b01호", "피해일시": "20250821 - 1500", "F_SHIM": 0.0, "F_AREA": 184.6216765, "F_AVR_HGT": 7.6997862, "ADM_CD": 1150010900, "F_YR": "2025", "F_ZONE_NM": "서울특별시 강서구 방화동 648-25   b01호", "TYPE": "주택", "TYPE2": "재난지원금" }, "geometry": { "type": "Polygon", "coordinates": [ [ [ 126.806189512162604, 37.567556753706612 ], [ 126.806346059530568, 37.567554913294359 ], [ 126.806347454363561, 37.567458473954183 ], [ 126.806348103244972, 37.567435364710633 ], [ 126.806190562432093, 37.567436293485557 ], [ 126.806189512162604, 37.567556753706612 ] ] ] } },
{ "type": "Feature", "properties": { "PNU": 1.15001090010648e+18, "피해위치(": "서울특별시 강서구 방화동 648-26 b02호", "피해일시": "20250822 - 1537", "F_SHIM": 0.0, "F_AREA": 178.7593088, "F_AVR_HGT": 7.6997862, "ADM_CD": 1150010900, "F_YR": "2025", "F_ZONE_NM": "서울특별시 강서구 방화동 648-26 b02호", "TYPE": "주택", "TYPE2": "재난지원금" }, "geometry": { "type": "Polygon", "coordinates": [ [ [ 126.806190562432093, 37.567436293485557 ], [ 126.806348103244972, 37.567435364710633 ], [ 126.806350472881988, 37.567351414659697 ], [ 126.806351562259294, 37.567319990033809 ], [ 126.806194987777815, 37.567319397744235 ], [ 126.806190562432093, 37.567436293485557 ] ] ] } },
{ "type": "Feature", "properties": { "PNU": 1.15001090010648e+18, "피해위치(": "서울특별시 강서구 방화동 648-35 지층 3호", "피해일시": "20250813 - 1100", "F_SHIM": 0.0, "F_AREA": 171.6004577, "F_AVR_HGT": 8.1673927, "ADM_CD": 1150010900, "F_YR": "2025", "F_ZONE_NM": "서울특별시 강서구 방화동 648-35 지층 3호", "TYPE": "주택", "TYPE2": "재난지원금" }, "geometry": { "type": "Polygon", "coordinates": [ [ [ 126.806346758795087, 37.567564555010833 ], [ 126.806510291342562, 37.567566555122212 ], [ 126.806513035440645, 37.567460468437957 ], [ 126.806347454363561, 37.567458473954183 ], [ 126.806346059530568, 37.567554913294359 ], [ 126.806346758795087, 37.567564555010833 ] ] ] } },
{ "type": "Feature", "properties": { "PNU": 1.15001090010648e+18, "피해위치(": "서울특별시 강서구 방화동 648-37 b02호", "피해일시": "20250821 - 1510", "F_SHIM": 0.0, "F_AREA": 172.7334604, "F_AVR_HGT": 8.1673927, "ADM_CD": 1150010900, "F_YR": "2025", "F_ZONE_NM": "서울특별시 강서구 방화동 648-37 b02호", "TYPE": "주택", "TYPE2": "재난지원금" }, "geometry": { "type": "Polygon", "coordinates": [ [ [ 126.806580116160106, 37.5675718420949 ], [ 126.806738481033548, 37.567571878216107 ], [ 126.806739935815216, 37.567460915059627 ], [ 126.806582173595515, 37.567459915879596 ], [ 126.806580116160106, 37.5675718420949 ] ] ] } },
{ "type": "Feature", "properties": { "PNU": 1.15001090010648e+18, "피해위치(": "서울특별시 강서구 방화동 648-46 지층2호", "피해일시": "20250824 - 1742", "F_SHIM": 0.0, "F_AREA": 168.0808268, "F_AVR_HGT": 8.1673927, "ADM_CD": 1150010900, "F_YR": "2025", "F_ZONE_NM": "서울특별시 강서구 방화동 648-46 지층2호", "TYPE": "주택", "TYPE2": "재난지원금" }, "geometry": { "type": "Polygon", "coordinates": [ [ [ 126.806907281942188, 37.567167325092854 ], [ 126.806910913706105, 37.567054824826762 ], [ 126.806759925705791, 37.567052053096432 ], [ 126.806758617486423, 37.567063259217342 ], [ 126.806754776506565, 37.567164731051896 ], [ 126.806907281942188, 37.567167325092854 ] ] ] } },
{ "type": "Feature", "properties": { "PNU": 1.15001090010619e+18, "피해위치(": "서울특별시 강서구 방화동 619-6 공항동물병원", "피해일시": "20250813 - 1618", "F_SHIM": 0.0, "F_AREA": 245.5496804, "F_AVR_HGT": 10.7482309, "ADM_CD": 1150010900, "F_YR": "2025", "F_ZONE_NM": "서울특별시 강서구 방화동 619-6 공항동물병원", "TYPE": "소상공인", "TYPE2": "재난지원금" }, "geometry": { "type": "Polygon", "coordinates": [ [ [ 126.807444532392282, 37.563072465053146 ], [ 126.807490295459488, 37.562984072284536 ], [ 126.807371598647251, 37.562945242817435 ], [ 126.807327732120626, 37.562930835964835 ], [ 126.807320861555581, 37.562939681373763 ], [ 126.807226034996631, 37.563114542226693 ], [ 126.807253066710231, 37.563121947774761 ], [ 126.807307981839486, 37.563118235946959 ], [ 126.807343415820299, 37.563049954310614 ], [ 126.807444532392282, 37.563072465053146 ] ] ] } },
{ "type": "Feature", "properties": { "PNU": 1.15001090010648e+18, "피해위치(": "서울특별시 강서구 방화동 648-52 지하 102호", "피해일시": "20250823 - 1226", "F_SHIM": 0.0, "F_AREA": 171.0699369, "F_AVR_HGT": 8.1673927, "ADM_CD": 1150010900, "F_YR": "2025", "F_ZONE_NM": "서울특별시 강서구 방화동 648-52 지하 102호", "TYPE": "주택", "TYPE2": "재난지원금" }, "geometry": { "type": "Polygon", "coordinates": [ [ [ 126.807137050358946, 37.567000228125501 ], [ 126.807138211809146, 37.566949648623599 ], [ 126.807140672743415, 37.566886844865927 ], [ 126.806987494220763, 37.56688649347582 ], [ 126.806984489342014, 37.567001724771323 ], [ 126.807137050358946, 37.567000228125501 ] ] ] } },
{ "type": "Feature", "properties": { "PNU": 1.15001090010648e+18, "피해위치(": "서울특별시 강서구 방화동 648-59 b01호", "피해일시": "20250813 - 1108", "F_SHIM": 0.0, "F_AREA": 161.4025176, "F_AVR_HGT": 8.1673927, "ADM_CD": 1150010900, "F_YR": "2025", "F_ZONE_NM": "서울특별시 강서구 방화동 648-59 b01호", "TYPE": "주택", "TYPE2": "재난지원금" }, "geometry": { "type": "Polygon", "coordinates": [ [ [ 126.807288883115348, 37.56736641388531 ], [ 126.807291944642856, 37.567264066796362 ], [ 126.807210767412258, 37.567263014220842 ], [ 126.807130359265045, 37.567262197112363 ], [ 126.807127626357683, 37.567338181857984 ], [ 126.807125740273477, 37.567362703619075 ], [ 126.807210842675886, 37.567364771818532 ], [ 126.807288883115348, 37.56736641388531 ] ] ] } },
{ "type": "Feature", "properties": { "PNU": 1.15001090010645e+18, "피해위치(": "서울특별시 강서구 방화동 645-20   101호", "피해일시": "20250813 - 1341", "F_SHIM": 0.0, "F_AREA": 176.027536, "F_AVR_HGT": 7.8528695, "ADM_CD": 1150010900, "F_YR": "2025", "F_ZONE_NM": "서울특별시 강서구 방화동 645-20   101호", "TYPE": "소상공인", "TYPE2": "재난지원금" }, "geometry": { "type": "Polygon", "coordinates": [ [ [ 126.806246727022, 37.566564879633916 ], [ 126.806392915243933, 37.566567481909658 ], [ 126.806390670967531, 37.566442835640942 ], [ 126.806245619136703, 37.566442938203593 ], [ 126.806246727022, 37.566564879633916 ] ] ] } },
{ "type": "Feature", "properties": { "PNU": 1.15001090010645e+18, "피해위치(": "서울특별시 강서구 방화동 645-26 지층", "피해일시": "20250813 - 1423", "F_SHIM": 0.0, "F_AREA": 173.512841, "F_AVR_HGT": 8.386683, "ADM_CD": 1150010900, "F_YR": "2025", "F_ZONE_NM": "서울특별시 강서구 방화동 645-26 지층", "TYPE": "주택", "TYPE2": "재난지원금" }, "geometry": { "type": "Polygon", "coordinates": [ [ [ 126.806390461866485, 37.566188856024937 ], [ 126.806530922350802, 37.566191331534569 ], [ 126.806530415708394, 37.566086068364569 ], [ 126.806497860166303, 37.56606100319047 ], [ 126.806390013466952, 37.566061338567032 ], [ 126.806390461866485, 37.566188856024937 ] ] ] } },
{ "type": "Feature", "properties": { "PNU": 1.15001090010645e+18, "피해위치(": "서울특별시 강서구 방화동 645-27 나동 b01호", "피해일시": "20250821 - 1513", "F_SHIM": 0.0, "F_AREA": 247.8375769, "F_AVR_HGT": 7.8528695, "ADM_CD": 1150010900, "F_YR": "2025", "F_ZONE_NM": "서울특별시 강서구 방화동 645-27 나동 b01호", "TYPE": "주택", "TYPE2": "재난지원금" }, "geometry": { "type": "Polygon", "coordinates": [ [ [ 126.80624630632461, 37.566240379408228 ], [ 126.806390847476251, 37.566240636395179 ], [ 126.806391054908005, 37.566200164394147 ], [ 126.806390461866485, 37.566188856024937 ], [ 126.806390013466952, 37.566061338567032 ], [ 126.806281657045659, 37.566061817160154 ], [ 126.806246083430395, 37.566091608036309 ], [ 126.80624621869903, 37.566200231274905 ], [ 126.80624630632461, 37.566240379408228 ] ] ] } },
{ "type": "Feature", "properties": { "PNU": 1.15001090010645e+18, "피해위치(": "서울특별시 강서구 방화동 645-29 파밀리스 B01", "피해일시": "20250823 - 1146", "F_SHIM": 0.0, "F_AREA": 168.8453275, "F_AVR_HGT": 8.386683, "ADM_CD": 1150010900, "F_YR": "2025", "F_ZONE_NM": "서울특별시 강서구 방화동 645-29 파밀리스 B01", "TYPE": "주택", "TYPE2": "재난지원금" }, "geometry": { "type": "Polygon", "coordinates": [ [ [ 126.806865692999224, 37.566528988273454 ], [ 126.806864885545139, 37.566404299331481 ], [ 126.806723707607873, 37.566407688461453 ], [ 126.806724867788006, 37.566527233349461 ], [ 126.806865692999224, 37.566528988273454 ] ] ] } },
{ "type": "Feature", "properties": { "PNU": 1.15001090010645e+18, "피해위치(": "서울특별시 강서구 방화동 645-30 b01호", "피해일시": "20250821 - 1539", "F_SHIM": 0.0, "F_AREA": 333.8740847, "F_AVR_HGT": 8.386683, "ADM_CD": 1150010900, "F_YR": "2025", "F_ZONE_NM": "서울특별시 강서구 방화동 645-30 b01호", "TYPE": "주택", "TYPE2": "재난지원금" }, "geometry": { "type": "Polygon", "coordinates": [ [ [ 126.806723707607873, 37.566407688461453 ], [ 126.806724248806702, 37.566291128645567 ], [ 126.806579581638886, 37.566291412450887 ], [ 126.806579321823847, 37.566408495302987 ], [ 126.806579479936062, 37.566525912208014 ], [ 126.806724867788006, 37.566527233349461 ], [ 126.806723707607873, 37.566407688461453 ] ] ] } },
{ "type": "Feature", "properties": { "PNU": 1.15001090010645e+18, "피해위치(": "서울특별시 강서구 방화동 645-39 지층 우측", "피해일시": "20250823 - 1150", "F_SHIM": 0.0, "F_AREA": 186.739873, "F_AVR_HGT": 8.386683, "ADM_CD": 1150010900, "F_YR": "2025", "F_ZONE_NM": "서울특별시 강서구 방화동 645-39 지층 우측", "TYPE": "주택", "TYPE2": "재난지원금" }, "geometry": { "type": "Polygon", "coordinates": [ [ [ 126.806914471541546, 37.566374621465641 ], [ 126.807096051566987, 37.566373632201163 ], [ 126.807096867423709, 37.566268758638188 ], [ 126.807078982760245, 37.566269089581219 ], [ 126.806915866623285, 37.56626909113826 ], [ 126.806914471541546, 37.566374621465641 ] ] ] } },
{ "type": "Feature", "properties": { "PNU": 1.1500109001026001e+18, "피해위치(": "서울특별시 강서구 방화동 260-35 지층 2호", "피해일시": "20250813 - 1100", "F_SHIM": 0.0, "F_AREA": 181.7944784, "F_AVR_HGT": 8.6964006, "ADM_CD": 1150010900, "F_YR": "2025", "F_ZONE_NM": "서울특별시 강서구 방화동 260-35 지층 2호", "TYPE": "주택", "TYPE2": "재난지원금" }, "geometry": { "type": "Polygon", "coordinates": [ [ [ 126.815615275313235, 37.570385834499774 ], [ 126.815764924725329, 37.570388061223689 ], [ 126.815766112568326, 37.570297180567103 ], [ 126.815767936687607, 37.570264594748792 ], [ 126.815616736806092, 37.570262347567876 ], [ 126.815615700838649, 37.570314819400686 ], [ 126.815615275313235, 37.570385834499774 ] ] ] } },
{ "type": "Feature", "properties": { "PNU": 1.1500109001025101e+18, "피해위치(": "서울특별시 강서구 방화동 251-20 지층", "피해일시": "20250813 - 1100", "F_SHIM": 0.0, "F_AREA": 97.8996302, "F_AVR_HGT": 9.4559336, "ADM_CD": 1150010900, "F_YR": "2025", "F_ZONE_NM": "서울특별시 강서구 방화동 251-20 지층", "TYPE": "주택", "TYPE2": "재난지원금" }, "geometry": { "type": "Polygon", "coordinates": [ [ [ 126.815023007762193, 37.56945432529912 ], [ 126.815023937059792, 37.56947204016744 ], [ 126.815032817512673, 37.569510463261565 ], [ 126.815063622702041, 37.569526531460099 ], [ 126.815171459362787, 37.569523133805497 ], [ 126.815161354155961, 37.569471959825471 ], [ 126.815157534957422, 37.569446536959454 ], [ 126.815023007762193, 37.56945432529912 ] ] ] } },
{ "type": "Feature", "properties": { "PNU": 1.15001050011345e+18, "피해위치(": "서울특별시 강서구 마곡동 1345 지층 102호", "피해일시": "20250813 - 1100", "F_SHIM": 0.0, "F_AREA": 199.2296346, "F_AVR_HGT": 9.6068907, "ADM_CD": 1150010500, "F_YR": "2025", "F_ZONE_NM": "서울특별시 강서구 마곡동 1345 지층 102호", "TYPE": "주택", "TYPE2": "재난지원금" }, "geometry": { "type": "Polygon", "coordinates": [ [ [ 126.817467560299349, 37.57188632042007 ], [ 126.817504918096674, 37.571899010482639 ], [ 126.817547355072335, 37.571913077947563 ], [ 126.817560302694986, 37.571890933855791 ], [ 126.817609062319264, 37.571805785510911 ], [ 126.817613007232424, 37.571798881089713 ], [ 126.817504790649565, 37.571762168459635 ], [ 126.817459845172849, 37.57174632212508 ], [ 126.817403814928724, 37.571864975767319 ], [ 126.817467560299349, 37.57188632042007 ] ] ] } },
{ "type": "Feature", "properties": { "PNU": 1.1500109001025001e+18, "피해위치(": "서울특별시 강서구 방화동 250-40", "피해일시": "20250813 - 1144", "F_SHIM": 0.0, "F_AREA": 139.4515745, "F_AVR_HGT": 10.1272068, "ADM_CD": 1150010900, "F_YR": "2025", "F_ZONE_NM": "서울특별시 강서구 방화동 250-40", "TYPE": "주택", "TYPE2": "재난지원금" }, "geometry": { "type": "Polygon", "coordinates": [ [ [ 126.814714410237883, 37.569231500918654 ], [ 126.814867072685786, 37.569231949591767 ], [ 126.814877412947894, 37.569138921027879 ], [ 126.814716421768409, 37.569142171256729 ], [ 126.814716269022355, 37.569216934902641 ], [ 126.814714410237883, 37.569231500918654 ] ] ] } },
{ "type": "Feature", "properties": { "PNU": 1.13801070010577e+18, "피해위치(": "서울특별시 은평구 응암동 577-40 지층", "피해일시": "20250813 - 1200", "F_SHIM": 0.0, "F_AREA": 360.0674205, "F_AVR_HGT": 14.7375513, "ADM_CD": 1138010700, "F_YR": "2025", "F_ZONE_NM": "서울특별시 은평구 응암동 577-40 지층", "TYPE": "소상공인", "TYPE2": "재난지원금" }, "geometry": { "type": "Polygon", "coordinates": [ [ [ 126.917291518707543, 37.59104376973869 ], [ 126.917263343585262, 37.590927162237271 ], [ 126.917170706510049, 37.590943223700961 ], [ 126.91711940565547, 37.590951566187854 ], [ 126.9170914343443, 37.590955510516821 ], [ 126.917012613732595, 37.590968968882535 ], [ 126.916957801509113, 37.590978480065111 ], [ 126.916983714807472, 37.591092292966529 ], [ 126.917143845012305, 37.591067360166747 ], [ 126.917291518707543, 37.59104376973869 ] ] ] } },
{ "type": "Feature", "properties": { "PNU": 1.1500108001001201e+18, "피해위치(": "서울특별시 강서구 공항동 12-7 101호", "피해일시": "20250814 - 1100", "F_SHIM": 0.0, "F_AREA": 140.3627423, "F_AVR_HGT": 10.6254168, "ADM_CD": 1150010800, "F_YR": "2025", "F_ZONE_NM": "서울특별시 강서구 공항동 12-7 101호", "TYPE": "주택", "TYPE2": "재난지원금" }, "geometry": { "type": "Polygon", "coordinates": [ [ [ 126.815572184686033, 37.561900889808086 ], [ 126.815592485680057, 37.561902444446844 ], [ 126.81560753052625, 37.561787375932759 ], [ 126.815485272320373, 37.561773380233035 ], [ 126.815471378223904, 37.561889865095949 ], [ 126.815572184686033, 37.561900889808086 ] ] ] } },
{ "type": "Feature", "properties": { "PNU": 1.1500105001117e+18, "피해위치(": "서울특별시 강서구 마곡동 1170 102동B01호", "피해일시": "20250813 - 1639", "F_SHIM": 0.0, "F_AREA": 1109.7424812, "F_AVR_HGT": 12.3181095, "ADM_CD": 1150010500, "F_YR": "2025", "F_ZONE_NM": "서울특별시 강서구 마곡동 1170 102동B01호", "TYPE": "소상공인", "TYPE2": "재난지원금" }, "geometry": { "type": "Polygon", "coordinates": [ [ [ 126.8186647126944, 37.572871742432284 ], [ 126.818664599190001, 37.572867237324886 ], [ 126.818629417033748, 37.572867245898244 ], [ 126.818486586084347, 37.572893738795585 ], [ 126.818318098895034, 37.57292702118697 ], [ 126.818331625069618, 37.573223250426437 ], [ 126.81867737667045, 37.57321560544522 ], [ 126.8186647126944, 37.572871742432284 ] ] ] } },
{ "type": "Feature", "properties": { "PNU": 1.1500109001059601e+18, "피해위치(": "서울특별시 강서구 방화동 596-9 지층 01호", "피해일시": "20250822 - 1514", "F_SHIM": 0.0, "F_AREA": 155.1787021, "F_AVR_HGT": 9.8604603, "ADM_CD": 1150010900, "F_YR": "2025", "F_ZONE_NM": "서울특별시 강서구 방화동 596-9 지층 01호", "TYPE": "주택", "TYPE2": "재난지원금" }, "geometry": { "type": "Polygon", "coordinates": [ [ [ 126.810993216171653, 37.568104312434471 ], [ 126.811051173299788, 37.568174214415095 ], [ 126.811142120356749, 37.568077279754633 ], [ 126.81107946560401, 37.568020785936298 ], [ 126.810942131081205, 37.568042818715817 ], [ 126.810993216171653, 37.568104312434471 ] ] ] } },
{ "type": "Feature", "properties": { "PNU": 1.1500109001059601e+18, "피해위치(": "서울특별시 강서구 방화동 596-10 지층 1호", "피해일시": "20250823 - 0945", "F_SHIM": 0.0, "F_AREA": 180.1054517, "F_AVR_HGT": 9.8604603, "ADM_CD": 1150010900, "F_YR": "2025", "F_ZONE_NM": "서울특별시 강서구 방화동 596-10 지층 1호", "TYPE": "주택", "TYPE2": "재난지원금" }, "geometry": { "type": "Polygon", "coordinates": [ [ [ 126.81094767940175, 37.568313087713214 ], [ 126.810930144117251, 37.568300499650498 ], [ 126.810961018846172, 37.568266510200218 ], [ 126.810844992912763, 37.568197217180973 ], [ 126.810772503943667, 37.568295307665721 ], [ 126.810812064899579, 37.568317328624445 ], [ 126.810877051022871, 37.568387314120393 ], [ 126.81094767940175, 37.568313087713214 ] ] ] } },
{ "type": "Feature", "properties": { "PNU": 1.15001090010592e+18, "피해위치(": "서울특별시 강서구 방화동 592-51 지층 2호", "피해일시": "20250813 - 1100", "F_SHIM": 0.0, "F_AREA": 150.7304173, "F_AVR_HGT": 11.5338116, "ADM_CD": 1150010900, "F_YR": "2025", "F_ZONE_NM": "서울특별시 강서구 방화동 592-51 지층 2호", "TYPE": "주택", "TYPE2": "재난지원금" }, "geometry": { "type": "Polygon", "coordinates": [ [ [ 126.811062960244087, 37.568706257183294 ], [ 126.811166396922346, 37.568594449347358 ], [ 126.811082682530596, 37.56854010196804 ], [ 126.810973899961127, 37.568653153475772 ], [ 126.811030819482667, 37.568686176393648 ], [ 126.811062960244087, 37.568706257183294 ] ] ] } },
{ "type": "Feature", "properties": { "PNU": 1.15001050011355e+18, "피해위치(": "서울특별시 강서구 마곡동 1355 101호", "피해일시": "20250821 - 1910", "F_SHIM": 0.0, "F_AREA": 256.4991581, "F_AVR_HGT": 8.8283062, "ADM_CD": 1150010500, "F_YR": "2025", "F_ZONE_NM": "서울특별시 강서구 마곡동 1355 101호", "TYPE": "주택", "TYPE2": "재난지원금" }, "geometry": { "type": "Polygon", "coordinates": [ [ [ 126.817245752843291, 37.571494820156531 ], [ 126.817235686846288, 37.571491371686399 ], [ 126.817183012496557, 37.571580261873102 ], [ 126.817422300829904, 37.571666886678393 ], [ 126.817464343149808, 37.571588269077459 ], [ 126.817472794003237, 37.571571875287439 ], [ 126.817379279746419, 37.571540699497092 ], [ 126.817266145013676, 37.571501789579195 ], [ 126.817245752843291, 37.571494820156531 ] ] ] } },
{ "type": "Feature", "properties": { "PNU": 1.1500105001135601e+18, "피해위치(": "서울특별시 강서구 마곡동 1356 지층 2호", "피해일시": "20250822 - 1629", "F_SHIM": 0.0, "F_AREA": 259.5351376, "F_AVR_HGT": 9.6068907, "ADM_CD": 1150010500, "F_YR": "2025", "F_ZONE_NM": "서울특별시 강서구 마곡동 1356 지층 2호", "TYPE": "주택", "TYPE2": "재난지원금" }, "geometry": { "type": "Polygon", "coordinates": [ [ [ 126.817710809579097, 37.571642216698393 ], [ 126.817666807255961, 37.571638724435573 ], [ 126.817595597906248, 37.571614593223778 ], [ 126.817504631701496, 37.571582916949851 ], [ 126.817472794003237, 37.571571875287439 ], [ 126.817464343149808, 37.571588269077459 ], [ 126.817422300829904, 37.571666886678393 ], [ 126.817451342765239, 37.571677860926485 ], [ 126.817504734772839, 37.571697459523506 ], [ 126.817643885982534, 37.571748798298053 ], [ 126.817710809579097, 37.571642216698393 ] ] ] } },
{ "type": "Feature", "properties": { "PNU": 1.1500108001001201e+18, "피해위치(": "서울특별시 강서구 공항동 12-65 b01호", "피해일시": "20250821 - 2115", "F_SHIM": 0.0, "F_AREA": 136.7464514, "F_AVR_HGT": 10.6254168, "ADM_CD": 1150010800, "F_YR": "2025", "F_ZONE_NM": "서울특별시 강서구 공항동 12-65 b01호", "TYPE": "주택", "TYPE2": "재난지원금" }, "geometry": { "type": "Polygon", "coordinates": [ [ [ 126.815471378223904, 37.561889865095949 ], [ 126.815485272320373, 37.561773380233035 ], [ 126.815361783819796, 37.561767139973561 ], [ 126.815351570760427, 37.561877945391785 ], [ 126.815444028443821, 37.561887326261193 ], [ 126.815471378223904, 37.561889865095949 ] ] ] } },
{ "type": "Feature", "properties": { "PNU": 1.1500108001001201e+18, "피해위치(": "서울특별시 강서구 공항동 12-66 지층 102호", "피해일시": "20250821 - 2111", "F_SHIM": 0.0, "F_AREA": 119.3650062, "F_AVR_HGT": 10.6254168, "ADM_CD": 1150010800, "F_YR": "2025", "F_ZONE_NM": "서울특별시 강서구 공항동 12-66 지층 102호", "TYPE": "주택", "TYPE2": "재난지원금" }, "geometry": { "type": "Polygon", "coordinates": [ [ [ 126.815320465468957, 37.561874553678308 ], [ 126.815351570760427, 37.561877945391785 ], [ 126.815361783819796, 37.561767139973561 ], [ 126.815249717718942, 37.561759962557907 ], [ 126.815238427853487, 37.561862242921372 ], [ 126.815320465468957, 37.561874553678308 ] ] ] } },
{ "type": "Feature", "properties": { "PNU": 1.1500109001025001e+18, "피해위치(": "서울특별시 강서구 방화동 250-36", "피해일시": "20250813 - 1100", "F_SHIM": 0.0, "F_AREA": 129.4305987, "F_AVR_HGT": 9.4559336, "ADM_CD": 1150010900, "F_YR": "2025", "F_ZONE_NM": "서울특별시 강서구 방화동 250-36", "TYPE": "주택", "TYPE2": "재난지원금" }, "geometry": { "type": "Polygon", "coordinates": [ [ [ 126.814557344460923, 37.569453012185342 ], [ 126.814556386065163, 37.569460569946855 ], [ 126.814670931058416, 37.569463292062572 ], [ 126.81467161476364, 37.569348183071064 ], [ 126.814555246235642, 37.569345980640833 ], [ 126.814557344460923, 37.569453012185342 ] ] ] } },
{ "type": "Feature", "properties": { "PNU": 1.1500102001001e+18, "피해위치(": "서울특별시 강서구 등촌동 10-13 지하2호", "피해일시": "20250813 - 1150", "F_SHIM": 0.0, "F_AREA": 641.0205679, "F_AVR_HGT": 9.3504944, "ADM_CD": 1150010200, "F_YR": "2025", "F_ZONE_NM": "서울특별시 강서구 등촌동 10-13 지하2호", "TYPE": "소상공인", "TYPE2": "재난지원금" }, "geometry": { "type": "Polygon", "coordinates": [ [ [ 126.847742917540913, 37.564792194126866 ], [ 126.847648615351034, 37.564679808173445 ], [ 126.847413927708132, 37.564804189811824 ], [ 126.847193342659068, 37.564922931210297 ], [ 126.847198851897971, 37.564924361971975 ], [ 126.847398972076505, 37.564976313038812 ], [ 126.847742917540913, 37.564792194126866 ] ] ] } },
{ "type": "Feature", "properties": { "PNU": 1.1500109001024901e+18, "피해위치(": "서울특별시 강서구 방화동 249-142 반지하", "피해일시": "20250822 - 1740", "F_SHIM": 0.0, "F_AREA": 120.979446, "F_AVR_HGT": 14.4119568, "ADM_CD": 1150010900, "F_YR": "2025", "F_ZONE_NM": "서울특별시 강서구 방화동 249-142 반지하", "TYPE": "주택", "TYPE2": "재난지원금" }, "geometry": { "type": "Polygon", "coordinates": [ [ [ 126.813310065998891, 37.568859064110441 ], [ 126.813357220911627, 37.568814504381393 ], [ 126.813260283665869, 37.568728729069271 ], [ 126.813198625893264, 37.568675526571226 ], [ 126.813179695523445, 37.568686353266934 ], [ 126.81323898086454, 37.568737722988104 ], [ 126.813258020420363, 37.568755475761009 ], [ 126.813210203146198, 37.568811341779693 ], [ 126.81328559354948, 37.568877143942103 ], [ 126.813310065998891, 37.568859064110441 ] ] ] } },
{ "type": "Feature", "properties": { "PNU": 1.15001090010562e+18, "피해위치(": "서울특별시 강서구 방화동 562-5   지하 승리노래연습장", "피해일시": "20250813 - 1432", "F_SHIM": 0.0, "F_AREA": 541.6605651, "F_AVR_HGT": 13.3958807, "ADM_CD": 1150010900, "F_YR": "2025", "F_ZONE_NM": "서울특별시 강서구 방화동 562-5   지하 승리노래연습장", "TYPE": "소상공인", "TYPE2": "재난지원금" }, "geometry": { "type": "Polygon", "coordinates": [ [ [ 126.810538718559584, 37.573029875339351 ], [ 126.810788487291774, 37.573071616357382 ], [ 126.810876992919432, 37.572935755441172 ], [ 126.81049961371923, 37.572810593122348 ], [ 126.810517088204776, 37.572865104030683 ], [ 126.810550270665061, 37.572965527572428 ], [ 126.810538718559584, 37.573029875339351 ] ] ] } },
{ "type": "Feature", "properties": { "PNU": 1.15001090010591e+18, "피해위치(": "서울특별시 강서구 방화동 591-7", "피해일시": "20250821 - 1420", "F_SHIM": 0.0, "F_AREA": 158.215976, "F_AVR_HGT": 8.3415012, "ADM_CD": 1150010900, "F_YR": "2025", "F_ZONE_NM": "서울특별시 강서구 방화동 591-7", "TYPE": "주택", "TYPE2": "재난지원금" }, "geometry": { "type": "Polygon", "coordinates": [ [ [ 126.809189230917553, 37.568442194835782 ], [ 126.809173300043668, 37.568333996398458 ], [ 126.809158130257103, 37.568334809601645 ], [ 126.809028871038407, 37.568341365345134 ], [ 126.809041839321537, 37.568421907684801 ], [ 126.809054324550587, 37.568457039496529 ], [ 126.809189230917553, 37.568442194835782 ] ] ] } },
{ "type": "Feature", "properties": { "PNU": 1.1500109001055e+18, "피해위치(": "서울특별시 강서구 방화동 550-8 가동 b02호", "피해일시": "20250821 - 1412", "F_SHIM": 0.0, "F_AREA": 310.9674036, "F_AVR_HGT": 10.0992432, "ADM_CD": 1150010900, "F_YR": "2025", "F_ZONE_NM": "서울특별시 강서구 방화동 550-8 가동 b02호", "TYPE": "주택", "TYPE2": "재난지원금" }, "geometry": { "type": "Polygon", "coordinates": [ [ [ 126.808806958728169, 37.569892286309774 ], [ 126.808756944244308, 37.569815287432206 ], [ 126.808702749705446, 37.569739570116973 ], [ 126.808685749030744, 37.56972599151176 ], [ 126.808666896120286, 37.569737150972486 ], [ 126.808685051127284, 37.569759606184405 ], [ 126.808545410864838, 37.569831456960969 ], [ 126.808650211884029, 37.569969614313173 ], [ 126.808806958728169, 37.569892286309774 ] ] ] } },
{ "type": "Feature", "properties": { "PNU": 1.1500109001055e+18, "피해위치(": "서울특별시 강서구 방화동 550-17 골든빌라 나동 b01호", "피해일시": "20250821 - 1131", "F_SHIM": 0.0, "F_AREA": 312.8400578, "F_AVR_HGT": 10.0992432, "ADM_CD": 1150010900, "F_YR": "2025", "F_ZONE_NM": "서울특별시 강서구 방화동 550-17 골든빌라 나동 b01호", "TYPE": "주택", "TYPE2": "재난지원금" }, "geometry": { "type": "Polygon", "coordinates": [ [ [ 126.808504336314968, 37.569803756557867 ], [ 126.808602002749794, 37.569754443007383 ], [ 126.808616747945905, 37.569698921272 ], [ 126.808613688124112, 37.569700312801977 ], [ 126.808600606589351, 37.56968572247289 ], [ 126.808495729015149, 37.569568648033943 ], [ 126.808360530210578, 37.569634532313948 ], [ 126.808504336314968, 37.569803756557867 ] ] ] } },
{ "type": "Feature", "properties": { "PNU": 1.15001090010569e+18, "피해위치(": "서울특별시 강서구 방화동 569-32 지층 1호", "피해일시": "20250822 - 1559", "F_SHIM": 0.0, "F_AREA": 143.8392474, "F_AVR_HGT": 13.2643223, "ADM_CD": 1150010900, "F_YR": "2025", "F_ZONE_NM": "서울특별시 강서구 방화동 569-32 지층 1호", "TYPE": "주택", "TYPE2": "재난지원금" }, "geometry": { "type": "Polygon", "coordinates": [ [ [ 126.812377222786594, 37.572906066301755 ], [ 126.812509118821581, 37.572925198245095 ], [ 126.812542945127021, 37.572821152444483 ], [ 126.812410979094537, 37.572798434501422 ], [ 126.812377222786594, 37.572906066301755 ] ] ] } },
{ "type": "Feature", "properties": { "PNU": 1.15001090010647e+18, "피해위치(": "서울특별시 강서구 방화동 647-12 b02호", "피해일시": "20250813 - 1100", "F_SHIM": 0.0, "F_AREA": 163.5113598, "F_AVR_HGT": 8.6443863, "ADM_CD": 1150010900, "F_YR": "2025", "F_ZONE_NM": "서울특별시 강서구 방화동 647-12 b02호", "TYPE": "주택", "TYPE2": "재난지원금" }, "geometry": { "type": "Polygon", "coordinates": [ [ [ 126.807497943333004, 37.567061782518856 ], [ 126.807500617249758, 37.566942928698609 ], [ 126.80737158223161, 37.566942473320836 ], [ 126.807360243600257, 37.566941328441516 ], [ 126.807357284920428, 37.567060785451353 ], [ 126.807497943333004, 37.567061782518856 ] ] ] } },
{ "type": "Feature", "properties": { "PNU": 1.15001090010552e+18, "피해위치(": "서울특별시 강서구 방화동 552-6   가동 b01호", "피해일시": "20250821 - 1406", "F_SHIM": 0.0, "F_AREA": 95.0319326, "F_AVR_HGT": 9.7406168, "ADM_CD": 1150010900, "F_YR": "2025", "F_ZONE_NM": "서울특별시 강서구 방화동 552-6   가동 b01호", "TYPE": "주택", "TYPE2": "재난지원금" }, "geometry": { "type": "Polygon", "coordinates": [ [ [ 126.808592978370555, 37.570738611949444 ], [ 126.808531588521973, 37.570634862128124 ], [ 126.808440835701191, 37.57066718530249 ], [ 126.808484035675932, 37.57073994753474 ], [ 126.808592978370555, 37.570738611949444 ] ] ] } },
{ "type": "Feature", "properties": { "PNU": 1.15001050011168e+18, "피해위치(": "서울특별시 강서구 마곡동 1168 B01호 매일향", "피해일시": "20250813 - 1449", "F_SHIM": 0.0, "F_AREA": 1044.7396554, "F_AVR_HGT": 12.3181095, "ADM_CD": 1150010500, "F_YR": "2025", "F_ZONE_NM": "서울특별시 강서구 마곡동 1168 B01호 매일향", "TYPE": "소상공인", "TYPE2": "재난지원금" }, "geometry": { "type": "Polygon", "coordinates": [ [ [ 126.818158828673518, 37.572963804469715 ], [ 126.817691599892186, 37.573097703264878 ], [ 126.817674550691677, 37.573144338796006 ], [ 126.817661111948112, 37.57317739307414 ], [ 126.817664792398276, 37.573241260711484 ], [ 126.817709634148969, 37.573239816877418 ], [ 126.817708290520386, 37.573160113541149 ], [ 126.817738166952793, 37.573121958234701 ], [ 126.817988888817823, 37.573053837260694 ], [ 126.817992928369208, 37.573072962469169 ], [ 126.81796773780286, 37.573097574292284 ], [ 126.817975899562185, 37.573171332707496 ], [ 126.817981820422716, 37.573231077301287 ], [ 126.817991692171873, 37.573230759282588 ], [ 126.818331625069618, 37.573223250426437 ], [ 126.818318098895034, 37.57292702118697 ], [ 126.818277508826512, 37.572935040041699 ], [ 126.818231873210678, 37.572946402718543 ], [ 126.818158828673518, 37.572963804469715 ] ] ] } },
{ "type": "Feature", "properties": { "PNU": 1.13801070010584e+18, "피해위치(": "서울특별시 은평구 응암동 584-38", "피해일시": "20250813 - 1200", "F_SHIM": 0.0, "F_AREA": 132.1094294, "F_AVR_HGT": 14.3371426, "ADM_CD": 1138010700, "F_YR": "2025", "F_ZONE_NM": "서울특별시 은평구 응암동 584-38", "TYPE": "소상공인", "TYPE2": "재난지원금" }, "geometry": { "type": "Polygon", "coordinates": [ [ [ 126.915746872289091, 37.591548920617228 ], [ 126.915844083595232, 37.591494391559095 ], [ 126.915842515563426, 37.591479434079758 ], [ 126.915758132698173, 37.591405852474288 ], [ 126.915668375268979, 37.591477055095545 ], [ 126.915743019677763, 37.591551440574058 ], [ 126.915746872289091, 37.591548920617228 ] ] ] } },
{ "type": "Feature", "properties": { "PNU": 1.15001090010553e+18, "피해위치(": "서울특별시 강서구 방화동 553-33 지층 101호", "피해일시": "20250813 - 1100", "F_SHIM": 0.0, "F_AREA": 163.3052583, "F_AVR_HGT": 9.5382204, "ADM_CD": 1150010900, "F_YR": "2025", "F_ZONE_NM": "서울특별시 강서구 방화동 553-33 지층 101호", "TYPE": "주택", "TYPE2": "재난지원금" }, "geometry": { "type": "Polygon", "coordinates": [ [ [ 126.809056686962975, 37.570961552049752 ], [ 126.809168404011373, 37.570924712579043 ], [ 126.809174620432827, 37.570796287081109 ], [ 126.809059072591069, 37.570795468087987 ], [ 126.809056686962975, 37.570961552049752 ] ] ] } },
{ "type": "Feature", "properties": { "PNU": 1.1500109001013201e+18, "피해위치(": "서울특별시 강서구 방화동 132-30 B02호", "피해일시": "20250813 - 1100", "F_SHIM": 0.0, "F_AREA": 200.3397837, "F_AVR_HGT": 16.0139732, "ADM_CD": 1150010900, "F_YR": "2025", "F_ZONE_NM": "서울특별시 강서구 방화동 132-30 B02호", "TYPE": "주택", "TYPE2": "재난지원금" }, "geometry": { "type": "Polygon", "coordinates": [ [ [ 126.818565961100418, 37.577956078285922 ], [ 126.818378184085006, 37.577859688016986 ], [ 126.818367668418361, 37.577882313470319 ], [ 126.818349212047366, 37.577925442043238 ], [ 126.81833956608375, 37.577948870720313 ], [ 126.81852470737978, 37.578044518155735 ], [ 126.818565961100418, 37.577956078285922 ] ] ] } },
{ "type": "Feature", "properties": { "PNU": 1.15001090010557e+18, "피해위치(": "서울특별시 강서구 방화동 557-21 B03호", "피해일시": "20250823 - 1041", "F_SHIM": 0.0, "F_AREA": 210.227072, "F_AVR_HGT": 10.1485329, "ADM_CD": 1150010900, "F_YR": "2025", "F_ZONE_NM": "서울특별시 강서구 방화동 557-21 B03호", "TYPE": "주택", "TYPE2": "재난지원금" }, "geometry": { "type": "Polygon", "coordinates": [ [ [ 126.809024695482947, 37.57229519399376 ], [ 126.809089736916434, 37.572410364979426 ], [ 126.809252362704783, 37.572350921571896 ], [ 126.809223879040161, 37.572277273613025 ], [ 126.809062690995589, 37.572270731090995 ], [ 126.809030670510964, 37.572269507606912 ], [ 126.809026712878264, 37.572272240152593 ], [ 126.809024695482947, 37.57229519399376 ] ] ] } },
{ "type": "Feature", "properties": { "PNU": 1.15001090010495e+18, "피해위치(": "서울특별시 강서구 방화동 495-7 지하1층 힐링예술터", "피해일시": "20250813 - 1624", "F_SHIM": 0.0, "F_AREA": 28.5282831, "F_AVR_HGT": 12.350379, "ADM_CD": 1150010900, "F_YR": "2025", "F_ZONE_NM": "서울특별시 강서구 방화동 495-7 지하1층 힐링예술터", "TYPE": "소상공인", "TYPE2": "재난지원금" }, "geometry": { "type": "Polygon", "coordinates": [ [ [ 126.806643652289665, 37.573206194214748 ], [ 126.806768985857474, 37.573175956707622 ], [ 126.806772590837653, 37.573152203650466 ], [ 126.806637105278767, 37.573186046368384 ], [ 126.806643652289665, 37.573206194214748 ] ] ] } },
{ "type": "Feature", "properties": { "PNU": 1.15001090010616e+18, "피해위치(": "서울특별시 강서구 방화동 616-4", "피해일시": "20250823 - 1425", "F_SHIM": 0.0, "F_AREA": 122.3522888, "F_AVR_HGT": 8.9791832, "ADM_CD": 1150010900, "F_YR": "2025", "F_ZONE_NM": "서울특별시 강서구 방화동 616-4", "TYPE": "주택", "TYPE2": "재난지원금" }, "geometry": { "type": "Polygon", "coordinates": [ [ [ 126.808042783157774, 37.565429069689294 ], [ 126.808040778962919, 37.565350590409061 ], [ 126.80789737210668, 37.565350057998018 ], [ 126.80790214266969, 37.565448570765014 ], [ 126.807976639896751, 37.565436493538058 ], [ 126.808042783157774, 37.565429069689294 ] ] ] } },
{ "type": "Feature", "properties": { "PNU": 1.13801090010029e+18, "피해위치(": "서울특별시 은평구 신사동 29-30 지하", "피해일시": "20250813 - 1200", "F_SHIM": 0.0, "F_AREA": 462.1269663, "F_AVR_HGT": 29.2924706, "ADM_CD": 1138010900, "F_YR": "2025", "F_ZONE_NM": "서울특별시 은평구 신사동 29-30 지하", "TYPE": "소상공인", "TYPE2": "재난지원금" }, "geometry": { "type": "Polygon", "coordinates": [ [ [ 126.909489779816298, 37.596465562881157 ], [ 126.909803128196273, 37.596350030381089 ], [ 126.90974388804041, 37.596180779608567 ], [ 126.909680978869488, 37.59623307782833 ], [ 126.909492098809679, 37.596329516163507 ], [ 126.909458931430109, 37.596413101579415 ], [ 126.909489779816298, 37.596465562881157 ] ] ] } },
{ "type": "Feature", "properties": { "PNU": 1.1380101001007601e+18, "피해위치(": "서울특별시 은평구 수색동 76-31 1층 반지층", "피해일시": "20250813 - 1200", "F_SHIM": 0.0, "F_AREA": 155.2534958, "F_AVR_HGT": 13.4530064, "ADM_CD": 1138010100, "F_YR": "2025", "F_ZONE_NM": "서울특별시 은평구 수색동 76-31 1층 반지층", "TYPE": "소상공인", "TYPE2": "재난지원금" }, "geometry": { "type": "Polygon", "coordinates": [ [ [ 126.898721872088856, 37.580484559084603 ], [ 126.898760960292378, 37.580462248662528 ], [ 126.898818053204479, 37.580436800441106 ], [ 126.898898620233112, 37.580382459959011 ], [ 126.898910628787149, 37.580376424781029 ], [ 126.898912220650445, 37.580371380642987 ], [ 126.898928373231811, 37.580315443449983 ], [ 126.898898689491475, 37.580331995793081 ], [ 126.898855862252844, 37.580356645573382 ], [ 126.898871966635809, 37.58033584680048 ], [ 126.898858394435422, 37.58032637464563 ], [ 126.898862248643425, 37.58032268395457 ], [ 126.898852745445595, 37.580317990563152 ], [ 126.898711118133392, 37.580401478811574 ], [ 126.898719933401978, 37.580412478517289 ], [ 126.898746043803513, 37.580442413985921 ], [ 126.898709892626798, 37.580469412088071 ], [ 126.898721872088856, 37.580484559084603 ] ] ] } },
{ "type": "Feature", "properties": { "PNU": 1.15001090010646e+18, "피해위치(": "서울특별시 강서구 방화동 646-76 b02호", "피해일시": "20250813 - 1127", "F_SHIM": 0.0, "F_AREA": 115.254143, "F_AVR_HGT": 9.2795315, "ADM_CD": 1150010900, "F_YR": "2025", "F_ZONE_NM": "서울특별시 강서구 방화동 646-76 b02호", "TYPE": "주택", "TYPE2": "재난지원금" }, "geometry": { "type": "Polygon", "coordinates": [ [ [ 126.807580502314266, 37.56635511178672 ], [ 126.807539783210771, 37.566287236599905 ], [ 126.807402446007771, 37.56633730398746 ], [ 126.807442101165847, 37.566409493200595 ], [ 126.807580502314266, 37.56635511178672 ] ] ] } },
{ "type": "Feature", "properties": { "PNU": 1.15001090010646e+18, "피해위치(": "서울특별시 강서구 방화동 646-85 지층 좌측", "피해일시": "20250823 - 1108", "F_SHIM": 0.0, "F_AREA": 118.4344539, "F_AVR_HGT": 9.2795315, "ADM_CD": 1150010900, "F_YR": "2025", "F_ZONE_NM": "서울특별시 강서구 방화동 646-85 지층 좌측", "TYPE": "주택", "TYPE2": "재난지원금" }, "geometry": { "type": "Polygon", "coordinates": [ [ [ 126.807563565794382, 37.56623857731352 ], [ 126.807729479442614, 37.566181069440582 ], [ 126.807696278958076, 37.566120792958273 ], [ 126.807528829098672, 37.566177126977884 ], [ 126.807563565794382, 37.56623857731352 ] ] ] } },
{ "type": "Feature", "properties": { "PNU": 1.1500109001064602e+18, "피해위치(": "서울특별시 강서구 방화동 646-97 지층안쪽", "피해일시": "20250823 - 1408", "F_SHIM": 0.0, "F_AREA": 147.4451973, "F_AVR_HGT": 9.2795315, "ADM_CD": 1150010900, "F_YR": "2025", "F_ZONE_NM": "서울특별시 강서구 방화동 646-97 지층안쪽", "TYPE": "주택", "TYPE2": "재난지원금" }, "geometry": { "type": "Polygon", "coordinates": [ [ [ 126.808007793196836, 37.56671264883974 ], [ 126.807982165885065, 37.56665188030199 ], [ 126.807966835679622, 37.566622951504549 ], [ 126.807820317904586, 37.566673247591162 ], [ 126.807869710481441, 37.566761940695862 ], [ 126.808007793196836, 37.56671264883974 ] ] ] } },
{ "type": "Feature", "properties": { "PNU": 1.15001090010616e+18, "피해위치(": "서울특별시 강서구 방화동 616-7 A동 B01", "피해일시": "20250823 - 1200", "F_SHIM": 0.0, "F_AREA": 134.9017371, "F_AVR_HGT": 8.9791832, "ADM_CD": 1150010900, "F_YR": "2025", "F_ZONE_NM": "서울특별시 강서구 방화동 616-7 A동 B01", "TYPE": "주택", "TYPE2": "재난지원금" }, "geometry": { "type": "Polygon", "coordinates": [ [ [ 126.807756654477203, 37.565268278788345 ], [ 126.807862159961289, 37.565266821097723 ], [ 126.807872143449387, 37.565257926707339 ], [ 126.807872522574229, 37.565198912657856 ], [ 126.807871079070651, 37.565153140132693 ], [ 126.807744645150009, 37.565154725663589 ], [ 126.807756654477203, 37.565268278788345 ] ] ] } },
{ "type": "Feature", "properties": { "PNU": 1.15001090010616e+18, "피해위치(": "서울특별시 강서구 방화동 616-15 지층 01호", "피해일시": "20250822 - 1340", "F_SHIM": 0.0, "F_AREA": 177.8200077, "F_AVR_HGT": 8.7614536, "ADM_CD": 1150010900, "F_YR": "2025", "F_ZONE_NM": "서울특별시 강서구 방화동 616-15 지층 01호", "TYPE": "주택", "TYPE2": "재난지원금" }, "geometry": { "type": "Polygon", "coordinates": [ [ [ 126.807727174336378, 37.564947325735709 ], [ 126.807868577629591, 37.564934502433381 ], [ 126.807853702598763, 37.564808592075565 ], [ 126.807716026487611, 37.564815844366535 ], [ 126.807723035112815, 37.564906684410431 ], [ 126.807727174336378, 37.564947325735709 ] ] ] } },
{ "type": "Feature", "properties": { "PNU": 1.15001090010616e+18, "피해위치(": "서울특별시 강서구 방화동 616-19 지층 1호", "피해일시": "20250813 - 1100", "F_SHIM": 0.0, "F_AREA": 184.0614068, "F_AVR_HGT": 8.7614536, "ADM_CD": 1150010900, "F_YR": "2025", "F_ZONE_NM": "서울특별시 강서구 방화동 616-19 지층 1호", "TYPE": "주택", "TYPE2": "재난지원금" }, "geometry": { "type": "Polygon", "coordinates": [ [ [ 126.807880159784361, 37.564587803450308 ], [ 126.807877039111304, 37.564494708308601 ], [ 126.807808024474525, 37.56449670341128 ], [ 126.807687685286325, 37.56450102887375 ], [ 126.807664920069058, 37.564502388029389 ], [ 126.807679927632364, 37.564590105777114 ], [ 126.807880159784361, 37.564587803450308 ] ] ] } },
{ "type": "Feature", "properties": { "PNU": 1.15001090010616e+18, "피해위치(": "서울특별시 강서구 방화동 616-30   지하1층 엔터", "피해일시": "20250813 - 1621", "F_SHIM": 0.0, "F_AREA": 159.0669788, "F_AVR_HGT": 8.7614536, "ADM_CD": 1150010900, "F_YR": "2025", "F_ZONE_NM": "서울특별시 강서구 방화동 616-30   지하1층 엔터", "TYPE": "소상공인", "TYPE2": "재난지원금" }, "geometry": { "type": "Polygon", "coordinates": [ [ [ 126.807808024474525, 37.56449670341128 ], [ 126.807799007148972, 37.564403517502882 ], [ 126.807793581962144, 37.564356819430529 ], [ 126.807712514385344, 37.564367083785783 ], [ 126.807676090061094, 37.564363158755299 ], [ 126.807682418101919, 37.564428319548384 ], [ 126.807687685286325, 37.56450102887375 ], [ 126.807808024474525, 37.56449670341128 ] ] ] } },
{ "type": "Feature", "properties": { "PNU": 1.15001090010616e+18, "피해위치(": "서울특별시 강서구 방화동 616-32 지층 1호", "피해일시": "20250821 - 1108", "F_SHIM": 0.0, "F_AREA": 176.1522586, "F_AVR_HGT": 8.7614536, "ADM_CD": 1150010900, "F_YR": "2025", "F_ZONE_NM": "서울특별시 강서구 방화동 616-32 지층 1호", "TYPE": "주택", "TYPE2": "재난지원금" }, "geometry": { "type": "Polygon", "coordinates": [ [ [ 126.807470446202913, 37.564484066842667 ], [ 126.807550695045677, 37.564479693766955 ], [ 126.807547189459001, 37.564408618116737 ], [ 126.80754587097158, 37.564345267521382 ], [ 126.807461419120656, 37.564320621889337 ], [ 126.807423164972278, 37.564315252193417 ], [ 126.807428126881831, 37.56437028365545 ], [ 126.807435353897816, 37.564450960943311 ], [ 126.80743751915422, 37.564484553315005 ], [ 126.807470446202913, 37.564484066842667 ] ] ] } },
{ "type": "Feature", "properties": { "PNU": 1.15001090010617e+18, "피해위치(": "서울특별시 강서구 방화동 617-4 지층", "피해일시": "20250909 - 1448", "F_SHIM": 0.0, "F_AREA": 195.9613694, "F_AVR_HGT": 8.2557569, "ADM_CD": 1150010900, "F_YR": "2025", "F_ZONE_NM": "서울특별시 강서구 방화동 617-4 지층", "TYPE": "주택", "TYPE2": "재난지원금" }, "geometry": { "type": "Polygon", "coordinates": [ [ [ 126.807491223555672, 37.565497973075779 ], [ 126.807480563446035, 37.565353130856643 ], [ 126.807339365884943, 37.565347411711635 ], [ 126.807341893272621, 37.565372301137984 ], [ 126.807352760774322, 37.565485104601635 ], [ 126.807412386107814, 37.565494527859627 ], [ 126.807471208919296, 37.565499165525992 ], [ 126.807491223555672, 37.565497973075779 ] ] ] } },
{ "type": "Feature", "properties": { "PNU": 1.15001090010617e+18, "피해위치(": "서울특별시 강서구 방화동 617-6 지층 1호", "피해일시": "20250813 - 1100", "F_SHIM": 0.0, "F_AREA": 142.7986393, "F_AVR_HGT": 8.2557569, "ADM_CD": 1150010900, "F_YR": "2025", "F_ZONE_NM": "서울특별시 강서구 방화동 617-6 지층 1호", "TYPE": "주택", "TYPE2": "재난지원금" }, "geometry": { "type": "Polygon", "coordinates": [ [ [ 126.807330482319358, 37.565272651192508 ], [ 126.807451387796476, 37.565273039190735 ], [ 126.80744764271499, 37.565237588193114 ], [ 126.807444682773053, 37.565161269699608 ], [ 126.807443934934852, 37.565152853248478 ], [ 126.807317745761324, 37.565156078521518 ], [ 126.807330482319358, 37.565272651192508 ] ] ] } },
{ "type": "Feature", "properties": { "PNU": 1.15001090010617e+18, "피해위치(": "서울특별시 강서구 방화동 617-11 지층", "피해일시": "20250821 - 1426", "F_SHIM": 0.0, "F_AREA": 144.1270295, "F_AVR_HGT": 8.9791832, "ADM_CD": 1150010900, "F_YR": "2025", "F_ZONE_NM": "서울특별시 강서구 방화동 617-11 지층", "TYPE": "주택", "TYPE2": "재난지원금" }, "geometry": { "type": "Polygon", "coordinates": [ [ [ 126.807451387796476, 37.565273039190735 ], [ 126.807570782810799, 37.56527101894774 ], [ 126.807579852567727, 37.565256582009035 ], [ 126.807570114755208, 37.565153231774637 ], [ 126.807444682773053, 37.565161269699608 ], [ 126.80744764271499, 37.565237588193114 ], [ 126.807451387796476, 37.565273039190735 ] ] ] } },
{ "type": "Feature", "properties": { "PNU": 1.15001090010617e+18, "피해위치(": "서울특별시 강서구 방화동 617-19 B동 지층 1호", "피해일시": "20250813 - 1100", "F_SHIM": 0.0, "F_AREA": 148.8082484, "F_AVR_HGT": 8.7614536, "ADM_CD": 1150010900, "F_YR": "2025", "F_ZONE_NM": "서울특별시 강서구 방화동 617-19 B동 지층 1호", "TYPE": "주택", "TYPE2": "재난지원금" }, "geometry": { "type": "Polygon", "coordinates": [ [ [ 126.807615460340344, 37.565147747161518 ], [ 126.80774239143112, 37.565142117151673 ], [ 126.807734134001649, 37.565065816999052 ], [ 126.807729631125298, 37.565021363901351 ], [ 126.807604972199968, 37.565028186932963 ], [ 126.807615460340344, 37.565147747161518 ] ] ] } },
{ "type": "Feature", "properties": { "PNU": 1.1500109001053801e+18, "피해위치(": "서울특별시 강서구 방화동 538-41   지층 인테리어에 반하다", "피해일시": "20250813 - 1353", "F_SHIM": 0.0, "F_AREA": 98.9150684, "F_AVR_HGT": 8.6465549, "ADM_CD": 1150010900, "F_YR": "2025", "F_ZONE_NM": "서울특별시 강서구 방화동 538-41   지층 인테리어에 반하다", "TYPE": "소상공인", "TYPE2": "재난지원금" }, "geometry": { "type": "Polygon", "coordinates": [ [ [ 126.807905324211205, 37.570748694532561 ], [ 126.807863432730613, 37.570699774338635 ], [ 126.807842283633434, 37.570675169744497 ], [ 126.807706113924425, 37.570721590358559 ], [ 126.807614724574094, 37.570746019210276 ], [ 126.807725077113886, 37.570746659901801 ], [ 126.807905324211205, 37.570748694532561 ] ] ] } },
{ "type": "Feature", "properties": { "PNU": 1.1500108001001101e+18, "피해위치(": "서울특별시 강서구 공항동 11-39", "피해일시": "20250814 - 1100", "F_SHIM": 0.0, "F_AREA": 439.2395005, "F_AVR_HGT": 9.5066624, "ADM_CD": 1150010800, "F_YR": "2025", "F_ZONE_NM": "서울특별시 강서구 공항동 11-39", "TYPE": "주택", "TYPE2": "재난지원금" }, "geometry": { "type": "Polygon", "coordinates": [ [ [ 126.815653797468372, 37.561610404631509 ], [ 126.815542876543702, 37.561616149464825 ], [ 126.81552936687676, 37.56173739215992 ], [ 126.815717082123811, 37.56176798792626 ], [ 126.815790689177064, 37.561779690437838 ], [ 126.815807661318374, 37.561717918367286 ], [ 126.815820186090804, 37.561669546000687 ], [ 126.815828568253494, 37.561639475193786 ], [ 126.815843092884236, 37.561592484480833 ], [ 126.815804904731266, 37.56156996279087 ], [ 126.815745121309732, 37.561593132254991 ], [ 126.815678188521659, 37.561610235796849 ], [ 126.815653797468372, 37.561610404631509 ] ] ] } },
{ "type": "Feature", "properties": { "PNU": 1.13801030010319e+18, "피해위치(": "서울특별시 은평구 불광동 319-34 옷가게", "피해일시": "20250813 - 1200", "F_SHIM": 0.0, "F_AREA": 13.5400074, "F_AVR_HGT": 29.5953671, "ADM_CD": 1138010300, "F_YR": "2025", "F_ZONE_NM": "서울특별시 은평구 불광동 319-34 옷가게", "TYPE": "소상공인", "TYPE2": "재난지원금" }, "geometry": { "type": "Polygon", "coordinates": [ [ [ 126.92408292841462, 37.620120145658078 ], [ 126.924027909260516, 37.620091007886295 ], [ 126.924013840556384, 37.620113342952592 ], [ 126.924073058012652, 37.620135455841712 ], [ 126.92408292841462, 37.620120145658078 ] ] ] } },
{ "type": "Feature", "properties": { "PNU": 1.13801030010238e+18, "피해위치(": "서울특별시 은평구 불광동 238-24 지층 3호", "피해일시": "20250813 - 1200", "F_SHIM": 0.0, "F_AREA": 234.9702468, "F_AVR_HGT": 35.2114464, "ADM_CD": 1138010300, "F_YR": "2025", "F_ZONE_NM": "서울특별시 은평구 불광동 238-24 지층 3호", "TYPE": "주택", "TYPE2": "재난지원금" }, "geometry": { "type": "Polygon", "coordinates": [ [ [ 126.932039918405081, 37.616618483116035 ], [ 126.932215122289833, 37.616636966141456 ], [ 126.932221795673257, 37.616524888068056 ], [ 126.932247556106375, 37.616471745333079 ], [ 126.932133812827601, 37.6164990683247 ], [ 126.932078865653821, 37.61651381208852 ], [ 126.932049416629539, 37.616513974952753 ], [ 126.932033332268617, 37.616514776365932 ], [ 126.932039918405081, 37.616618483116035 ] ] ] } },
{ "type": "Feature", "properties": { "PNU": 1.13801030010238e+18, "피해위치(": "서울특별시 은평구 불광동 238-28 지층 1호", "피해일시": "20250813 - 1200", "F_SHIM": 0.0, "F_AREA": 241.5539858, "F_AVR_HGT": 35.2114464, "ADM_CD": 1138010300, "F_YR": "2025", "F_ZONE_NM": "서울특별시 은평구 불광동 238-28 지층 1호", "TYPE": "주택", "TYPE2": "재난지원금" }, "geometry": { "type": "Polygon", "coordinates": [ [ [ 126.932288831591748, 37.616543127221924 ], [ 126.932460414884375, 37.616557283052224 ], [ 126.932460996040263, 37.616541245936716 ], [ 126.932515939125977, 37.616408293329563 ], [ 126.932517304379616, 37.616401716968895 ], [ 126.932434054267915, 37.616402298949751 ], [ 126.932381376021709, 37.616413260064128 ], [ 126.932319381416804, 37.616455119329324 ], [ 126.932295442966236, 37.616497811773293 ], [ 126.932288831591748, 37.616543127221924 ] ] ] } },
{ "type": "Feature", "properties": { "PNU": 1.1560132001023099e+18, "피해위치(": "서울 영등포구 도신로  231-8 (신길동)", "피해일시": "20250708", "F_SHIM": 0.0, "F_AREA": 139.8805042, "F_AVR_HGT": 18.9607533, "ADM_CD": 1156013200, "F_YR": "2025", "F_ZONE_NM": "서울 영등포구 도신로  231-8 (신길동)", "TYPE": "주택", "TYPE2": "풍수해보험금" }, "geometry": { "type": "Polygon", "coordinates": [ [ [ 126.909714407170796, 37.507368017072146 ], [ 126.909785021919674, 37.507362656932827 ], [ 126.909844789333178, 37.507358162301536 ], [ 126.909842316002596, 37.507262762786716 ], [ 126.909805667573025, 37.507266158130626 ], [ 126.909775058566296, 37.507269630233317 ], [ 126.909708921740958, 37.507275732664745 ], [ 126.909669356788086, 37.507277936383225 ], [ 126.909694955731041, 37.507329673529206 ], [ 126.909714407170796, 37.507368017072146 ] ] ] } },
{ "type": "Feature", "properties": { "PNU": 1.1590102001001999e+18, "피해위치(": "서울 동작구 상도2동 20-8번지 건물(동)명 이름없음 지하 1층", "피해일시": "20250516", "F_SHIM": 0.0, "F_AREA": 607.1799851, "F_AVR_HGT": 56.1534355, "ADM_CD": 1159010200, "F_YR": "2025", "F_ZONE_NM": "서울 동작구 상도2동 20-8번지 건물(동)명 이름없음 지하 1층", "TYPE": "주택", "TYPE2": "풍수해보험금" }, "geometry": { "type": "Polygon", "coordinates": [ [ [ 126.947447251919769, 37.505728279174434 ], [ 126.947307307099379, 37.505631916398173 ], [ 126.947212572040755, 37.505591778487201 ], [ 126.947131805046709, 37.505660127063912 ], [ 126.947070117872869, 37.505712284439994 ], [ 126.947127351121239, 37.505781948920799 ], [ 126.947177351879347, 37.505843825426048 ], [ 126.947233750127779, 37.50591111083574 ], [ 126.947447251919769, 37.505728279174434 ] ] ] } },
{ "type": "Feature", "properties": { "PNU": 1.15901020010002e+18, "피해위치(": "서울 동작구 만양로2길 72-3, 지층 101호", "피해일시": "20250516", "F_SHIM": 0.0, "F_AREA": 198.7100695, "F_AVR_HGT": 71.418576, "ADM_CD": 1159010200, "F_YR": "2025", "F_ZONE_NM": "서울 동작구 만양로2길 72-3, 지층 101호", "TYPE": "주택", "TYPE2": "풍수해보험금" }, "geometry": { "type": "Polygon", "coordinates": [ [ [ 126.951314189009238, 37.507327391529145 ], [ 126.951350102081648, 37.507253948456338 ], [ 126.951287563319639, 37.507212223715463 ], [ 126.951248143241941, 37.507185762669664 ], [ 126.951202856099613, 37.507155172543087 ], [ 126.951182982229184, 37.507141739213331 ], [ 126.951136264444344, 37.507220529554758 ], [ 126.951145176583651, 37.507254356803038 ], [ 126.951208809915542, 37.507282882471202 ], [ 126.951314189009238, 37.507327391529145 ] ] ] } },
{ "type": "Feature", "properties": { "PNU": 1.1305102001014802e+18, "피해위치(": "서울특별시 강북구 번동 148-201 청포빌라 1동 지층1호", "피해일시": "20250821 - 1604", "F_SHIM": 0.0, "F_AREA": 225.7887187, "F_AVR_HGT": 65.018399, "ADM_CD": 1130510200, "F_YR": "2025", "F_ZONE_NM": "서울특별시 강북구 번동 148-201 청포빌라 1동 지층1호", "TYPE": "주택", "TYPE2": "재난지원금" }, "geometry": { "type": "Polygon", "coordinates": [ [ [ 127.03530314640939, 37.627095181327938 ], [ 127.035379603111437, 37.627002727959749 ], [ 127.035225821342024, 37.626920719808396 ], [ 127.035139389698358, 37.62702473548358 ], [ 127.035293511177471, 37.627106185041754 ], [ 127.03530314640939, 37.627095181327938 ] ] ] } },
{ "type": "Feature", "properties": { "PNU": 1.15001050011371e+18, "피해위치(": "서울특별시 강서구 마곡동 1371 가동 b01호", "피해일시": "20250822 - 1727", "F_SHIM": 0.0, "F_AREA": 341.3444748, "F_AVR_HGT": 9.9978704, "ADM_CD": 1150010500, "F_YR": "2025", "F_ZONE_NM": "서울특별시 강서구 마곡동 1371 가동 b01호", "TYPE": "주택", "TYPE2": "재난지원금" }, "geometry": { "type": "Polygon", "coordinates": [ [ [ 126.818055507565404, 37.571045876287464 ], [ 126.817914328451678, 37.571004869155701 ], [ 126.817745536889348, 37.570956340688795 ], [ 126.817703140062704, 37.571073538092804 ], [ 126.817847572342231, 37.571103522461918 ], [ 126.81798865255746, 37.571134150153867 ], [ 126.818020516274032, 37.571097628636664 ], [ 126.818055507565404, 37.571045876287464 ] ] ] } },
{ "type": "Feature", "properties": { "PNU": 1.1305101001025804e+18, "피해위치(": "서울특별시 강북구 미아동 258-318 지하1층", "피해일시": "20250813 - 1300", "F_SHIM": 0.0, "F_AREA": 167.3330182, "F_AVR_HGT": 66.0392273, "ADM_CD": 1130510100, "F_YR": "2025", "F_ZONE_NM": "서울특별시 강북구 미아동 258-318 지하1층", "TYPE": "소상공인", "TYPE2": "재난지원금" }, "geometry": { "type": "Polygon", "coordinates": [ [ [ 127.029852660560437, 37.625855688055495 ], [ 127.029855832925236, 37.625857137870625 ], [ 127.029925235263278, 37.625757941373955 ], [ 127.029791510290451, 37.625700274765769 ], [ 127.029770803233944, 37.625731048171531 ], [ 127.02972450941094, 37.625799650806719 ], [ 127.029852660560437, 37.625855688055495 ] ] ] } },
{ "type": "Feature", "properties": { "PNU": 1.1305101001025802e+18, "피해위치(": "서울특별시 강북구 미아동 258-225 지층 101호", "피해일시": "20250822 - 1734", "F_SHIM": 0.0, "F_AREA": 217.9838878, "F_AVR_HGT": 81.7850464, "ADM_CD": 1130510100, "F_YR": "2025", "F_ZONE_NM": "서울특별시 강북구 미아동 258-225 지층 101호", "TYPE": "주택", "TYPE2": "재난지원금" }, "geometry": { "type": "Polygon", "coordinates": [ [ [ 127.032821467412049, 37.622721303774682 ], [ 127.032996016551408, 37.622759368795364 ], [ 127.033036666473109, 37.622641951260057 ], [ 127.032862683084574, 37.622601804884908 ], [ 127.032854095957276, 37.622626539062921 ], [ 127.032821467412049, 37.622721303774682 ] ] ] } },
{ "type": "Feature", "properties": { "PNU": 1.1410118001000905e+18, "피해위치(": "서울특별시 서대문구 홍은동 9-490 ㅇㅇ빌라 ㅇㅇ동 ㅇㅇ호", "피해일시": "20250813 - 1100", "F_SHIM": 0.0, "F_AREA": 173.486929, "F_AVR_HGT": 44.1380997, "ADM_CD": 1141011800, "F_YR": "2025", "F_ZONE_NM": "서울특별시 서대문구 홍은동 9-490 ㅇㅇ빌라 ㅇㅇ동 ㅇㅇ호", "TYPE": "주택", "TYPE2": "재난지원금" }, "geometry": { "type": "Polygon", "coordinates": [ [ [ 126.947711875151171, 37.598864168084937 ], [ 126.947709775674682, 37.598839065729081 ], [ 126.947790961405076, 37.59883165157958 ], [ 126.947850708193087, 37.598828354132216 ], [ 126.947891040334298, 37.598817128190639 ], [ 126.947984587650438, 37.59879944831242 ], [ 126.948127682933318, 37.59877284401751 ], [ 126.948173313182082, 37.598763521450898 ], [ 126.948057938493918, 37.59877445223816 ], [ 126.948050503374645, 37.598688873460908 ], [ 126.94793956660331, 37.598701346824676 ], [ 126.947953845855679, 37.598796190824785 ], [ 126.947836522510926, 37.59880834584866 ], [ 126.947758084955211, 37.598820680650938 ], [ 126.947756414463342, 37.598828869829603 ], [ 126.94771424113425, 37.598833679883725 ], [ 126.947619572749517, 37.598835528756496 ], [ 126.947615638683018, 37.598842050080073 ], [ 126.947626650489866, 37.598850731579063 ], [ 126.947710980455469, 37.598880052015126 ], [ 126.947711875151171, 37.598864168084937 ] ] ] } },
{ "type": "Feature", "properties": { "PNU": 1.13801030010238e+18, "피해위치(": "서울특별시 은평구 불광동 238-2 지층 나호", "피해일시": "20250813 - 1200", "F_SHIM": 0.0, "F_AREA": 199.0234172, "F_AVR_HGT": 34.1928497, "ADM_CD": 1138010300, "F_YR": "2025", "F_ZONE_NM": "서울특별시 은평구 불광동 238-2 지층 나호", "TYPE": "주택", "TYPE2": "재난지원금" }, "geometry": { "type": "Polygon", "coordinates": [ [ [ 126.9323115676642, 37.616209056922578 ], [ 126.932362313523811, 37.616205392650258 ], [ 126.932401730940953, 37.61620388407551 ], [ 126.932423459441537, 37.616223628276785 ], [ 126.932453353241868, 37.616232295190322 ], [ 126.932484508366926, 37.616224294691193 ], [ 126.932474566508191, 37.616196808963586 ], [ 126.932480183932952, 37.616123832812406 ], [ 126.932467658419753, 37.616085443705522 ], [ 126.932282426737544, 37.616121374406568 ], [ 126.9323115676642, 37.616209056922578 ] ] ] } },
{ "type": "Feature", "properties": { "PNU": 1.13801030010238e+18, "피해위치(": "서울특별시 은평구 불광동 238-46 B02호", "피해일시": "20250813 - 1200", "F_SHIM": 0.0, "F_AREA": 161.4682276, "F_AVR_HGT": 35.2114464, "ADM_CD": 1138010300, "F_YR": "2025", "F_ZONE_NM": "서울특별시 은평구 불광동 238-46 B02호", "TYPE": "주택", "TYPE2": "재난지원금" }, "geometry": { "type": "Polygon", "coordinates": [ [ [ 126.932423818420432, 37.61681494209104 ], [ 126.932428929530033, 37.616799628413062 ], [ 126.932429270326182, 37.616798547435849 ], [ 126.932442676966772, 37.616753866645425 ], [ 126.932450959743221, 37.61673828452858 ], [ 126.932452798485855, 37.616709634420843 ], [ 126.93237419698994, 37.61670472309801 ], [ 126.932272943901609, 37.616698266766605 ], [ 126.932250112423489, 37.616768529856003 ], [ 126.932297785388386, 37.616781171557363 ], [ 126.932423818420432, 37.61681494209104 ] ] ] } },
{ "type": "Feature", "properties": { "PNU": 1.150010500108e+18, "피해위치(": "서울특별시 강서구 마곡동 800-1  B동 405~407호", "피해일시": "20250813 - 1216", "F_SHIM": 0.0, "F_AREA": 4558.0215322000004, "F_AVR_HGT": 8.0595131, "ADM_CD": 1150010500, "F_YR": "2025", "F_ZONE_NM": "서울특별시 강서구 마곡동 800-1  B동 405~407호", "TYPE": "소상공인", "TYPE2": "재난지원금" }, "geometry": { "type": "Polygon", "coordinates": [ [ [ 126.830539081660021, 37.559093642371536 ], [ 126.830905742477782, 37.559059484682017 ], [ 126.831041248244773, 37.559045444781731 ], [ 126.831543648117673, 37.558993911733118 ], [ 126.831474740518829, 37.558537912260107 ], [ 126.830972343456978, 37.558589535125542 ], [ 126.830468474000469, 37.558641333916974 ], [ 126.830539081660021, 37.559093642371536 ] ] ] } },
{ "type": "Feature", "properties": { "PNU": 1.15001050010798e+18, "피해위치(": "서울특별시 강서구 마곡동 798-2   B110호", "피해일시": "20250813 - 0930", "F_SHIM": 0.0, "F_AREA": 2295.942911, "F_AVR_HGT": 9.2757168, "ADM_CD": 1150010500, "F_YR": "2025", "F_ZONE_NM": "서울특별시 강서구 마곡동 798-2   B110호", "TYPE": "소상공인", "TYPE2": "재난지원금" }, "geometry": { "type": "Polygon", "coordinates": [ [ [ 126.825216881884018, 37.55953162475214 ], [ 126.825276880266372, 37.559525767798135 ], [ 126.825399033535746, 37.559511444148669 ], [ 126.82588581584794, 37.559462434656993 ], [ 126.825832412931064, 37.559117637009905 ], [ 126.825163369886738, 37.559186376152653 ], [ 126.825216881884018, 37.55953162475214 ] ] ] } },
{ "type": "Feature", "properties": { "PNU": 1.15001050010798e+18, "피해위치(": "서울특별시 강서구 마곡동 798-3   401호 프라즈나 요가", "피해일시": "20250813 - 0930", "F_SHIM": 0.0, "F_AREA": 2482.4175433, "F_AVR_HGT": 10.0844841, "ADM_CD": 1150010500, "F_YR": "2025", "F_ZONE_NM": "서울특별시 강서구 마곡동 798-3   401호 프라즈나 요가", "TYPE": "소상공인", "TYPE2": "재난지원금" }, "geometry": { "type": "Polygon", "coordinates": [ [ [ 126.825832412931064, 37.559117637009905 ], [ 126.82588581584794, 37.559462434656993 ], [ 126.825892616933146, 37.559506232812829 ], [ 126.826439158547814, 37.559456589119577 ], [ 126.826521549400582, 37.559375595263859 ], [ 126.826482923014154, 37.559050839767288 ], [ 126.825832412931064, 37.559117637009905 ] ] ] } },
{ "type": "Feature", "properties": { "PNU": 1.12901230010109e+18, "피해위치(": "서울특별시 성북구 안암동3가 109-7", "피해일시": "20250814 - 1200", "F_SHIM": 0.0, "F_AREA": 134.895798, "F_AVR_HGT": 34.2197777, "ADM_CD": 1129012300, "F_YR": "2025", "F_ZONE_NM": "서울특별시 성북구 안암동3가 109-7", "TYPE": "주택", "TYPE2": "재난지원금" }, "geometry": { "type": "Polygon", "coordinates": [ [ [ 127.022684439720223, 37.583045692527612 ], [ 127.022692847097346, 37.583030022873722 ], [ 127.022669603578933, 37.583027729526158 ], [ 127.022643552969384, 37.583027626072294 ], [ 127.02265308656375, 37.582950923428612 ], [ 127.022628925584584, 37.582947026482181 ], [ 127.022575372775165, 37.582937918068012 ], [ 127.022569808966438, 37.582920160626209 ], [ 127.022563356993288, 37.582924513538927 ], [ 127.02253308119748, 37.582916085703175 ], [ 127.02251479587585, 37.582951912159956 ], [ 127.022516790382994, 37.58303944259405 ], [ 127.022549879811407, 37.583028498733981 ], [ 127.022684439720223, 37.583045692527612 ] ] ] } },
{ "type": "Feature", "properties": { "PNU": 1.13801080010019e+18, "피해위치(": "서울특별시 은평구 역촌동 19-13 B01호", "피해일시": "20250813 - 1200", "F_SHIM": 0.0, "F_AREA": 164.5141161, "F_AVR_HGT": 23.5221268, "ADM_CD": 1138010800, "F_YR": "2025", "F_ZONE_NM": "서울특별시 은평구 역촌동 19-13 B01호", "TYPE": "주택", "TYPE2": "재난지원금" }, "geometry": { "type": "Polygon", "coordinates": [ [ [ 126.919531682479175, 37.606540908390521 ], [ 126.919586884876963, 37.606495537226003 ], [ 126.919490349600395, 37.606414156534406 ], [ 126.919489014493166, 37.606413029378807 ], [ 126.919468421692031, 37.606396076600213 ], [ 126.919379777894065, 37.60647124694966 ], [ 126.919505951062376, 37.606562514083713 ], [ 126.919531682479175, 37.606540908390521 ] ] ] } },
{ "type": "Feature", "properties": { "PNU": 1.13801020010082e+18, "피해위치(": "서울특별시 은평구 녹번동 82-19 반지하", "피해일시": "20250813 - 1200", "F_SHIM": 0.0, "F_AREA": 138.6165196, "F_AVR_HGT": 25.1131035, "ADM_CD": 1138010200, "F_YR": "2025", "F_ZONE_NM": "서울특별시 은평구 녹번동 82-19 반지하", "TYPE": "주택", "TYPE2": "재난지원금" }, "geometry": { "type": "Polygon", "coordinates": [ [ [ 126.926643025476849, 37.60321389130047 ], [ 126.926744336083303, 37.603144129370435 ], [ 126.926659030312891, 37.603063617541238 ], [ 126.926655744328613, 37.603065507520711 ], [ 126.926557493247174, 37.603133379255212 ], [ 126.926643025476849, 37.60321389130047 ] ] ] } },
{ "type": "Feature", "properties": { "PNU": 1.13801020010151e+18, "피해위치(": "서울특별시 은평구 녹번동 151-76 지층 1호", "피해일시": "20250813 - 1200", "F_SHIM": 0.0, "F_AREA": 130.4242806, "F_AVR_HGT": 21.9455143, "ADM_CD": 1138010200, "F_YR": "2025", "F_ZONE_NM": "서울특별시 은평구 녹번동 151-76 지층 1호", "TYPE": "주택", "TYPE2": "재난지원금" }, "geometry": { "type": "Polygon", "coordinates": [ [ [ 126.925074386076858, 37.606198236972517 ], [ 126.925175332379311, 37.606135738108087 ], [ 126.925106234514388, 37.606040549669551 ], [ 126.925084143965989, 37.606047382830255 ], [ 126.925060080505389, 37.60610079548961 ], [ 126.925010682799126, 37.606121395971002 ], [ 126.925049459990092, 37.60618710270478 ], [ 126.925072891870073, 37.606197569277874 ], [ 126.925074386076858, 37.606198236972517 ] ] ] } },
{ "type": "Feature", "properties": { "PNU": 1.1320105001008e+18, "피해위치(": "서울특별시 도봉구 쌍문동 80-56", "피해일시": "20250813 - 1457", "F_SHIM": 0.0, "F_AREA": 141.1480754, "F_AVR_HGT": 32.3118217, "ADM_CD": 1132010500, "F_YR": "2025", "F_ZONE_NM": "서울특별시 도봉구 쌍문동 80-56", "TYPE": "소상공인", "TYPE2": "재난지원금" }, "geometry": { "type": "Polygon", "coordinates": [ [ [ 127.036005555008103, 37.652096664574628 ], [ 127.035946808272598, 37.651993700249882 ], [ 127.035861947330531, 37.652025889801493 ], [ 127.035842361751463, 37.652066259196104 ], [ 127.035887837618418, 37.652142198178389 ], [ 127.036005555008103, 37.652096664574628 ] ] ] } },
{ "type": "Feature", "properties": { "PNU": 1.13201050010085e+18, "피해위치(": "서울특별시 도봉구 쌍문동 85-14 지하", "피해일시": "20250821 - 1508", "F_SHIM": 0.0, "F_AREA": 132.9724421, "F_AVR_HGT": 41.152623, "ADM_CD": 1132010500, "F_YR": "2025", "F_ZONE_NM": "서울특별시 도봉구 쌍문동 85-14 지하", "TYPE": "주택", "TYPE2": "재난지원금" }, "geometry": { "type": "Polygon", "coordinates": [ [ [ 127.034331624569532, 37.651619805229188 ], [ 127.034330043703321, 37.651632509422086 ], [ 127.034315878569913, 37.651631702482597 ], [ 127.034307190060758, 37.651715856000031 ], [ 127.034378468408903, 37.651718358901405 ], [ 127.0343812913639, 37.651695653535157 ], [ 127.034384341549227, 37.651674299568555 ], [ 127.034480211647463, 37.651680687769549 ], [ 127.034471907951584, 37.651660778532637 ], [ 127.034477923236025, 37.651656443160746 ], [ 127.034528979498603, 37.651619660080947 ], [ 127.034391338930234, 37.651609967975169 ], [ 127.034389871869109, 37.651623753307675 ], [ 127.034331624569532, 37.651619805229188 ] ] ] } },
{ "type": "Feature", "properties": { "PNU": 1.1320105001008102e+18, "피해위치(": "서울특별시 도봉구 쌍문동 81-263", "피해일시": "20250813 - 1200", "F_SHIM": 0.0, "F_AREA": 104.2029567, "F_AVR_HGT": 51.9304779, "ADM_CD": 1132010500, "F_YR": "2025", "F_ZONE_NM": "서울특별시 도봉구 쌍문동 81-263", "TYPE": "주택", "TYPE2": "재난지원금" }, "geometry": { "type": "Polygon", "coordinates": [ [ [ 127.033244681745174, 37.652698209587051 ], [ 127.03332784563159, 37.652668004524521 ], [ 127.033357983618544, 37.652656103522126 ], [ 127.033312282605749, 37.652578361681108 ], [ 127.033201813358261, 37.652619385771736 ], [ 127.033244681745174, 37.652698209587051 ] ] ] } },
{ "type": "Feature", "properties": { "PNU": 1.13501050010071e+18, "피해위치(": "서울특별시 노원구 상계동 71-3 101호", "피해일시": "20250813 - 1200", "F_SHIM": 0.0, "F_AREA": 317.5512834, "F_AVR_HGT": 59.8290771, "ADM_CD": 1135010500, "F_YR": "2025", "F_ZONE_NM": "서울특별시 노원구 상계동 71-3 101호", "TYPE": "주택", "TYPE2": "재난지원금" }, "geometry": { "type": "Polygon", "coordinates": [ [ [ 127.084594153250123, 37.672707337054298 ], [ 127.08455199369962, 37.672448868864009 ], [ 127.084551448679264, 37.67243785035992 ], [ 127.08451465163995, 37.672434542659452 ], [ 127.084423775988924, 37.672818961213508 ], [ 127.084508727611009, 37.672764014264757 ], [ 127.084534211774553, 37.672746364311287 ], [ 127.084594153250123, 37.672707337054298 ] ] ] } },
{ "type": "Feature", "properties": { "PNU": 1.1320106001068301e+18, "피해위치(": "서울특별시 도봉구 방학동 683-24 B02호", "피해일시": "20250813 - 1200", "F_SHIM": 0.0, "F_AREA": 108.2925736, "F_AVR_HGT": 25.8116024, "ADM_CD": 1132010600, "F_YR": "2025", "F_ZONE_NM": "서울특별시 도봉구 방학동 683-24 B02호", "TYPE": "주택", "TYPE2": "재난지원금" }, "geometry": { "type": "Polygon", "coordinates": [ [ [ 127.041467601948327, 37.665350616097719 ], [ 127.041466533858724, 37.665260969617272 ], [ 127.041342655092507, 37.66526227286284 ], [ 127.041344176148769, 37.665351468704834 ], [ 127.041467601948327, 37.665350616097719 ] ] ] } },
{ "type": "Feature", "properties": { "PNU": 1.13201060010685e+18, "피해위치(": "서울특별시 도봉구 방학동 685-29 B02호", "피해일시": "20250813 - 1200", "F_SHIM": 0.0, "F_AREA": 86.237247, "F_AVR_HGT": 26.0859612, "ADM_CD": 1132010600, "F_YR": "2025", "F_ZONE_NM": "서울특별시 도봉구 방학동 685-29 B02호", "TYPE": "주택", "TYPE2": "재난지원금" }, "geometry": { "type": "Polygon", "coordinates": [ [ [ 127.040200298338505, 37.66523616434305 ], [ 127.040200145263228, 37.665159581662117 ], [ 127.040085107159513, 37.665161060882653 ], [ 127.040086053721907, 37.665238093790968 ], [ 127.040200298338505, 37.66523616434305 ] ] ] } },
{ "type": "Feature", "properties": { "PNU": 1.13201060010657e+18, "피해위치(": "서울특별시 도봉구 방학동 657-17   3층", "피해일시": "20250822 - 1319", "F_SHIM": 0.0, "F_AREA": 426.6691494, "F_AVR_HGT": 26.2549389, "ADM_CD": 1132010600, "F_YR": "2025", "F_ZONE_NM": "서울특별시 도봉구 방학동 657-17   3층", "TYPE": "소상공인", "TYPE2": "재난지원금" }, "geometry": { "type": "Polygon", "coordinates": [ [ [ 127.041603717180081, 37.667449116514526 ], [ 127.041744593279333, 37.66743366192447 ], [ 127.041719010914122, 37.667284649715548 ], [ 127.041590035228424, 37.667298658676934 ], [ 127.041430912248089, 37.667315921203432 ], [ 127.041459327653214, 37.667465022612326 ], [ 127.041603717180081, 37.667449116514526 ] ] ] } },
{ "type": "Feature", "properties": { "PNU": 1.13801020010103e+18, "피해위치(": "서울특별시 은평구 녹번동 103-3 지층 2호", "피해일시": "20250813 - 1200", "F_SHIM": 0.0, "F_AREA": 189.0287369, "F_AVR_HGT": 23.8622433, "ADM_CD": 1138010200, "F_YR": "2025", "F_ZONE_NM": "서울특별시 은평구 녹번동 103-3 지층 2호", "TYPE": "주택", "TYPE2": "재난지원금" }, "geometry": { "type": "Polygon", "coordinates": [ [ [ 126.927637069620474, 37.605877353406868 ], [ 126.927579172173026, 37.605847755921268 ], [ 126.92745154486218, 37.605786616327613 ], [ 126.927379521316311, 37.605886715286047 ], [ 126.927431140128505, 37.605909533541627 ], [ 126.927429419802593, 37.605942724648095 ], [ 126.927474959614415, 37.605928833050989 ], [ 126.927637069620474, 37.605877353406868 ] ] ] } },
{ "type": "Feature", "properties": { "PNU": 1.1380109001033901e+18, "피해위치(": "서울특별시 은평구 신사동 339-28 지층", "피해일시": "20250813 - 1200", "F_SHIM": 0.0, "F_AREA": 184.2402788, "F_AVR_HGT": 14.498098, "ADM_CD": 1138010900, "F_YR": "2025", "F_ZONE_NM": "서울특별시 은평구 신사동 339-28 지층", "TYPE": "주택", "TYPE2": "재난지원금" }, "geometry": { "type": "Polygon", "coordinates": [ [ [ 126.912241710544563, 37.589267371282205 ], [ 126.912406249073229, 37.589246682862395 ], [ 126.912396966684739, 37.589150090290417 ], [ 126.912395181645905, 37.58912783461939 ], [ 126.912264851228429, 37.589136475698872 ], [ 126.912257264623022, 37.589137010553166 ], [ 126.912241710544563, 37.589267371282205 ] ] ] } },
{ "type": "Feature", "properties": { "PNU": 1.1380109001033901e+18, "피해위치(": "서울특별시 은평구 신사동 339-27 B동 지층02호", "피해일시": "20250813 - 1200", "F_SHIM": 0.0, "F_AREA": 425.916969, "F_AVR_HGT": 15.6028763, "ADM_CD": 1138010900, "F_YR": "2025", "F_ZONE_NM": "서울특별시 은평구 신사동 339-27 B동 지층02호", "TYPE": "주택", "TYPE2": "재난지원금" }, "geometry": { "type": "Polygon", "coordinates": [ [ [ 126.912141832568821, 37.589279729290446 ], [ 126.912241710544563, 37.589267371282205 ], [ 126.912257264623022, 37.589137010553166 ], [ 126.912264851228429, 37.589136475698872 ], [ 126.91226301346839, 37.589063584642645 ], [ 126.912265994924013, 37.589032052430284 ], [ 126.91226725586975, 37.589019079203048 ], [ 126.912255414569628, 37.5889796071164 ], [ 126.912063115692945, 37.589018023693022 ], [ 126.912141832568821, 37.589279729290446 ] ] ] } },
{ "type": "Feature", "properties": { "PNU": 1.14101190010376e+18, "피해위치(": "서울특별시 서대문구 북가좌동 376-13 행복빌라 1호", "피해일시": "20250813 - 1100", "F_SHIM": 0.0, "F_AREA": 256.8334217, "F_AVR_HGT": 27.7668877, "ADM_CD": 1141011900, "F_YR": "2025", "F_ZONE_NM": "서울특별시 서대문구 북가좌동 376-13 행복빌라 1호", "TYPE": "주택", "TYPE2": "재난지원금" }, "geometry": { "type": "Polygon", "coordinates": [ [ [ 126.906574587267187, 37.577909548962261 ], [ 126.906460668877173, 37.577837369365248 ], [ 126.906459081929469, 37.577838989863032 ], [ 126.906441322882401, 37.577827713231336 ], [ 126.906438149101007, 37.577830864127819 ], [ 126.906400459092538, 37.577807029704751 ], [ 126.906306178939474, 37.577897520862329 ], [ 126.906322399639194, 37.577907805188666 ], [ 126.90647268454515, 37.578003070444957 ], [ 126.906574587267187, 37.577909548962261 ] ] ] } },
{ "type": "Feature", "properties": { "PNU": 1.1410119001018601e+18, "피해위치(": "서울특별시 서대문구 북가좌동 186-97  빌라 지층 202호", "피해일시": "20250813 - 1100", "F_SHIM": 0.0, "F_AREA": 186.2029724, "F_AVR_HGT": 29.2290154, "ADM_CD": 1141011900, "F_YR": "2025", "F_ZONE_NM": "서울특별시 서대문구 북가좌동 186-97  빌라 지층 202호", "TYPE": "주택", "TYPE2": "재난지원금" }, "geometry": { "type": "Polygon", "coordinates": [ [ [ 126.907289293467144, 37.576795231849466 ], [ 126.907302531364977, 37.576800828531816 ], [ 126.907317988356937, 37.576644438598173 ], [ 126.90719037355386, 37.576599098162916 ], [ 126.907190302910081, 37.576735876887135 ], [ 126.907190292080614, 37.576753437107719 ], [ 126.907250541479058, 37.576778875034989 ], [ 126.907289293467144, 37.576795231849466 ] ] ] } },
{ "type": "Feature", "properties": { "PNU": 1.14101190010368e+18, "피해위치(": "서울특별시 서대문구 북가좌동 368-1 배명하이츠빌라 2호", "피해일시": "20250813 - 1100", "F_SHIM": 0.0, "F_AREA": 240.2885657, "F_AVR_HGT": 18.9208755, "ADM_CD": 1141011900, "F_YR": "2025", "F_ZONE_NM": "서울특별시 서대문구 북가좌동 368-1 배명하이츠빌라 2호", "TYPE": "주택", "TYPE2": "재난지원금" }, "geometry": { "type": "Polygon", "coordinates": [ [ [ 126.9062491750215, 37.578745212951446 ], [ 126.906330925199271, 37.578822943914254 ], [ 126.906387297562759, 37.578826953693699 ], [ 126.906501281200349, 37.578750912147186 ], [ 126.906422357442693, 37.578676066734324 ], [ 126.906393524278513, 37.578648743619411 ], [ 126.9062491750215, 37.578745212951446 ] ] ] } },
{ "type": "Feature", "properties": { "PNU": 1.14101190010367e+18, "피해위치(": "서울특별시 서대문구 북가좌동 367-16 연안빌라 지하호", "피해일시": "20250813 - 1100", "F_SHIM": 0.0, "F_AREA": 218.7129896, "F_AVR_HGT": 18.9208755, "ADM_CD": 1141011900, "F_YR": "2025", "F_ZONE_NM": "서울특별시 서대문구 북가좌동 367-16 연안빌라 지하호", "TYPE": "주택", "TYPE2": "재난지원금" }, "geometry": { "type": "Polygon", "coordinates": [ [ [ 126.906742414697447, 37.578660646953438 ], [ 126.906823486279507, 37.578738196834479 ], [ 126.906987662133531, 37.578629038770003 ], [ 126.90691712800465, 37.578544199455379 ], [ 126.906742414697447, 37.578660646953438 ] ] ] } },
{ "type": "Feature", "properties": { "PNU": 1.14101190010349e+18, "피해위치(": "서울특별시 서대문구 북가좌동 349-35 지하층", "피해일시": "20250813 - 1100", "F_SHIM": 0.0, "F_AREA": 169.3591088, "F_AVR_HGT": 20.2260151, "ADM_CD": 1141011900, "F_YR": "2025", "F_ZONE_NM": "서울특별시 서대문구 북가좌동 349-35 지하층", "TYPE": "주택", "TYPE2": "재난지원금" }, "geometry": { "type": "Polygon", "coordinates": [ [ [ 126.905314827636445, 37.578172806434765 ], [ 126.905325217564837, 37.578165913345387 ], [ 126.905233419615001, 37.578076893134245 ], [ 126.905207485490138, 37.57809329696174 ], [ 126.905216464388886, 37.578100836532819 ], [ 126.905118215321977, 37.578168762799329 ], [ 126.905202746096563, 37.578248424931317 ], [ 126.905314827636445, 37.578172806434765 ] ] ] } },
{ "type": "Feature", "properties": { "PNU": 1.14101190010369e+18, "피해위치(": "서울특별시 서대문구 북가좌동 369-26 B02호", "피해일시": "20250813 - 1100", "F_SHIM": 0.0, "F_AREA": 163.6166575, "F_AVR_HGT": 27.7668877, "ADM_CD": 1141011900, "F_YR": "2025", "F_ZONE_NM": "서울특별시 서대문구 북가좌동 369-26 B02호", "TYPE": "주택", "TYPE2": "재난지원금" }, "geometry": { "type": "Polygon", "coordinates": [ [ [ 126.906250930017393, 37.57816741182102 ], [ 126.906398506386878, 37.578024994769748 ], [ 126.906325546959096, 37.577978805457214 ], [ 126.906253906874397, 37.578052268160803 ], [ 126.906181365246326, 37.578122396442168 ], [ 126.906222991053042, 37.578149279445071 ], [ 126.906250930017393, 37.57816741182102 ] ] ] } },
{ "type": "Feature", "properties": { "PNU": 1.1410119001038001e+18, "피해위치(": "서울특별시 서대문구 북가좌동 380-3  빌라 지01호", "피해일시": "20250813 - 1100", "F_SHIM": 0.0, "F_AREA": 181.8454393, "F_AVR_HGT": 25.879673, "ADM_CD": 1141011900, "F_YR": "2025", "F_ZONE_NM": "서울특별시 서대문구 북가좌동 380-3  빌라 지01호", "TYPE": "주택", "TYPE2": "재난지원금" }, "geometry": { "type": "Polygon", "coordinates": [ [ [ 126.906059595711383, 37.576937500805897 ], [ 126.906164625011755, 37.576868209717155 ], [ 126.906051671440764, 37.576760090137327 ], [ 126.905977345850346, 37.576809674372328 ], [ 126.905972307520727, 37.576854539427373 ], [ 126.906059595711383, 37.576937500805897 ] ] ] } },
{ "type": "Feature", "properties": { "PNU": 1.14101190010349e+18, "피해위치(": "서울특별시 서대문구 북가좌동 349-24  아파트 지하호", "피해일시": "20250823 - 1538", "F_SHIM": 0.0, "F_AREA": 150.8452307, "F_AVR_HGT": 14.9880896, "ADM_CD": 1141011900, "F_YR": "2025", "F_ZONE_NM": "서울특별시 서대문구 북가좌동 349-24  아파트 지하호", "TYPE": "주택", "TYPE2": "재난지원금" }, "geometry": { "type": "Polygon", "coordinates": [ [ [ 126.90557047581882, 37.578654447534539 ], [ 126.905687973465589, 37.578575274194861 ], [ 126.905607514026158, 37.578498138483695 ], [ 126.905490334009329, 37.578576834479975 ], [ 126.90554170127831, 37.578625799809402 ], [ 126.90557047581882, 37.578654447534539 ] ] ] } },
{ "type": "Feature", "properties": { "PNU": 1.1305101001079119e+18, "피해위치(": "서울특별시 강북구 미아동 791-1926 B1호", "피해일시": "20250822 - 1815", "F_SHIM": 0.0, "F_AREA": 215.752868, "F_AVR_HGT": 98.3513382, "ADM_CD": 1130510100, "F_YR": "2025", "F_ZONE_NM": "서울특별시 강북구 미아동 791-1926 B1호", "TYPE": "주택", "TYPE2": "재난지원금" }, "geometry": { "type": "Polygon", "coordinates": [ [ [ 127.013819490503892, 37.623731731078607 ], [ 127.013855268417984, 37.623695823301993 ], [ 127.013853588131511, 37.623672794435521 ], [ 127.013755865250332, 37.623604492323999 ], [ 127.013695771041995, 37.623595524781123 ], [ 127.013567548747915, 37.623631189709272 ], [ 127.013596511562028, 37.623690173892619 ], [ 127.013610601106606, 37.623678036252883 ], [ 127.013662707704015, 37.623676409139421 ], [ 127.013742117833132, 37.62369964621913 ], [ 127.013742120679836, 37.623717035127704 ], [ 127.013819490503892, 37.623731731078607 ] ] ] } },
{ "type": "Feature", "properties": { "PNU": 1.13051030020127e+18, "피해위치(": "서울특별시 강북구 수유동 산127-1", "피해일시": "20250909 - 1518", "F_SHIM": 0.0, "F_AREA": 2809639.6362347002, "F_AVR_HGT": 230.3629425, "ADM_CD": 1130510300, "F_YR": "2025", "F_ZONE_NM": "서울특별시 강북구 수유동 산127-1", "TYPE": "주택", "TYPE2": "재난지원금" }, "geometry": { "type": "Polygon", "coordinates": [ [ [ 126.984200894925195, 37.636340649942071 ], [ 126.984461414813964, 37.636547516350717 ], [ 126.98474438119365, 37.636648340292737 ], [ 126.984855622899985, 37.636814487338334 ], [ 126.984936710060552, 37.63716497907992 ], [ 126.985084381466834, 37.637314444904383 ], [ 126.985044714407749, 37.637528565711129 ], [ 126.984959997198047, 37.637807172155675 ], [ 126.985233598844729, 37.638065952968319 ], [ 126.985192227342111, 37.638302931360499 ], [ 126.985293864489165, 37.638418504752238 ], [ 126.985393835667381, 37.638590190701237 ], [ 126.985420831732171, 37.638761380097634 ], [ 126.985444894486548, 37.63887530296072 ], [ 126.98540760724768, 37.639087874475599 ], [ 126.985428321976158, 37.639281127932506 ], [ 126.98553347586035, 37.639701123783318 ], [ 126.985676172390995, 37.64004456852512 ], [ 126.985896692363823, 37.640192754623314 ], [ 126.985954537263055, 37.640223990138303 ], [ 126.98613257024013, 37.640427868585853 ], [ 126.985657091966644, 37.640740120324992 ], [ 126.985267903697263, 37.641350389211624 ], [ 126.985329486207576, 37.641547513425081 ], [ 126.98522404984989, 37.641636001876485 ], [ 126.985275789210732, 37.641664200580799 ], [ 126.986077407590571, 37.642106777998492 ], [ 126.98797412512765, 37.64160069802405 ], [ 126.988232575241838, 37.641694302883153 ], [ 126.988552470264025, 37.641788526608799 ], [ 126.989146310305898, 37.642365738169559 ], [ 126.989456668128341, 37.642746478070968 ], [ 126.989797198201856, 37.643153438556567 ], [ 126.990623754833592, 37.643969532367514 ], [ 126.991618241489064, 37.644862938272389 ], [ 126.991977460104636, 37.645495183034548 ], [ 126.992409457014233, 37.645904170351869 ], [ 126.99294992815274, 37.646037465250089 ], [ 126.993823095454317, 37.647111128708907 ], [ 126.99436759841943, 37.647856089998129 ], [ 126.994900576534619, 37.648350216337732 ], [ 126.995435631994965, 37.648468903680779 ], [ 126.99585609913035, 37.64898221058094 ], [ 126.996423401540767, 37.649886635940582 ], [ 126.997487406045863, 37.650418883444715 ], [ 126.99816699728278, 37.649688303546014 ], [ 126.998761917072869, 37.649294232160763 ], [ 126.999169504520793, 37.649467228340548 ], [ 127.00107353706872, 37.649205877856204 ], [ 127.002420051067404, 37.64897801849677 ], [ 127.003048133253444, 37.649185227472245 ], [ 127.003508384258623, 37.649239387284396 ], [ 127.004655584045992, 37.648227701614047 ], [ 127.004720582859363, 37.648020466384615 ], [ 127.004443012893688, 37.648044304399754 ], [ 127.004031689158012, 37.648093597255098 ], [ 127.003986024059273, 37.648093057632302 ], [ 127.003957469299309, 37.648095490860527 ], [ 127.003984320388639, 37.647972597177677 ], [ 127.00399632936734, 37.647907366263475 ], [ 127.003901375622021, 37.647976022588885 ], [ 127.003831006638862, 37.647917550644642 ], [ 127.003824773469873, 37.647885926508458 ], [ 127.003805747601746, 37.647863312380338 ], [ 127.003795328890575, 37.647689739549051 ], [ 127.003521864717882, 37.647401224936779 ], [ 127.002019266990416, 37.646818885912396 ], [ 127.001216848015957, 37.645928667979213 ], [ 127.000471214000157, 37.645957783253365 ], [ 126.999520397968325, 37.645998459049508 ], [ 126.998522353119299, 37.64604618063612 ], [ 126.999333077870531, 37.644721817210119 ], [ 127.000011136692592, 37.645149142956718 ], [ 127.00077450812347, 37.644996876228625 ], [ 127.00135309362787, 37.644957253527238 ], [ 127.001109708872477, 37.644771354452224 ], [ 127.000918479878479, 37.64469763573301 ], [ 127.000262523692484, 37.644417012409242 ], [ 127.000511929614376, 37.6440261261179 ], [ 127.00129515262843, 37.643386184517809 ], [ 127.001578416709378, 37.643148894480355 ], [ 127.001378512629714, 37.642866068791434 ], [ 127.000849425656014, 37.642681772160543 ], [ 127.000722366312189, 37.642637461328761 ], [ 127.000214255178804, 37.642454630574875 ], [ 126.999938486087686, 37.642349906657699 ], [ 126.999654152479749, 37.642225630760485 ], [ 126.998934173313287, 37.641915969426748 ], [ 126.998139355906389, 37.642023607055023 ], [ 126.997497229118295, 37.642043876902754 ], [ 126.997067138272854, 37.642068295944433 ], [ 126.997416354623851, 37.642013655351086 ], [ 126.997585767676057, 37.641985622721698 ], [ 126.998154249349113, 37.641905165054425 ], [ 126.998659822777597, 37.641850984635596 ], [ 126.998904423247438, 37.641818284850849 ], [ 126.999044217545332, 37.641798502414602 ], [ 126.999569690340778, 37.641998132725774 ], [ 127.000289129596368, 37.642276436176331 ], [ 127.001373063180367, 37.642605407184611 ], [ 127.001431936145181, 37.64265857388618 ], [ 127.001750651792918, 37.643028244474124 ], [ 127.001812845640032, 37.643192870808498 ], [ 127.001854689351049, 37.643197889138087 ], [ 127.001893315064819, 37.643177112499004 ], [ 127.001917777194677, 37.64308244679254 ], [ 127.00189951141698, 37.642890764044957 ], [ 127.001859854018235, 37.64274428335812 ], [ 127.001722833580914, 37.642364648072494 ], [ 127.001637572005436, 37.642236790559174 ], [ 127.001429477804137, 37.642358134146448 ], [ 127.000603267234581, 37.642094090325344 ], [ 127.000215840303795, 37.641871860717131 ], [ 127.000164593696226, 37.641843109964825 ], [ 126.999547768155281, 37.64149183736869 ], [ 126.999702602374697, 37.641249576146684 ], [ 127.000009661592955, 37.6407780991781 ], [ 126.999188272370702, 37.640316443127986 ], [ 126.998810892540448, 37.640226012992642 ], [ 126.998357099015735, 37.639976187744821 ], [ 126.998083018311533, 37.639630475103047 ], [ 126.997749988080017, 37.639107069181819 ], [ 126.998070581913254, 37.639545233278568 ], [ 126.998146738098256, 37.639633441157834 ], [ 126.99842222681842, 37.63991213900163 ], [ 126.998496900972, 37.639965415723239 ], [ 126.998818046455256, 37.640098272608995 ], [ 126.998565790492535, 37.639322335923922 ], [ 126.999534592020538, 37.639327023274724 ], [ 126.999482515021853, 37.639078109373827 ], [ 126.999556396168117, 37.639125123626116 ], [ 126.9995869475174, 37.639335547390118 ], [ 127.001228305122552, 37.639769284340588 ], [ 127.001310889778566, 37.639722703991907 ], [ 127.001201544587659, 37.639541463155773 ], [ 127.002145062687731, 37.639796267323071 ], [ 127.002485402707876, 37.639594247907688 ], [ 127.002255500892929, 37.639097234428725 ], [ 127.00236545396983, 37.63876247554262 ], [ 127.002375389864881, 37.638727589625319 ], [ 127.002752267005818, 37.638762472140399 ], [ 127.003790346457706, 37.638858545982828 ], [ 127.003902520561809, 37.638762454531133 ], [ 127.004401001204243, 37.638479905901384 ], [ 127.004899225532313, 37.638375063960041 ], [ 127.005290999972942, 37.638169755360899 ], [ 127.005363734904179, 37.638126145702834 ], [ 127.005592812960572, 37.638151824888922 ], [ 127.005821449310091, 37.638177449587594 ], [ 127.006009853484727, 37.638198570493017 ], [ 127.005994806392366, 37.638179542419543 ], [ 127.005993118251368, 37.638179479415115 ], [ 127.005916263202494, 37.638092015405775 ], [ 127.005857851204695, 37.637970700942518 ], [ 127.00580099347475, 37.637882596424205 ], [ 127.005698147912057, 37.637783276343484 ], [ 127.005575947213728, 37.637605310504192 ], [ 127.005553320036938, 37.637572362528807 ], [ 127.005521320687933, 37.637491951366435 ], [ 127.005493763229794, 37.637422694147844 ], [ 127.00547360507224, 37.637372032852731 ], [ 127.005499691523809, 37.637689167084552 ], [ 127.005480781412118, 37.637673463681359 ], [ 127.005479127283124, 37.637673607893291 ], [ 127.005364391388071, 37.637673755842769 ], [ 127.005322177414385, 37.637683568856175 ], [ 127.005231712541985, 37.637740243225693 ], [ 127.005196545386255, 37.637745803358051 ], [ 127.005164040101192, 37.637738929907229 ], [ 127.004929514206552, 37.637720620040987 ], [ 127.004862000627867, 37.637724288950722 ], [ 127.004821589169396, 37.637760905816755 ], [ 127.004756149407513, 37.637776575629125 ], [ 127.004741256059717, 37.637635293741894 ], [ 127.004775233800814, 37.63763481529157 ], [ 127.004794058728677, 37.637520174380832 ], [ 127.004796514661933, 37.637460781868299 ], [ 127.004721689238181, 37.637361045698398 ], [ 127.004695980507307, 37.637320096959321 ], [ 127.004717459346381, 37.637269299259749 ], [ 127.004762750433898, 37.637158360645131 ], [ 127.004760835223024, 37.637146747095599 ], [ 127.004755089584691, 37.63711169021208 ], [ 127.004709589533505, 37.637104519668128 ], [ 127.004719977788028, 37.637081102977135 ], [ 127.004690075257201, 37.636994411711228 ], [ 127.00460698221832, 37.636952022913171 ], [ 127.004541291101219, 37.636899299397825 ], [ 127.004595829353164, 37.636841725513499 ], [ 127.004639888132274, 37.636795197867741 ], [ 127.004728362243554, 37.636830135411913 ], [ 127.004856311003806, 37.63691671582248 ], [ 127.005037226623557, 37.637017656110885 ], [ 127.005119049759799, 37.637033006303916 ], [ 127.005164479125682, 37.636984811613267 ], [ 127.005204408175317, 37.63705661829524 ], [ 127.005375777004616, 37.63700160813341 ], [ 127.005349207755373, 37.636754759125601 ], [ 127.005272091787347, 37.636390964803951 ], [ 127.005467285328706, 37.636771062932432 ], [ 127.005580863497741, 37.637174102441151 ], [ 127.005673445059855, 37.637303092189988 ], [ 127.005682815240576, 37.637313182809478 ], [ 127.005717520055171, 37.637350554132759 ], [ 127.005783496688508, 37.637421593854029 ], [ 127.005823798808706, 37.637464992483281 ], [ 127.005836139498982, 37.63751130228205 ], [ 127.005845216545055, 37.637545358903367 ], [ 127.005855640816975, 37.637561936508824 ], [ 127.005955453703507, 37.637724847567917 ], [ 127.005964189778595, 37.637739425056502 ], [ 127.005997954799241, 37.637780688553043 ], [ 127.006074005765242, 37.637877216379081 ], [ 127.00610540281005, 37.637915497699595 ], [ 127.006226242699654, 37.637686437415759 ], [ 127.006330122430441, 37.637474433197994 ], [ 127.006449312944468, 37.637510106993417 ], [ 127.006452031729623, 37.637504998336752 ], [ 127.006510258956055, 37.637395590176475 ], [ 127.006577105303961, 37.637415498936562 ], [ 127.006536324243072, 37.637500733159882 ], [ 127.006452042922788, 37.637674373115281 ], [ 127.006437316308123, 37.637704718654838 ], [ 127.006326283019661, 37.637671296960562 ], [ 127.006272581451157, 37.637690489957912 ], [ 127.006134601776608, 37.637951517643806 ], [ 127.006163154959296, 37.637987276322541 ], [ 127.006181171226686, 37.638018719728372 ], [ 127.006220601431295, 37.6380608839129 ], [ 127.006252892806586, 37.638085389211014 ], [ 127.006366989601844, 37.638178635753135 ], [ 127.006452032744221, 37.638206112043697 ], [ 127.006452072883178, 37.638127726998562 ], [ 127.006280084238128, 37.638085298019654 ], [ 127.00621050847549, 37.637910240869971 ], [ 127.006223843733238, 37.637912700007931 ], [ 127.006365038861688, 37.637798513409777 ], [ 127.006452050660215, 37.637791455151181 ], [ 127.006529545529659, 37.637785172073464 ], [ 127.006669693518802, 37.637775795874532 ], [ 127.00671854125271, 37.637689480080951 ], [ 127.006807083145787, 37.637533012378078 ], [ 127.006813676193545, 37.637521353432284 ], [ 127.006868991929352, 37.637422414585842 ], [ 127.006902489427858, 37.637362507060196 ], [ 127.006848781069721, 37.637281421509861 ], [ 127.006999458481033, 37.637188163422813 ], [ 127.006959225308634, 37.637009951899849 ], [ 127.006958896683216, 37.63700903291776 ], [ 127.006451996950915, 37.636978719271369 ], [ 127.006451996678237, 37.636974592793536 ], [ 127.00584955495907, 37.636944712982235 ], [ 127.005587163827258, 37.636777681048478 ], [ 127.005277609536094, 37.636171450396922 ], [ 127.005261281990087, 37.636136087536144 ], [ 127.005230315652852, 37.636077813267768 ], [ 127.005202782529778, 37.636026467403212 ], [ 127.005219379460243, 37.636011979160479 ], [ 127.005565999098877, 37.635712455714987 ], [ 127.00509962479272, 37.635490028346233 ], [ 127.004868172244997, 37.635382638569581 ], [ 127.004776147201056, 37.635198769563466 ], [ 127.004415110558185, 37.634778517783118 ], [ 127.004467261988182, 37.634276320325377 ], [ 127.004275002935032, 37.632974042055025 ], [ 127.00355550442994, 37.632764714340915 ], [ 127.003422322182161, 37.632803170317743 ], [ 127.003137518482262, 37.632577749779394 ], [ 127.00306357124488, 37.632417385626887 ], [ 127.002595719786243, 37.632301687169424 ], [ 127.002153664610105, 37.632067499044503 ], [ 127.002138121258596, 37.632047353248687 ], [ 127.001641146407025, 37.631484333339969 ], [ 127.000951135342277, 37.631319516019666 ], [ 127.000881862174111, 37.631077999346026 ], [ 127.000391367591774, 37.630799295953274 ], [ 126.999616806627998, 37.630715431914382 ], [ 126.998788382313691, 37.630252087346868 ], [ 126.997627386410514, 37.629780959985389 ], [ 126.997810184679295, 37.628611053796703 ], [ 126.99857736430117, 37.627969497269632 ], [ 126.998714889718968, 37.627950706196181 ], [ 126.999541649383403, 37.62783774018034 ], [ 126.999890385859104, 37.627950728291815 ], [ 127.000344475524429, 37.628097845554542 ], [ 127.000612570872789, 37.628015849817551 ], [ 127.001276824149016, 37.628186084043534 ], [ 127.001409058988486, 37.628167650211417 ], [ 127.001619152743643, 37.628050099485435 ], [ 127.0019922256744, 37.62803915168876 ], [ 127.002083169361342, 37.628115040756853 ], [ 127.002629250482315, 37.628298926713185 ], [ 127.00272600743304, 37.628429684849657 ], [ 127.003000955155045, 37.628928148336684 ], [ 127.003123314017714, 37.628978421362604 ], [ 127.003358376732464, 37.628928296478293 ], [ 127.003543550746329, 37.62894262802407 ], [ 127.003957360488997, 37.62914981832585 ], [ 127.004276279991686, 37.629207509997869 ], [ 127.004410222446211, 37.62937722418507 ], [ 127.004952976157298, 37.629550711143729 ], [ 127.005325039618796, 37.629600217531831 ], [ 127.005581063392015, 37.629395335420433 ], [ 127.005800949132833, 37.629603291586456 ], [ 127.005856325775127, 37.629655663463879 ], [ 127.006183873197017, 37.629584942156299 ], [ 127.006451498713474, 37.629437981627575 ], [ 127.006562989727996, 37.629384422732834 ], [ 127.006905227441251, 37.629459260935967 ], [ 127.007050763667777, 37.629453208637187 ], [ 127.007369500318475, 37.629009767500875 ], [ 127.007662685961151, 37.628956748014758 ], [ 127.007752260203674, 37.628965654 ], [ 127.008001634119722, 37.628991705887621 ], [ 127.008373428449133, 37.629079485277472 ], [ 127.008618838154575, 37.629226060037254 ], [ 127.00901466896434, 37.629270516890479 ], [ 127.009111555162349, 37.629435858339363 ], [ 127.009407834066991, 37.62949156445012 ], [ 127.009611006631744, 37.629669385897117 ], [ 127.009705321017364, 37.629815770429644 ], [ 127.010303860395297, 37.628735931240364 ], [ 127.010678694512933, 37.628381250385978 ], [ 127.010774374408015, 37.628299046605413 ], [ 127.010899674618983, 37.628193820381014 ], [ 127.010893452900717, 37.628173900228653 ], [ 127.010855689209521, 37.628030566463664 ], [ 127.010853977834287, 37.628024079549739 ], [ 127.010810929945194, 37.628019388845736 ], [ 127.010839991752164, 37.628149190607544 ], [ 127.010176393049278, 37.628142952315926 ], [ 127.010096448284642, 37.628131984228041 ], [ 127.010115945960607, 37.627950426517366 ], [ 127.010117202049031, 37.627938749736963 ], [ 127.009919771061917, 37.627914960087232 ], [ 127.009883973333586, 37.627910070313334 ], [ 127.009857113780811, 37.627907017894806 ], [ 127.009782574429792, 37.627910086466088 ], [ 127.008889473014733, 37.627952581731279 ], [ 127.00889066227397, 37.627950509405125 ], [ 127.009299253789621, 37.62723775462225 ], [ 127.009713764637354, 37.62727099973182 ], [ 127.009936193052155, 37.627277218854701 ], [ 127.010156899389074, 37.627281365432246 ], [ 127.010206028793874, 37.627275559520449 ], [ 127.010209273755052, 37.627222203293933 ], [ 127.010243538720374, 37.627200063707157 ], [ 127.010021285269033, 37.627136849206522 ], [ 127.010317495712641, 37.626971678005539 ], [ 127.010430394337163, 37.626617134196373 ], [ 127.01001214542471, 37.626456790719182 ], [ 127.009973272478859, 37.62629867163858 ], [ 127.009658677132293, 37.626138679821288 ], [ 127.009693185897945, 37.62575972550475 ], [ 127.009902436789758, 37.625777739425466 ], [ 127.009916685064212, 37.625757997953492 ], [ 127.010158582331556, 37.625378614087786 ], [ 127.010042540816499, 37.625286785685994 ], [ 127.009952850425236, 37.625215803954418 ], [ 127.009578803329916, 37.625190413457851 ], [ 127.008864353882018, 37.625028671190051 ], [ 127.00849045465047, 37.624753075211025 ], [ 127.008424953147497, 37.624581946998646 ], [ 127.008151339820159, 37.624285477325259 ], [ 127.008013289076942, 37.624150428150919 ], [ 127.007982175703845, 37.624192974118451 ], [ 127.007607176502844, 37.624228294439199 ], [ 127.007297834883076, 37.624445842513211 ], [ 127.007053005762288, 37.624396678777373 ], [ 127.006978657672164, 37.624180537222344 ], [ 127.00691261104096, 37.62409189286894 ], [ 127.006451142373351, 37.624043341237808 ], [ 127.005719124509795, 37.623981319081473 ], [ 127.005586946050769, 37.623839347328307 ], [ 127.005190205085654, 37.624008960751894 ], [ 127.004896833775135, 37.623823764122164 ], [ 127.004560097156869, 37.624076732336249 ], [ 127.00443347588272, 37.624053084813099 ], [ 127.003897061196298, 37.624225841666956 ], [ 127.00349270556741, 37.624954273104542 ], [ 127.002981025206552, 37.625283732717207 ], [ 127.002133818622283, 37.625436086781363 ], [ 127.001760940622006, 37.625650305004669 ], [ 127.000678368641218, 37.625709127190632 ], [ 127.000203603548343, 37.625823853566061 ], [ 127.000040162022387, 37.62595104289062 ], [ 126.999841422571492, 37.62605590522012 ], [ 126.999272948173441, 37.626202304907721 ], [ 126.99900276492987, 37.626538986416037 ], [ 126.99845054565435, 37.627121609595207 ], [ 126.997879961404834, 37.627568046571191 ], [ 126.997619993916359, 37.62795067508258 ], [ 126.997568331441087, 37.628059457576747 ], [ 126.997137057358898, 37.628386011205983 ], [ 126.996775565485336, 37.628659219102737 ], [ 126.996509921379641, 37.629085920756602 ], [ 126.996053968220522, 37.629346301431518 ], [ 126.99567526343597, 37.62986200355882 ], [ 126.995393480070959, 37.63024956329479 ], [ 126.994744226381926, 37.630517532920827 ], [ 126.994258026618979, 37.63084824425308 ], [ 126.994103521824371, 37.631120879780063 ], [ 126.993693736761912, 37.631473847701265 ], [ 126.993015464863333, 37.631739382197672 ], [ 126.991839726303994, 37.632274923282431 ], [ 126.991367129851696, 37.63261355232698 ], [ 126.991184199122358, 37.632631024433792 ], [ 126.990931923403522, 37.632651751596043 ], [ 126.990734264959713, 37.632668482880383 ], [ 126.989931453441955, 37.63279697637013 ], [ 126.989839599791352, 37.633438319691429 ], [ 126.989458082556979, 37.633997878857542 ], [ 126.988745059057777, 37.633938177076303 ], [ 126.988571388725859, 37.633776937111804 ], [ 126.988399196063071, 37.634172069084237 ], [ 126.988161860177669, 37.634494520530851 ], [ 126.987409374881679, 37.634965824642045 ], [ 126.986324660333267, 37.63548047269235 ], [ 126.98590684627159, 37.635796886625776 ], [ 126.985377815636099, 37.635970019414849 ], [ 126.984200894925195, 37.636340649942071 ] ], [ [ 127.000836137950969, 37.637425110591778 ], [ 127.000274256364747, 37.637315294838594 ], [ 127.000750210225405, 37.636671253024986 ], [ 127.000557388328886, 37.636124538289415 ], [ 127.000695419449784, 37.635743542830816 ], [ 127.000631840502351, 37.635600719353071 ], [ 126.999955847956073, 37.635152719062013 ], [ 127.000470459054611, 37.635196557343981 ], [ 127.001049081448315, 37.635247421282713 ], [ 127.001290634128281, 37.635268351719432 ], [ 127.002285064789646, 37.635076134829625 ], [ 127.002447436559521, 37.635085638984144 ], [ 127.00331149038108, 37.63514094007423 ], [ 127.004057544876517, 37.635362810236558 ], [ 127.003848656550929, 37.635435586530235 ], [ 127.003389705172282, 37.635480562499836 ], [ 127.003134010120135, 37.635889042619674 ], [ 127.002480284703807, 37.636314788798821 ], [ 127.002423864047813, 37.63633443055997 ], [ 127.002391575532954, 37.636382362821003 ], [ 127.002394068571704, 37.636429123549433 ], [ 127.002348637969817, 37.636496697209822 ], [ 127.002287232621512, 37.636562288805706 ], [ 127.002196372307708, 37.63684411519656 ], [ 127.001678158224919, 37.637210995138439 ], [ 127.001495071452581, 37.636940251447825 ], [ 127.000836137950969, 37.637425110591778 ] ], [ [ 127.004533141494989, 37.628108489567204 ], [ 127.004345732265946, 37.62795070573798 ], [ 127.004280502303516, 37.627895783596436 ], [ 127.004443800583786, 37.627657759002986 ], [ 127.004314094226572, 37.627390711925031 ], [ 127.00448851025611, 37.627020927784919 ], [ 127.005320880585657, 37.627123579506488 ], [ 127.005051350451751, 37.626631635189511 ], [ 127.00535508612974, 37.626358394726083 ], [ 127.005837564754998, 37.626111825063703 ], [ 127.006342243483573, 37.626049701013933 ], [ 127.006443334974009, 37.62623612748952 ], [ 127.006782488183475, 37.626952823861011 ], [ 127.006749480363069, 37.627145833097131 ], [ 127.006451349606195, 37.627180794914253 ], [ 127.006152346948028, 37.627226117272869 ], [ 127.006146184514861, 37.627227126611302 ], [ 127.005898911474375, 37.627564012156022 ], [ 127.005617144052451, 37.627529595860786 ], [ 127.005464350741889, 37.627547665697961 ], [ 127.00540760036526, 37.627619385520447 ], [ 127.005338500007468, 37.627649120087661 ], [ 127.005257729736371, 37.627642365329727 ], [ 127.004974767963787, 37.627747031686482 ], [ 127.004725930223671, 37.627950696023397 ], [ 127.004533141494989, 37.628108489567204 ] ], [ [ 126.99820405073433, 37.641803581314889 ], [ 126.998000343138514, 37.641794889994152 ], [ 126.997976664693667, 37.641754002951032 ], [ 126.997898363847469, 37.641691941279646 ], [ 126.997765063808643, 37.641670169507819 ], [ 126.997755015558397, 37.641635805925773 ], [ 126.997770646432656, 37.641508804707868 ], [ 126.997895981958862, 37.641510673647772 ], [ 126.998018791752415, 37.64149305424715 ], [ 126.998227879967899, 37.641511791580243 ], [ 126.998353658805883, 37.641480350926749 ], [ 126.998395682092578, 37.641497677835105 ], [ 126.998350745312081, 37.641784917105475 ], [ 126.99820405073433, 37.641803581314889 ] ], [ [ 127.007538336639627, 37.627861208991341 ], [ 127.007509562731585, 37.627858147126247 ], [ 127.007509895464366, 37.627769490765523 ], [ 127.00744984876404, 37.627678314711176 ], [ 127.007495951522841, 37.627641372241442 ], [ 127.007511468251579, 37.627605512485211 ], [ 127.007583513181203, 37.627577668550252 ], [ 127.007626790956508, 37.627628571639981 ], [ 127.007658058980326, 37.627655959783425 ], [ 127.007660669820595, 37.627721100438208 ], [ 127.007603015790252, 37.627800479683806 ], [ 127.007538336639627, 37.627861208991341 ] ] ] } },
{ "type": "Feature", "properties": { "PNU": 1.14101190010369e+18, "피해위치(": "서울특별시 서대문구 북가좌동 369-25 ㅇㅇ연립 가동 101호", "피해일시": "20250813 - 1100", "F_SHIM": 0.0, "F_AREA": 89.881065, "F_AVR_HGT": 27.7668877, "ADM_CD": 1141011900, "F_YR": "2025", "F_ZONE_NM": "서울특별시 서대문구 북가좌동 369-25 ㅇㅇ연립 가동 101호", "TYPE": "주택", "TYPE2": "재난지원금" }, "geometry": { "type": "Polygon", "coordinates": [ [ [ 126.90620130938855, 37.578018078320419 ], [ 126.906253906874397, 37.578052268160803 ], [ 126.906325546959096, 37.577978805457214 ], [ 126.90625021235536, 37.577930992407047 ], [ 126.906175067324313, 37.578000938387831 ], [ 126.90620130938855, 37.578018078320419 ] ] ] } },
{ "type": "Feature", "properties": { "PNU": 1.14101190010375e+18, "피해위치(": "서울특별시 서대문구 북가좌동 375-2 갑자빌라 지하호", "피해일시": "20250813 - 1100", "F_SHIM": 0.0, "F_AREA": 223.4077311, "F_AVR_HGT": 20.2260151, "ADM_CD": 1141011900, "F_YR": "2025", "F_ZONE_NM": "서울특별시 서대문구 북가좌동 375-2 갑자빌라 지하호", "TYPE": "주택", "TYPE2": "재난지원금" }, "geometry": { "type": "Polygon", "coordinates": [ [ [ 126.906013211930997, 37.57771159091206 ], [ 126.906115806861436, 37.57777663498905 ], [ 126.906230411686465, 37.577656265657296 ], [ 126.906219219690612, 37.577644183404438 ], [ 126.906141327724512, 37.577560328758452 ], [ 126.906121713593649, 37.577583468263242 ], [ 126.906013211930997, 37.57771159091206 ] ] ] } },
{ "type": "Feature", "properties": { "PNU": 1.1305104001011501e+18, "피해위치(": "서울특별시 강북구 우이동 115-17 B01호", "피해일시": "20250822 - 2109", "F_SHIM": 0.0, "F_AREA": 54.5171247, "F_AVR_HGT": 54.1121185, "ADM_CD": 1130510400, "F_YR": "2025", "F_ZONE_NM": "서울특별시 강북구 우이동 115-17 B01호", "TYPE": "주택", "TYPE2": "재난지원금" }, "geometry": { "type": "Polygon", "coordinates": [ [ [ 127.011182445087485, 37.657984945255507 ], [ 127.011254014157345, 37.658004175177588 ], [ 127.011290095566054, 37.657987387041281 ], [ 127.011223798721744, 37.657900070067058 ], [ 127.011182445087485, 37.657984945255507 ] ] ] } },
{ "type": "Feature", "properties": { "PNU": 1.1305104001010801e+18, "피해위치(": "서울특별시 강북구 우이동 108-7 B01호", "피해일시": "20250822 - 2241", "F_SHIM": 0.0, "F_AREA": 310.5502449, "F_AVR_HGT": 58.8269508, "ADM_CD": 1130510400, "F_YR": "2025", "F_ZONE_NM": "서울특별시 강북구 우이동 108-7 B01호", "TYPE": "주택", "TYPE2": "재난지원금" }, "geometry": { "type": "Polygon", "coordinates": [ [ [ 127.011116372797545, 37.657968372717662 ], [ 127.011182445087485, 37.657984945255507 ], [ 127.011223798721744, 37.657900070067058 ], [ 127.011129606998765, 37.657773130471391 ], [ 127.011004154062931, 37.657778456371489 ], [ 127.010995769391059, 37.657790800395674 ], [ 127.011001662482997, 37.65779125040951 ], [ 127.011045880820447, 37.657952341084354 ], [ 127.011116372797545, 37.657968372717662 ] ] ] } },
{ "type": "Feature", "properties": { "PNU": 1.1320105001002601e+18, "피해위치(": "서울특별시 도봉구 쌍문동 26-119 한마음그린빌라 B02호", "피해일시": "20250813 - 1200", "F_SHIM": 0.0, "F_AREA": 241.6091223, "F_AVR_HGT": 33.0705688, "ADM_CD": 1132010500, "F_YR": "2025", "F_ZONE_NM": "서울특별시 도봉구 쌍문동 26-119 한마음그린빌라 B02호", "TYPE": "주택", "TYPE2": "재난지원금" }, "geometry": { "type": "Polygon", "coordinates": [ [ [ 127.037077592937479, 37.660262871154764 ], [ 127.037122559661583, 37.660208799148421 ], [ 127.037167526277429, 37.66015463702702 ], [ 127.037173173491524, 37.660114181583694 ], [ 127.03702095497934, 37.660083053784014 ], [ 127.036936002180568, 37.660178852863865 ], [ 127.037077592937479, 37.660262871154764 ] ] ] } },
{ "type": "Feature", "properties": { "PNU": 1.13801060010033e+18, "피해위치(": "서울특별시 은평구 대조동 33-42 지층", "피해일시": "20250813 - 1200", "F_SHIM": 0.0, "F_AREA": 112.1871042, "F_AVR_HGT": 24.299028, "ADM_CD": 1138010600, "F_YR": "2025", "F_ZONE_NM": "서울특별시 은평구 대조동 33-42 지층", "TYPE": "주택", "TYPE2": "재난지원금" }, "geometry": { "type": "Polygon", "coordinates": [ [ [ 126.924500132357764, 37.609219540913379 ], [ 126.924560886218316, 37.609171197825589 ], [ 126.924503305589155, 37.609107641051551 ], [ 126.924489480103929, 37.609115921060891 ], [ 126.924393261842781, 37.609179737827965 ], [ 126.924467488416909, 37.6092455579779 ], [ 126.924500132357764, 37.609219540913379 ] ] ] } },
{ "type": "Feature", "properties": { "PNU": 1.13051020010466e+18, "피해위치(": "서울특별시 강북구 번동 466-5 B02호", "피해일시": "20250822 - 2251", "F_SHIM": 0.0, "F_AREA": 111.3491989, "F_AVR_HGT": 30.7839706, "ADM_CD": 1130510200, "F_YR": "2025", "F_ZONE_NM": "서울특별시 강북구 번동 466-5 B02호", "TYPE": "주택", "TYPE2": "재난지원금" }, "geometry": { "type": "Polygon", "coordinates": [ [ [ 127.031370292469802, 37.641740667071986 ], [ 127.031357581794197, 37.64168886411283 ], [ 127.031336246711504, 37.641603546988769 ], [ 127.031232921243685, 37.641620781713385 ], [ 127.031204948735351, 37.641654305096779 ], [ 127.031370292469802, 37.641740667071986 ] ] ] } },
{ "type": "Feature", "properties": { "PNU": 1.13051020010466e+18, "피해위치(": "서울특별시 강북구 번동 466-21 B01호", "피해일시": "20250824 - 1537", "F_SHIM": 0.0, "F_AREA": 131.1221085, "F_AVR_HGT": 30.7839706, "ADM_CD": 1130510200, "F_YR": "2025", "F_ZONE_NM": "서울특별시 강북구 번동 466-21 B01호", "TYPE": "주택", "TYPE2": "재난지원금" }, "geometry": { "type": "Polygon", "coordinates": [ [ [ 127.03141001355786, 37.641902832862804 ], [ 127.03138084690319, 37.641783731098819 ], [ 127.03129585148173, 37.641738703731725 ], [ 127.031236736033321, 37.641811067082585 ], [ 127.031335557428775, 37.641863388911837 ], [ 127.03141001355786, 37.641902832862804 ] ] ] } },
{ "type": "Feature", "properties": { "PNU": 1.1305103001017e+18, "피해위치(": "서울특별시 강북구 수유동 170-10 B02호", "피해일시": "20250824 - 1543", "F_SHIM": 0.0, "F_AREA": 96.1607511, "F_AVR_HGT": 31.8118504, "ADM_CD": 1130510300, "F_YR": "2025", "F_ZONE_NM": "서울특별시 강북구 수유동 170-10 B02호", "TYPE": "주택", "TYPE2": "재난지원금" }, "geometry": { "type": "Polygon", "coordinates": [ [ [ 127.026920514976069, 37.643676466461365 ], [ 127.026954272371938, 37.643653484284897 ], [ 127.027009666249583, 37.643615991702397 ], [ 127.026952655833199, 37.643564738432666 ], [ 127.02691900396124, 37.643564745681431 ], [ 127.026864765225127, 37.643600553147209 ], [ 127.026849234450737, 37.643610809596602 ], [ 127.026920514976069, 37.643676466461365 ] ] ] } },
{ "type": "Feature", "properties": { "PNU": 1.13051030010166e+18, "피해위치(": "서울특별시 강북구 수유동 166-76 우이빌라 가동 102호", "피해일시": "20250821 - 1139", "F_SHIM": 0.0, "F_AREA": 149.0972144, "F_AVR_HGT": 31.8776958, "ADM_CD": 1130510300, "F_YR": "2025", "F_ZONE_NM": "서울특별시 강북구 수유동 166-76 우이빌라 가동 102호", "TYPE": "주택", "TYPE2": "재난지원금" }, "geometry": { "type": "Polygon", "coordinates": [ [ [ 127.026777549712662, 37.644425839380524 ], [ 127.026686988782146, 37.644341617425347 ], [ 127.026680305270972, 37.644346394026407 ], [ 127.026569516407491, 37.644422460018781 ], [ 127.026685451869326, 37.644488026439774 ], [ 127.026777549712662, 37.644425839380524 ] ] ] } },
{ "type": "Feature", "properties": { "PNU": 1.1305103001001e+18, "피해위치(": "서울특별시 강북구 수유동 10-16 B01호", "피해일시": "20250822 - 0927", "F_SHIM": 0.0, "F_AREA": 173.8167641, "F_AVR_HGT": 33.792054, "ADM_CD": 1130510300, "F_YR": "2025", "F_ZONE_NM": "서울특별시 강북구 수유동 10-16 B01호", "TYPE": "주택", "TYPE2": "재난지원금" }, "geometry": { "type": "Polygon", "coordinates": [ [ [ 127.022153566280409, 37.638184319331977 ], [ 127.022167810415439, 37.638070883772215 ], [ 127.022150475479989, 37.638069445240255 ], [ 127.022011343225742, 37.638059378535679 ], [ 127.021998684702552, 37.638171642530899 ], [ 127.022153566280409, 37.638184319331977 ] ] ] } },
{ "type": "Feature", "properties": { "PNU": 1.1680103001018601e+18, "피해위치(": "서울 강남구 개포2동 186-6번지 지하1층", "피해일시": "20250717", "F_SHIM": 0.0, "F_AREA": 418.271144, "F_AVR_HGT": 20.9847172, "ADM_CD": 1168010300, "F_YR": "2025", "F_ZONE_NM": "서울 강남구 개포2동 186-6번지 지하1층", "TYPE": "주택", "TYPE2": "풍수해보험금" }, "geometry": { "type": "Polygon", "coordinates": [ [ [ 127.068206846648707, 37.488842431459922 ], [ 127.068438031490359, 37.488916362969448 ], [ 127.068518510061566, 37.488757651200146 ], [ 127.068287664925066, 37.488683809754008 ], [ 127.068206846648707, 37.488842431459922 ] ] ] } },
{ "type": "Feature", "properties": { "PNU": 1.13501020010271e+18, "피해위치(": "서울특별시 노원구 월계동 271-13 신정빌라 b01호", "피해일시": "20250813 - 1400", "F_SHIM": 0.0, "F_AREA": 326.0873314, "F_AVR_HGT": 23.8212093, "ADM_CD": 1135010200, "F_YR": "2025", "F_ZONE_NM": "서울특별시 노원구 월계동 271-13 신정빌라 b01호", "TYPE": "주택", "TYPE2": "재난지원금" }, "geometry": { "type": "Polygon", "coordinates": [ [ [ 127.05865603078071, 37.634053443332249 ], [ 127.058653912407323, 37.633935290096233 ], [ 127.058565368609933, 37.633985922853419 ], [ 127.058500463996708, 37.633911785699482 ], [ 127.058384072017816, 37.63397586534812 ], [ 127.058407342323449, 37.634005919769322 ], [ 127.058429968418167, 37.634023126549515 ], [ 127.058512199862676, 37.63413285301543 ], [ 127.05865603078071, 37.634053443332249 ] ] ] } },
{ "type": "Feature", "properties": { "PNU": 1.13501020010271e+18, "피해위치(": "서울특별시 노원구 월계동 271-33 초안산로2길 114빌라 b02호", "피해일시": "20250813 - 1300", "F_SHIM": 0.0, "F_AREA": 129.0091972, "F_AVR_HGT": 31.8362793, "ADM_CD": 1135010200, "F_YR": "2025", "F_ZONE_NM": "서울특별시 노원구 월계동 271-33 초안산로2길 114빌라 b02호", "TYPE": "주택", "TYPE2": "재난지원금" }, "geometry": { "type": "Polygon", "coordinates": [ [ [ 127.058041820042391, 37.633603691582046 ], [ 127.058162989676305, 37.633535753787335 ], [ 127.058098254205802, 37.633459526055745 ], [ 127.057985113053505, 37.633522315358192 ], [ 127.057993958466625, 37.633533861664688 ], [ 127.058041820042391, 37.633603691582046 ] ] ] } },
{ "type": "Feature", "properties": { "PNU": 1.1290136001008201e+18, "피해위치(": "서울특별시 성북구 하월곡동 82-146", "피해일시": "20250822 - 1657", "F_SHIM": 0.0, "F_AREA": 88.5797264, "F_AVR_HGT": 28.2418934, "ADM_CD": 1129013600, "F_YR": "2025", "F_ZONE_NM": "서울특별시 성북구 하월곡동 82-146", "TYPE": "주택", "TYPE2": "재난지원금" }, "geometry": { "type": "Polygon", "coordinates": [ [ [ 127.033461519367492, 37.608728727144594 ], [ 127.033475584245721, 37.608726020391238 ], [ 127.033578113549382, 37.608702585073438 ], [ 127.033546246643297, 37.608629190719689 ], [ 127.03343353900145, 37.608659683451982 ], [ 127.033461519367492, 37.608728727144594 ] ] ] } },
{ "type": "Feature", "properties": { "PNU": 1.15001090010621e+18, "피해위치(": "서울특별시 강서구 방화동 621-15   1층 육대장", "피해일시": "20250813 - 1327", "F_SHIM": 0.0, "F_AREA": 131.5650326, "F_AVR_HGT": 13.0404558, "ADM_CD": 1150010900, "F_YR": "2025", "F_ZONE_NM": "서울특별시 강서구 방화동 621-15   1층 육대장", "TYPE": "소상공인", "TYPE2": "재난지원금" }, "geometry": { "type": "Polygon", "coordinates": [ [ [ 126.807836438520695, 37.562129612224616 ], [ 126.807915594721266, 37.562043499487785 ], [ 126.807932339871627, 37.562023876398705 ], [ 126.807846280820215, 37.561978334491918 ], [ 126.807800827701087, 37.562026102381886 ], [ 126.807753139965897, 37.562075749651328 ], [ 126.807783088799624, 37.562097296365195 ], [ 126.807806493932333, 37.562110786514594 ], [ 126.807836438520695, 37.562129612224616 ] ] ] } },
{ "type": "Feature", "properties": { "PNU": 1.1290136001008301e+18, "피해위치(": "서울특별시 성북구 하월곡동 83-70 .", "피해일시": "20250822 - 1403", "F_SHIM": 0.0, "F_AREA": 78.6288963, "F_AVR_HGT": 28.5087944, "ADM_CD": 1129013600, "F_YR": "2025", "F_ZONE_NM": "서울특별시 성북구 하월곡동 83-70 .", "TYPE": "주택", "TYPE2": "재난지원금" }, "geometry": { "type": "Polygon", "coordinates": [ [ [ 127.03391089395565, 37.608409729109106 ], [ 127.033950402581695, 37.608397717178519 ], [ 127.033990760738135, 37.608386047374132 ], [ 127.03400605609076, 37.608374384457136 ], [ 127.033973533895818, 37.608305261050091 ], [ 127.033883894246046, 37.608330657319939 ], [ 127.03391089395565, 37.608409729109106 ] ] ] } },
{ "type": "Feature", "properties": { "PNU": 1.1350105001065201e+18, "피해위치(": "서울특별시 노원구 상계동 652-1 지하1층", "피해일시": "20250813 - 1200", "F_SHIM": 0.0, "F_AREA": 653.9646252, "F_AVR_HGT": 25.9468349, "ADM_CD": 1135010500, "F_YR": "2025", "F_ZONE_NM": "서울특별시 노원구 상계동 652-1 지하1층", "TYPE": "소상공인", "TYPE2": "재난지원금" }, "geometry": { "type": "Polygon", "coordinates": [ [ [ 127.054628991288681, 37.667104214624146 ], [ 127.054684823239285, 37.666881468952219 ], [ 127.054439635039429, 37.666838152300343 ], [ 127.054362205614851, 37.667133525956245 ], [ 127.054628991288681, 37.667104214624146 ] ] ] } },
{ "type": "Feature", "properties": { "PNU": 1.13501050011054e+18, "피해위치(": "서울특별시 노원구 상계동 1054-31 조은주택빌라 101호", "피해일시": "20250813 - 1213", "F_SHIM": 0.0, "F_AREA": 235.1736157, "F_AVR_HGT": 26.303326, "ADM_CD": 1135010500, "F_YR": "2025", "F_ZONE_NM": "서울특별시 노원구 상계동 1054-31 조은주택빌라 101호", "TYPE": "주택", "TYPE2": "재난지원금" }, "geometry": { "type": "Polygon", "coordinates": [ [ [ 127.051741695239528, 37.673016624772067 ], [ 127.051769116465124, 37.672918253972433 ], [ 127.051769613992548, 37.672916451816327 ], [ 127.051794547246274, 37.672826695362183 ], [ 127.051798131731871, 37.672813764884786 ], [ 127.051703361541513, 37.672800047396777 ], [ 127.051678262802724, 37.672812491486845 ], [ 127.051654993205588, 37.672898589262886 ], [ 127.051627561537373, 37.672998500703073 ], [ 127.051741695239528, 37.673016624772067 ] ] ] } },
{ "type": "Feature", "properties": { "PNU": 1.13501050011087e+18, "피해위치(": "서울특별시 노원구 상계동 1087-1 선정빌라 b01호", "피해일시": "20250813 - 1250", "F_SHIM": 0.0, "F_AREA": 397.0862272, "F_AVR_HGT": 26.2273621, "ADM_CD": 1135010500, "F_YR": "2025", "F_ZONE_NM": "서울특별시 노원구 상계동 1087-1 선정빌라 b01호", "TYPE": "주택", "TYPE2": "재난지원금" }, "geometry": { "type": "Polygon", "coordinates": [ [ [ 127.051161713045474, 37.674224055602259 ], [ 127.051221133166095, 37.674225111747106 ], [ 127.051317065421216, 37.674194140922566 ], [ 127.051438130864199, 37.674150762013277 ], [ 127.051419682874098, 37.674125551615298 ], [ 127.051418788559218, 37.674025724306148 ], [ 127.05141810554413, 37.674021390920153 ], [ 127.051127087228537, 37.674092924699863 ], [ 127.051161713045474, 37.674224055602259 ] ] ] } },
{ "type": "Feature", "properties": { "PNU": 1.1380107001059501e+18, "피해위치(": "서울특별시 은평구 응암동 595-34 1층,지하", "피해일시": "20250813 - 1200", "F_SHIM": 0.0, "F_AREA": 199.6064997, "F_AVR_HGT": 14.0544497, "ADM_CD": 1138010700, "F_YR": "2025", "F_ZONE_NM": "서울특별시 은평구 응암동 595-34 1층,지하", "TYPE": "소상공인", "TYPE2": "재난지원금" }, "geometry": { "type": "Polygon", "coordinates": [ [ [ 126.914606889046297, 37.587567986853706 ], [ 126.914724090998547, 37.587552305849243 ], [ 126.914691070069239, 37.587420737752616 ], [ 126.914688702900193, 37.587411726161136 ], [ 126.914559034097181, 37.587438389965072 ], [ 126.914537902037438, 37.587442735163414 ], [ 126.914563931965006, 37.587510472374625 ], [ 126.914587411801207, 37.587570765565289 ], [ 126.914606889046297, 37.587567986853706 ] ] ] } },
{ "type": "Feature", "properties": { "PNU": 1.13051030010129e+18, "피해위치(": "서울특별시 강북구 수유동 129-18 아이파크아파트 가동 B02호", "피해일시": "20250822 - 2128", "F_SHIM": 0.0, "F_AREA": 282.0408705, "F_AVR_HGT": 40.4091232, "ADM_CD": 1130510300, "F_YR": "2025", "F_ZONE_NM": "서울특별시 강북구 수유동 129-18 아이파크아파트 가동 B02호", "TYPE": "주택", "TYPE2": "재난지원금" }, "geometry": { "type": "Polygon", "coordinates": [ [ [ 127.018334344600348, 37.636383069193343 ], [ 127.018164085744729, 37.636285850798849 ], [ 127.018163870474339, 37.636285805780325 ], [ 127.018125448027163, 37.636318120257151 ], [ 127.018049667814964, 37.636381884084948 ], [ 127.018081033135559, 37.63640552134396 ], [ 127.018118551433986, 37.636433797764731 ], [ 127.018164806298813, 37.636468704137755 ], [ 127.018226824345604, 37.636469839615131 ], [ 127.018334344600348, 37.636383069193343 ] ] ] } },
{ "type": "Feature", "properties": { "PNU": 1.13051040010109e+18, "피해위치(": "서울특별시 강북구 우이동 109-4 샘마을빌라 B02호", "피해일시": "20250823 - 1222", "F_SHIM": 0.0, "F_AREA": 53.4951944, "F_AVR_HGT": 59.3774345, "ADM_CD": 1130510400, "F_YR": "2025", "F_ZONE_NM": "서울특별시 강북구 우이동 109-4 샘마을빌라 B02호", "TYPE": "주택", "TYPE2": "재난지원금" }, "geometry": { "type": "Polygon", "coordinates": [ [ [ 127.010935010856926, 37.657672417210378 ], [ 127.010998470919816, 37.65764655416114 ], [ 127.011018415527147, 37.657638623981576 ], [ 127.011029294907601, 37.65763826271548 ], [ 127.010964914025649, 37.65755186443014 ], [ 127.010948486020197, 37.657587003750415 ], [ 127.010935010856926, 37.657672417210378 ] ] ] } },
{ "type": "Feature", "properties": { "PNU": 1.1500108001003401e+18, "피해위치(": "서울특별시 강서구 공항동 34-52", "피해일시": "20250814 - 1100", "F_SHIM": 0.0, "F_AREA": 189.7952189, "F_AVR_HGT": 9.874938, "ADM_CD": 1150010800, "F_YR": "2025", "F_ZONE_NM": "서울특별시 강서구 공항동 34-52", "TYPE": "주택", "TYPE2": "재난지원금" }, "geometry": { "type": "Polygon", "coordinates": [ [ [ 126.812621706535339, 37.560153857678053 ], [ 126.81269190710087, 37.560074953299221 ], [ 126.812709994544591, 37.56005645790588 ], [ 126.812624415229479, 37.559973051698037 ], [ 126.812590197455393, 37.559983493464941 ], [ 126.812510127197712, 37.560089456681538 ], [ 126.812621706535339, 37.560153857678053 ] ] ] } },
{ "type": "Feature", "properties": { "PNU": 1.13801030010432e+18, "피해위치(": "서울특별시 은평구 불광동 432-3 B01, 앞쪽", "피해일시": "20250813 - 1200", "F_SHIM": 0.0, "F_AREA": 102.6404228, "F_AVR_HGT": 33.9015823, "ADM_CD": 1138010300, "F_YR": "2025", "F_ZONE_NM": "서울특별시 은평구 불광동 432-3 B01, 앞쪽", "TYPE": "주택", "TYPE2": "재난지원금" }, "geometry": { "type": "Polygon", "coordinates": [ [ [ 126.926242089113558, 37.622152531644723 ], [ 126.926358892464151, 37.622134226109551 ], [ 126.926348046526527, 37.622106108632543 ], [ 126.926337988519819, 37.622082947045122 ], [ 126.926344015499723, 37.622059615508704 ], [ 126.926197877305981, 37.622075109271933 ], [ 126.926212334114325, 37.622116923959616 ], [ 126.926242089113558, 37.622152531644723 ] ] ] } },
{ "type": "Feature", "properties": { "PNU": 1.13801030010431e+18, "피해위치(": "서울특별시 은평구 불광동 431-2 지층 우측", "피해일시": "20250813 - 1200", "F_SHIM": 0.0, "F_AREA": 114.8227012, "F_AVR_HGT": 33.9015823, "ADM_CD": 1138010300, "F_YR": "2025", "F_ZONE_NM": "서울특별시 은평구 불광동 431-2 지층 우측", "TYPE": "주택", "TYPE2": "재난지원금" }, "geometry": { "type": "Polygon", "coordinates": [ [ [ 126.926491944464019, 37.622290991155772 ], [ 126.926477117125899, 37.62227953928511 ], [ 126.926428822171289, 37.622207069792374 ], [ 126.926425450147548, 37.622203562835395 ], [ 126.926333284196176, 37.622255121278826 ], [ 126.926351837378917, 37.622278648669436 ], [ 126.926366180948378, 37.622320553362698 ], [ 126.926370223792574, 37.622355333754832 ], [ 126.926412277695206, 37.622326168785037 ], [ 126.926491944464019, 37.622290991155772 ] ] ] } },
{ "type": "Feature", "properties": { "PNU": 1.1290137001005501e+18, "피해위치(": "서울특별시 성북구 상월곡동 55-98", "피해일시": "20250814 - 0600", "F_SHIM": 0.0, "F_AREA": 124.3287326, "F_AVR_HGT": 33.371431, "ADM_CD": 1129013700, "F_YR": "2025", "F_ZONE_NM": "서울특별시 성북구 상월곡동 55-98", "TYPE": "주택", "TYPE2": "재난지원금" }, "geometry": { "type": "Polygon", "coordinates": [ [ [ 127.045685443565063, 37.605943345697249 ], [ 127.04579560532963, 37.60591285121756 ], [ 127.045748660422603, 37.605811697502538 ], [ 127.045637275127305, 37.605841219335261 ], [ 127.045685443565063, 37.605943345697249 ] ] ] } }
]
}
