사업장명,도로명주소,raw_score_noise_pub,경도,위도
명동노래주점뱅크,서울특별시 중구 마른내로 123 (오장동),1.0,126.99888294415938,37.56471606615831
타이밍,서울특별시 중구 을지로44길 13 (광희동1가),1.0,127.00382089592863,37.56544598016548
골드,서울특별시 중구 을지로44길 23 (광희동1가),1.0,127.00369045155172,37.564987381091015
루아,"서울특별시 종로구 수표로 133 (낙원동,지하 1층)",1.0,126.985287891675,37.57240303172652
마돈나,서울특별시 종로구 수표로 93 (관수동),1.0,126.98647870425661,37.56952424710752
벌떼,"서울특별시 중구 퇴계로31길 9 (필동1가,지하1층)",1.0,126.9892829460767,37.56163604590595
오션,"서울특별시 중구 무교로 12 (무교동,지하1층)",1.0,126.97650062920053,37.56704911810168
뿜뿜 노래밤,"서울특별시 중구 창경궁로1길 38 (충무로4가,(지하1층))",1.0,126.9934397558778,37.56252020158745
리밋,"서울특별시 중구 마른내로2길 6, 2층 (초동)",1.0,126.98948949553045,37.564148584061094
굿모닝,"서울특별시 중구 수표로6길 25-1 (충무로3가,지하1층)",1.0,126.98902722841717,37.5631056228156
비타민노래카페,"서울특별시 중구 수표로2길 5 (충무로3가, 2층)",1.0,126.98792779817586,37.562308571770345
수노래,"서울특별시 중구 충무로 20-1, 지하1층 (충무로3가)",1.0,126.99035450009778,37.56300895485043
탈렌트,"서울특별시 용산구 한강대로 280-1 (남영동,(지하1층))",1.0,126.97011829547574,37.54336266236547
여자친구 노래팡,"서울특별시 중구 마른내로 54-1 (인현동1가,지하1층)",1.0,126.99098515898218,37.56422230736717
칼라노래짱(타운),"서울특별시 중구 청파로 427-3 (중림동,지하1층)",1.0,126.96612589674702,37.557861544139534
에이치(H),"서울특별시 중구 창경궁로 70, 지하1층 (주교동)",1.0,126.99537333487797,37.568536720978294
쉼터,"서울특별시 중구 마른내로4길 36 (충무로3가,2층)",1.0,126.99043911717405,37.56277384417308
주유소 노래땅,"서울특별시 중구 충무로 20 (충무로3가,지하1층)",1.0,126.99039593647488,37.562926382295856
웰빙(Well - being),서울특별시 중구 을지로 109 (을지로3가),1.0,126.98720476846053,37.56649694342424
도원,"서울특별시 중구 을지로44길 27 (광희동1가,지하1층)",1.0,127.00367365544464,37.5648868005152
신성,서울특별시 종로구 종로 337 (창신동),1.0,127.01211832949619,37.57307372445812
헤라,"서울특별시 종로구 지봉로 28, 지하1층 (숭인동)",1.0,127.01300885923807,37.572481989353726
차차차 노래빠,서울특별시 종로구 수표로 111 (낙원동),1.0,126.98616479632473,37.571221509106465
센추럴비즈니스,서울특별시 종로구 청계천로 137 (장사동),1.0,126.99000626976859,37.56879918308795
레이스투,서울특별시 종로구 종로 346 (숭인동),1.0,127.01341007995397,37.572903182848115
금,서울특별시 구로구 경인로20나길 6 (오류동),1.0,126.8405057812946,37.4951965640736
도깨비,서울특별시 관악구 신림로66길 10 (신림동),1.0,126.92736885620494,37.485310789847375
탐탐,"서울특별시 송파구 올림픽로32길 5, 지하1층 (방이동)",1.0,127.10612626162984,37.515586740611845
레이블,"서울특별시 강남구 도산대로 205, 선샤인호텔 별관2,3층 (신사동)",1.0,127.02585626240689,37.520540385181754
담이 노래빠,"서울특별시 구로구 경인로23길 8, 202호 (오류동, 대서프라자 202호)",1.0,126.84119879849771,37.49676340825884
필 노래바,"서울특별시 구로구 경인로23길 8 (오류동,204호)",1.0,126.84119879849771,37.49676340825884
별빛노래룸,"서울특별시 관악구 신림로 367, 지하1층 (신림동)",1.0,126.92583189655541,37.48713124925235
우주노래빠,서울특별시 관악구 신림동길 3 (신림동),1.0,126.92547431788002,37.48730421602701
99,"서울특별시 관악구 신림로68길 9, 지하1층 (신림동)",1.0,126.92697593658863,37.48660885766666
금보노래바,서울특별시 관악구 난곡로 317 (신림동),1.0,126.9113395751414,37.48231602383009
놀이터,"서울특별시 송파구 올림픽로32길 12, 지상2층 (방이동)",1.0,127.10607556658474,37.51499606072093
썸 노래,"서울특별시 송파구 올림픽로8길 12, 지하1층 (잠실동, 지하1층)",1.0,127.07712629819521,37.510567104297515
맨체스터,"서울특별시 금천구 시흥대로 222, 지하1층 (시흥동)",1.0,126.89839323792262,37.45370285129555
요요~뮤직타운,"서울특별시 송파구 올림픽로32길 10-1 (방이동,(2층))",1.0,127.10603239079286,37.51509782244225
고향역,"서울특별시 영등포구 영등포로 169-1, 지하1층 (당산동1가)",1.0,126.89769252564605,37.520889143175914
초코파이,"서울특별시 관악구 신림로66길 20 (신림동,48,49지하1층)",1.0,126.92793599117748,37.4854113208831
S노래빠,서울특별시 관악구 난곡로66길 7 (신림동),1.0,126.91189946053316,37.482696963599984
수,"서울특별시 관악구 시흥대로 570, 지하1층 (신림동)",1.0,126.89957599388318,37.483538043053045
삐삐노래빠,"서울특별시 관악구 난곡로65길 3 (신림동, 지하1층)",1.0,126.9111615889249,37.482286326442185
당근 노래바,"서울특별시 관악구 신림로 363, 지하1층 (신림동)",1.0,126.92606121607596,37.486548988649744
룰루랄라,"서울특별시 금천구 남부순환로 1262 (가산동, 지하1층)",1.0,126.88813597095454,37.47884605070698
썸,"서울특별시 종로구 새문안로5가길 3 (당주동,외 2필지(지하1층))",1.0,126.97146539146354,37.57239736044283
보신각,서울특별시 종로구 종로8길 21 (관철동),1.0,126.98123300344902,37.56907129933285
호림,,1.0,126.98416214865418,37.57233272023686
뉴 유성 메들리,"서울특별시 종로구 청계천로 237 (종로5가,16,27,28)",1.0,127.00110087453587,37.56993335701418
삼바,"서울특별시 관악구 신림동길 7, 정우빌딩 지하1층 (신림동)",1.0,126.92507825747501,37.487275469006754
상주집,서울특별시 종로구 대학로2길 4 (종로5가),1.0,126.99941355191642,37.571401177963196
자몽노래크럽,서울특별시 관악구 신림로 355 (신림동),1.0,126.92630577004299,37.486036724374415
자이노래빠,서울특별시 관악구 난곡로66길 14 (신림동),1.0,126.91233160026827,37.482514414508245
딸기,서울특별시 관악구 남부순환로 1588 (신림동),1.0,126.92418912345083,37.48365902311685
하이 노래밤,"서울특별시 관악구 과천대로 945, 지하1층 (남현동)",1.0,126.97850471994155,37.47498371516813
골든벨노래바,서울특별시 관악구 남부순환로 1472 (신림동),1.0,126.91113165011674,37.481408942333296
노래하는탑스타,"서울특별시 관악구 남현1길 68-14 (남현동,가호)",1.0,126.97823676224105,37.47523279836384
주색 노래빠,"서울특별시 관악구 남부순환로 1615, 지하1층 (신림동)",1.0,126.92721053421572,37.48454206522571
호박 노래빠,서울특별시 관악구 난곡로66길 6 (신림동),1.0,126.91191781168887,37.48242105915729
콰트로,"서울특별시 강남구 테헤란로28길 3-10, 지하1층 (역삼동)",1.0,127.03659452959391,37.50099235578032
엠(M)노래밤,"서울특별시 강남구 삼성로91길 24 (삼성동,지하1층)",1.0,127.05130359689093,37.50680712162822
오로라,"서울특별시 강남구 테헤란로20길 5 (역삼동,지하1층)",1.0,127.03145528795672,37.49943768117418
타이밍1,"서울특별시 강남구 테헤란로69길 8, 지상4층,지상5층 (삼성동)",1.0,127.04997043265836,37.50644575911338
멜로디이,"서울특별시 강남구 테헤란로33길 6-7 (역삼동,지하1층, 지하2층)",1.0,127.03720752240797,37.50262143969361
탑시크릿노래바Q,"서울특별시 강남구 강남대로62길 12 (역삼동,지하1층)",1.0,127.02961467701921,37.49028946621686
주유소,"서울특별시 강남구 선릉로92길 6 (삼성동,지상2,3층)",1.0,127.04624771135671,37.50522680123615
씨엔엔CNN3,"서울특별시 강남구 테헤란로77길 9, 지상3층 (삼성동)",1.0,127.05149472485054,37.50708128416996
타이밍,"서울특별시 강남구 테헤란로69길 8, 지상2층, 지상3층 (삼성동)",1.0,127.04997043265836,37.50644575911338
야시,,1.0,,
썸,"서울특별시 영등포구 여의대방로 394 (여의도동,우정빌딩204호)",1.0,126.92990626928103,37.51933077053099
청개구리,"서울특별시 영등포구 도신로60길 1, 지하1층 (신길동)",1.0,126.9143455611989,37.511668951446836
더 찬스,서울특별시 종로구 종로8길 16 (관철동),1.0,126.98096865510558,37.5693580367376
원남관광나이트,,1.0,,
토마토,서울특별시 종로구 삼일대로15길 17 (관철동),1.0,126.98367170269705,37.56869420176373
모델노래크럽,서울특별시 종로구 통일로 202 (교북동),1.0,,
갤럭시 노래주점,,1.0,,
커플노래주점,서울특별시 종로구 삼일대로15길 3 (관철동),1.0,126.9843776573351,37.56875711840953
스타노래,"서울특별시 종로구 종로14길 32 (관철동,지하1층)",1.0,126.98384763133393,37.56857936980728
야화,"서울특별시 종로구 종로36가길 6 (종로5가,지상1층)",1.0,127.00128688922248,37.5706015782834
장녹수,"서울특별시 강남구 테헤란로78길 14-8, 지하1층 (대치동)",1.0,127.05191701283746,37.50527142079023
킹 노래바,"서울특별시 금천구 시흥대로 231, 2층 일부호 (시흥동)",1.0,126.89740584414793,37.45428586571966
팡팡,서울특별시 영등포구 경인로 728 (문래동1가),1.0,126.89172053373812,37.511972925806816
이브노래장,"서울특별시 영등포구 디지털로 463, 지하1층 (대림동)",1.0,126.90485136757802,37.49672599565698
탬버린,"서울특별시 종로구 종로46길 1 (창신동, (지상2층))",1.0,127.00808223559507,37.57149963500277
투투노래주점,서울특별시 종로구 종로5길 32-5 (청진동),1.0,126.97795165158311,37.57190772760057
오퍼스(Opus),서울특별시 종로구 돈화문로5가길 13-1 (돈의동),1.0,126.98855199642472,37.57140757426745
제이제이,"서울특별시 종로구 돈화문로11가길 93 (운니동,지하1층)",1.0,126.98695230113609,37.576735712710835
대부,"서울특별시 종로구 통일로 150-5 (교남동,지하1층)",1.0,126.96232244308408,37.56782320479886
파트너스,"서울특별시 종로구 삼봉로 68 (청진동,지하1층)",1.0,126.97800183710665,37.572137868899276
Alvin Avenue(엘빈 에비뉴),"서울특별시 강남구 강남대로92길 13, 지하1.2층 (역삼동)",1.0,127.02562461810267,37.49904201828512
붐노래밤주점,서울특별시 종로구 삼일대로20길 13 (관수동),1.0,126.98578633408543,37.569753406880245
자매집,"서울특별시 종로구 종로36가길 10 (종로5가,지상1~2층)",1.0,127.00162220464787,37.5705974322792
행운,서울특별시 종로구 종로58길 6-3 (숭인동),1.0,127.01472254056723,37.57303220702115
닉스 노래방식 주점,"서울특별시 종로구 새문안로5가길 3-1 (당주동,지하1,2층)",1.0,126.97137885053183,37.5724794075962
해주집,서울특별시 종로구 종로36가길 10 (종로5가),1.0,127.00162220464787,37.5705974322792
황주집,"서울특별시 종로구 종로36가길 10 (종로5가,(지상1~2층))",1.0,127.00162220464787,37.5705974322792
밤차,서울특별시 종로구 종로36가길 8 (종로5가),1.0,127.00138260915729,37.57059978362741
주)쏘러,서울특별시 종로구 수표로 96 (관수동),1.0,126.98708830169116,37.569743711155844
보물섬,서울특별시 종로구 새문안로5길 13 (당주동),1.0,126.97156739578423,37.571396804353284
위드노라바,서울특별시 종로구 종로48길 15-4 (창신동),1.0,127.00915953233488,37.57159150989351
아방궁,"서울특별시 종로구 종로36가길 4, 1층 (종로5가)",1.0,127.00120523768112,37.570555069969394
사랑방,서울특별시 종로구 대학로2길 29 (효제동),1.0,127.00078734289289,37.57168699749208
영광노래광장,"서울특별시 종로구 세종대로23길 54, 지하1층 134호 (당주동, 세종빌딩)",1.0,126.97042519119049,37.571864160935846
퀸,"서울특별시 종로구 새문안로5길 5 (당주동,지하1층)",1.0,126.9718351974044,37.570692089890855
파레스,서울특별시 종로구 종로3길 24-20 (청진동),1.0,126.97752487374315,37.57141803137798
캐빈,"서울특별시 종로구 청계천로 231-8, 동  호 (종로5가)",1.0,127.00053628833527,37.57008113352145
피크(PEAK),서울특별시 종로구 돈화문로5가길 15 (돈의동),1.0,126.98842557981651,37.571448140045256
유람선,"서울특별시 종로구 종로35길 19, 혜원한의원 2층 (효제동)",1.0,127.00090819073384,37.5720399326071
장땡,서울특별시 종로구 대학로2길 39 (효제동),1.0,127.00145655806416,37.571568956762114
별무리,서울특별시 종로구 종로 263-1 (종로6가),1.0,127.00432606320841,37.57137588830897
원투쓰리,"서울특별시 종로구 돈화문로9길 40 (낙원동, (지하1층))",1.0,126.98660876034394,37.57171856677611
체리,서울특별시 종로구 우정국로 30-6 (공평동),1.0,,
18K,"서울특별시 종로구 돈화문로 84 (와룡동,지하1층)",1.0,126.98786130165307,37.575938681108674
폭스노래주점,서울특별시 종로구 대학로1길 41 (종로5가),1.0,126.9972151486968,37.571794257788675
한국특선갤러리,"서울특별시 종로구 삼일대로30길 9 (낙원동, (지하1층))",1.0,126.98529794281882,37.574066031498646
박카스,서울특별시 종로구 삼일대로17길 50 (관철동),1.0,126.98188427674002,37.56927867464843
핑클노래바,"서울특별시 종로구 종로 230-2, 지하 1층 (종로5가)",1.0,127.00051290147813,37.57078103982956
종로,"서울특별시 종로구 종로35길 3 (종로5가,지상2층)",1.0,127.000916189794,37.57137785750972
G 2,"서울특별시 종로구 삼일대로30길 21 (낙원동,종로오피스텔 지하 1층 117호)",1.0,126.98559851465804,37.57403670388924
성진,서울특별시 종로구 종로5길 32-12 (청진동),1.0,126.97828038779797,37.57172421900797
한일,서울특별시 종로구 돈화문로 29-1 (묘동),1.0,126.98887804583849,37.57122392173097
슬로우(SLOW),"서울특별시 종로구 돈화문로11다길 9 (돈의동,(지하1층))",1.0,126.98765121549391,37.57287935541758
큐노리방,서울특별시 종로구 종로 298 (창신동),1.0,127.00811730894911,37.571527012500354
슈퍼맨,서울특별시 종로구 종로38길 3 (종로5가),1.0,127.00226527275075,37.57069964953024
스카이 노래짱,서울특별시 종로구 돈화문로5길 32 (낙원동),1.0,126.98735781825104,37.57082614831978
문화노래짱유흥주점,"서울특별시 종로구 지봉로 16 (숭인동,지하1층)",1.0,127.01324847165581,37.57149820959914
음치,서울특별시 종로구 수표로 108 (낙원동),1.0,126.98662525070394,37.570898875617026
카스바,서울특별시 종로구 종로26길 18 (장사동),1.0,126.99180658720539,37.56938563128589
초원,"서울특별시 종로구 종로 233-1, 메디칼라움빌딩 (종로5가)",1.0,127.00083815414463,37.57130723051545
앵콜 노래빠,"서울특별시 종로구 종로46길 22, 임진빌딩 지하1층 (창신동)",1.0,127.00732838577343,37.57065076856961
춘향이,"서울특별시 종로구 대학로2길 32, 지상2층 (종로5가)",1.0,127.00088589491097,37.57144030151898
TENSION,"서울특별시 종로구 수표로 116 (낙원동,지하1층)",1.0,126.98651688868318,37.571525456291
초이스,"서울특별시 종로구 종로33길 14, 지하1층 (효제동)",1.0,126.99878765470902,37.57171682211208
벤츠,"서울특별시 종로구 종로8길 15-1 (관철동,지하1층)",1.0,126.98119947052619,37.56932220389408
메이드,서울특별시 종로구 종로41길 8 (종로6가),1.0,127.00395193855677,37.57157143850265
레이싱걸,"서울특별시 종로구 종로46길 27, 덕일빌딩 지하1층 (창신동)",1.0,127.00748646345163,37.570333750694466
엠비씨,"서울특별시 종로구 삼일대로17길 46, 3층 (관철동)",1.0,126.98205127320945,37.56930044851282
수성노래광장,"서울특별시 종로구 종로39길 11 (효제동,지하1층)",1.0,127.00311792308808,37.571671653999665
레이스,"서울특별시 종로구 지봉로 26-1, 지하1층 (숭인동)",1.0,127.01301763500506,37.57237114926136
센스 노래장,서울특별시 종로구 새문안로5길 10-1 (당주동),1.0,126.9721449831951,37.57124700404116
힐링,"서울특별시 종로구 종로 111-1 (종로3가,지상3층)",1.0,126.98704250602414,37.570577681706624
부영,서울특별시 종로구 종로 227-5 (종로5가),1.0,127.00001612036283,37.57148763121392
대가,"서울특별시 종로구 수표로 116 (낙원동,지상2층)",1.0,126.98651688868318,37.571525456291
팡팡노래주점,서울특별시 종로구 돈화문로 12 (장사동),1.0,126.98965063633523,37.56951393886334
축구장,"서울특별시 종로구 종로31길 34 (연지동,지하1층)",1.0,126.99659759394822,37.57233779729244
만남,서울특별시 종로구 대학로2길 5 (효제동),1.0,126.99950253906616,37.57155385918237
한강,"서울특별시 종로구 종로36길 8 (종로5가,지상2층)",1.0,127.00091210271559,37.57055212685186
성공노래주점,,1.0,,
인스타노래,"서울특별시 종로구 종로 248 (종로5가,지상2층)",1.0,127.00230539749874,37.570796115183214
지중해`궁,"서울특별시 종로구 율곡로 164 (원남동,지하층)",1.0,126.99385321732716,37.57575319894445
히든싱어2,"서울특별시 종로구 종로46길 33 (창신동,외1필지 지하1층)",1.0,127.0073132192668,37.57018681073342
발리노래팡,"서울특별시 종로구 종로 382, 지하1층 (숭인동)",1.0,127.01700121211901,37.573965499881616
궁전,"서울특별시 종로구 대학로1길 23, 지하1층 (종로5가)",1.0,126.99774216824953,37.57150153234826
궁,"서울특별시 종로구 새문안로5길 25 (도렴동,(지상 3층))",1.0,,
놀이터 노래 주점,"서울특별시 종로구 종로41길 9 (종로6가,지하1층)",1.0,127.00357615024537,37.57171090487671
노노유흥주점,"서울특별시 종로구 종로35길 20 (효제동,지상1층)",1.0,127.00111651805648,37.57207472565799
아리랑,"서울특별시 종로구 대학로1길 16 (연지동,1층)",1.0,126.99821680821839,37.57153130947843
준코뮤직타운 종각점,"서울특별시 종로구 종로 63-8 (인사동,(지상1층))",1.0,126.98190728681885,37.5707652569376
에스비에스(SBS)노래터,"서울특별시 종로구 종로66가길 2 (숭인동,지하1층)",1.0,127.0188768436217,37.5738262653727
비너스노래왕,"서울특별시 종로구 종로66길 20 (숭인동,지하 1층)",1.0,127.01884511950023,37.573957648499984
용비노래주점Ⅱ,"서울특별시 종로구 새문안로3길 36 (내수동,용비어천가 지하102호)",1.0,126.97036480214801,37.57341959409805
봉봉,"서울특별시 관악구 남현1길 68-22, 지하1층 (남현동)",1.0,126.97831990991195,37.47478732216602
씨엔엔CNN4,"서울특별시 강남구 테헤란로77길 9, 4층 (삼성동)",1.0,127.05149472485054,37.50708128416996
글로리,"서울특별시 강남구 언주로 506, 지하2층 (역삼동)",1.0,127.0399347731443,37.503418162365904
서울여자,"서울특별시 강남구 테헤란로2길 36, 지하1층 (역삼동)",1.0,127.0266756263853,37.49583615055069
초콜렛,"서울특별시 성동구 무학로2길 39 (도선동, 도선동149외3필지 지하1층)",1.0,127.03136631460892,37.56294381934625
산타룸노래클럽,"서울특별시 성동구 무학로2길 44 (도선동,(지하1층))",1.0,127.03141224207091,37.56268732633852
땡벌,"서울특별시 성동구 왕십리로22길 3 (도선동, 50 지하1층)",1.0,127.03137935441737,37.56261885079731
브이아이피(vip)노래뱅크,"서울특별시 성동구 무학로2길 45 (도선동,지상2층)",1.0,127.03174603978431,37.562702114102756
동경,"서울특별시 성동구 왕십리로22길 10 (도선동,지하1층)",1.0,127.03191475479476,37.562838462348935
W 더블유,서울특별시 성동구 무학로2길 48 (도선동),1.0,127.03179611443441,37.56237616381252
엠비씨(MBC)노래주점,"서울특별시 성동구 무학로2길 46, 3층 (도선동)",1.0,127.03168380347385,37.56245412190087
카라노래바,서울특별시 광진구 동일로 168 (화양동),1.0,127.06410501627944,37.54703811786693
술마시는뮤직노래방,서울특별시 광진구 구의로 72 (구의동),1.0,127.08783522556084,37.54442454031421
쎄시,서울특별시 광진구 광나루로 347 (군자동),1.0,127.06576389563173,37.54843463233471
파라곤노래바,서울특별시 광진구 군자로 69 (군자동),1.0,127.06768955434333,37.549392889577426
비타민,서울특별시 광진구 광나루로 341 (군자동),1.0,127.06503678524885,37.54852389284154
W(더블유),서울특별시 광진구 동일로 166 (화양동),1.0,127.064160178993,37.54688660464067
슈퍼노래바,"서울특별시 광진구 동일로 164 (화양동,, 7)",1.0,127.06398022133227,37.546719676429
동서울노래방,서울특별시 광진구 광나루로 529 (구의동),1.0,127.0855803342385,37.54513785146988
뮤즈노래바,서울특별시 광진구 자양로 112 (구의동),1.0,127.08077686791665,37.53777910619803
로제노래밤,서울특별시 광진구 광나루로 343 (군자동),1.0,127.06524886973021,37.548551348847745
하트,서울특별시 동대문구 전농로16길 12 (전농동),1.0,127.05500392206486,37.57824095496587
아마죤,"서울특별시 동대문구 천호대로 128, 지하1층 (용두동)",1.0,127.03477403763691,37.573908074104615
정거장,"서울특별시 동대문구 한천로 190 (장안동,(한천로 190))",1.0,127.0656783323447,37.57788463981047
제이시,"서울특별시 동대문구 이문로 16, 지하1층 (휘경동)",1.0,127.05219836302439,37.58914707338434
카톡,"서울특별시 동대문구 왕산로 266, 지하1층 (전농동)",1.0,127.04772077257951,37.58428561099026
돈텔 마마,"서울특별시 동대문구 고미술로 99, 5층 (답십리동)",1.0,127.05470024135026,37.56425274525343
수 소주BAR 클럽,"서울특별시 동대문구 이문로 36, 지하1층 (휘경동)",1.0,127.05367400271831,37.590671399143055
허니클럽,"서울특별시 동대문구 장한로 114, 지하1층 (장안동)",1.0,127.06808140499784,37.57057822788421
25시 노래방,"서울특별시 동대문구 장한로 106, 지하1층 (장안동)",1.0,127.0676593120135,37.56988464559807
캔디노래바,"서울특별시 동대문구 장한로 122, 지하1층 (장안동)",1.0,127.06852218171106,37.57128405109728
정글,"서울특별시 동대문구 이문로 40, 2층 (휘경동)",1.0,127.0538406299058,37.59090673220274
팔일일,"서울특별시 동대문구 장한로 106, 2층 (장안동)",1.0,127.0676593120135,37.56988464559807
비비,"서울특별시 동대문구 왕산로 11, 지하1층 (신설동)",1.0,127.02186238877752,37.576385895596154
남태평양,"서울특별시 동대문구 이문로 200 (이문동,(지하1층))",1.0,127.05928883004057,37.60425393167292
작은성노래바,"서울특별시 동대문구 장한로21길 11-12, 지하1층 (장안동)",1.0,127.0657953697107,37.569182180593785
타임,"서울특별시 동대문구 천호대로 343, 지하1층 (답십리동)",1.0,127.0550036960948,37.56351304587374
시크릿,"서울특별시 동대문구 장한로24길 13, 지하1층 (장안동)",1.0,127.06893666712145,37.570843145870455
늪,"서울특별시 동대문구 고미술로 100, 지하1층 (답십리동, 지하1층 10,11,12호)",1.0,127.05448371802805,37.56388102119361
망고,"서울특별시 동대문구 천호대로 425, 지하1층 (장안동)",1.0,127.06343240838214,37.5616065739491
몰디브,서울특별시 강북구 도봉로87길 6 (수유동),1.0,127.02244992134044,37.63833232816925
럭셔리,"서울특별시 강북구 도봉로 351, 지하1층층 (수유동)",1.0,127.02344813913581,37.63904736688573
썸노래클럽,서울특별시 강북구 도봉로 280 (미아동),1.0,127.02087793346901,37.633382260470555
게코노래타운,서울특별시 강북구 도봉로87길 7 (수유동),1.0,127.02213866182608,37.638170191350056
더 킹,서울특별시 강북구 도봉로87길 3 (수유동),1.0,127.02227219295159,37.63809261224351
민트,"서울특별시 강북구 한천로131길 36, 동국빌딩 지하1층 (번동)",1.0,127.02374971987871,37.63790447650332
빠리,서울특별시 강북구 도봉로 343 (수유동),1.0,127.02289846143876,37.63852634772606
바나나 룸,서울특별시 강북구 덕릉로19길 4 (수유동),1.0,127.01769610104293,37.63473596062467
슈퍼스타 케이,서울특별시 강북구 도봉로87길 3 (수유동),1.0,127.02227219295159,37.63809261224351
궁전 노래주점,서울특별시 강북구 도봉로 284-9 (미아동),1.0,127.02108910469437,37.633958689016254
상상노래주점,"서울특별시 강북구 수유로 82, 지1층 (수유동)",1.0,127.0197554515331,37.636117558738796
샴푸나이트,"서울특별시 강북구 도봉로 308, 지하 1~2층 (번동)",1.0,127.02092712354879,37.63569201942927
팝콘,"서울특별시 강북구 도봉로 345, 지1층 (수유동)",1.0,127.02302727656539,37.63864665602432
티아라,"서울특별시 강북구 도봉로 341, 지하1층 (수유동)",1.0,127.0226995242776,37.6383423976428
터널,"서울특별시 강북구 도봉로 313, 효성인텔리안오피스텔 지하1층 105호 (수유동)",1.0,127.02051965174044,37.636430612305894
블루문,"서울특별시 강북구 도봉로 331, 지하1층 (수유동)",1.0,127.02203823546543,37.637683843830025
마블,"서울특별시 강북구 도봉로 355-6, 몽모텔 지하1층 (수유동)",1.0,127.02371213825231,37.639543888605544
나인 노래주점,"서울특별시 강북구 도봉로87길 3, 덕인빌딩 2층 201호 (수유동)",1.0,127.02227219295159,37.63809261224351
뉴욕 노래주점,"서울특별시 강북구 수유로 84, 지하 1층 (수유동)",1.0,127.01994785316289,37.63610059439994
칠일일,"서울특별시 동대문구 장한로 27, 지하1층 (장안동)",1.0,127.0629947240842,37.563956495901905
메트로,"서울특별시 동대문구 장한로2길 18, 지하1층 (장안동)",1.0,127.0632944848015,37.561897262122415
본전,"서울특별시 동대문구 이문로 174 (이문동,(이문로 174))",1.0,127.05937505596115,37.60199520497829
911,"서울특별시 동대문구 장한로24길 7, 지하1층 (장안동)",1.0,127.06861192941977,37.57094428480844
아지트7080,서울특별시 동대문구 장한로21길 11-4 (장안동),1.0,127.06605035775667,37.56965138322302
더블유,서울특별시 동대문구 왕산로 273 (청량리동),1.0,127.0478732579895,37.58515088583246
토마토,"서울특별시 동대문구 장한로24길 15, 지하1층 (장안동)",1.0,127.06899425098082,37.57072742080406
보보스,"서울특별시 동대문구 장한로 126 (장안동,(장한로 126))",1.0,127.06870611825323,37.571553499263075
황실,"서울특별시 동대문구 왕산로 112 (용두동,(왕산로 248-1))",1.0,127.03279779879672,37.57796311116265
멤버노래주점,"서울특별시 동대문구 왕산로 138-1, 지하1층 (용두동)",1.0,127.03591347669068,37.57795090481824
샤롯데,"서울특별시 동대문구 장한로 92, 8층 (장안동)",1.0,127.06691164968562,37.56871326900155
아프리카,"서울특별시 동대문구 장한로 111, 지하1층 (장안동)",1.0,127.06732668949518,37.570509282857714
열린주점,"서울특별시 동대문구 천호대로 291-1, 지하1층 (답십리동)",1.0,127.05067066954008,37.566719751491
더뱅크,서울특별시 동대문구 장한로 6 (장안동),1.0,127.06253920270845,37.56184913309009
디바,서울특별시 동대문구 장한로 77 (장안동),1.0,127.06561744667013,37.567874280097605
메들리,"서울특별시 동대문구 천호대로 343, 지하1층 (답십리동)",1.0,127.0550036960948,37.56351304587374
게코노래타운,"서울특별시 동대문구 장한로 116 (장안동,지하1층)",1.0,127.06817606255237,37.57073483671527
요준코소주호프,"서울특별시 동대문구 장한로 92, 지하1층 (장안동, 화성빌딩 )",1.0,127.06691164968562,37.56871326900155
도파민,"서울특별시 동대문구 장한로 115, 지하1층 (장안동)",1.0,127.06761074564878,37.57094724754469
초이스,"서울특별시 동대문구 장한로22길 7, 지하1층 (장안동)",1.0,127.06790338648779,37.56970491946122
팡팡노래짱,"서울특별시 동대문구 고산자로 428, 지하1층 (용두동)",1.0,127.03572407823579,37.57772045743897
더블클럽,"서울특별시 동대문구 장한로 106, 3층 (장안동)",1.0,127.0676593120135,37.56988464559807
라벤드,"서울특별시 동대문구 장한로 92, 6층 (장안동)",1.0,127.06701631989331,37.56887562886189
피아노,"서울특별시 동대문구 장한로21길 8, 지하1층 (장안동)",1.0,127.06685081863978,37.57017998668235
하트,"서울특별시 동대문구 장한로24길 8, 지상2층 (장안동)",1.0,127.06843465123481,37.57064083989801
조아죽네,"서울특별시 동대문구 장한로 111, 지상2층 (장안동)",1.0,127.06732668949518,37.570509282857714
썸엔썸노래바,"서울특별시 동대문구 장한로 111-1, 지하1층 (장안동)",1.0,127.06744909037172,37.57069916408788
첼로,"서울특별시 동대문구 장한로21길 8, 지하2층 (장안동)",1.0,127.06685081863978,37.57017998668235
스타,"서울특별시 동대문구 장한로24길 8, 지하 1층 (장안동)",1.0,127.06843465123481,37.57064083989801
우리,서울특별시 중랑구 봉우재로 127 (상봉동),1.0,127.0842144097969,37.593017436274
놀러와,서울특별시 중랑구 동일로 923 (묵동),1.0,127.07399266505512,37.612835800624524
샴푸노래,서울특별시 중랑구 동일로 852 (묵동),1.0,127.07596562434635,37.606467461956456
한국관 관광나이트,서울특별시 중랑구 망우로 326 (상봉동),1.0,127.08575879796199,37.59678048854762
한국관비지니스룸,서울특별시 중랑구 망우로 326 (상봉동),1.0,127.08575879796199,37.59678048854762
미주룸비지니스,서울특별시 중랑구 망우로50길 15 (상봉동),1.0,127.08630718660035,37.5964432772388
와와,서울특별시 중랑구 봉우재로33길 79 (상봉동),1.0,127.08660891699506,37.59564332873558
모나코,서울특별시 중랑구 망우로50길 30 (상봉동),1.0,127.08619149140974,37.59580117879501
한강,서울특별시 중랑구 면목로 318 (면목동),1.0,127.08560199385961,37.58023084381979
코코가요주점,서울특별시 중랑구 사가정로 379 (면목동),1.0,127.08393178538982,37.58102465155504
비타민 노래주점,서울특별시 중랑구 망우로50길 33 (상봉동),1.0,127.08657950879656,37.59573105994211
루루노래바,서울특별시 중랑구 사가정로 377 (면목동),1.0,127.08378496159062,37.58105982243735
준코뮤직타운 상봉점,서울특별시 중랑구 망우로 328 (상봉동),1.0,127.08605292331296,37.59682247598834
수,"서울특별시 중랑구 봉우재로33길 79 (상봉동, 3층)",1.0,127.08660891699506,37.59564332873558
트렌드클럽,"서울특별시 중랑구 망우로50길 15 (상봉동, 3층)",1.0,127.08630718660035,37.5964432772388
포텐노래바,"서울특별시 중랑구 망우로50길 16, 2층 (상봉동)",1.0,127.0859093085462,37.596441857920894
로또,서울특별시 성북구 동소문로 225-3 (길음동),1.0,127.01902211022382,37.60219221239722
스카이 노래밤,서울특별시 성북구 종암로22길 7 (종암동),1.0,127.03173511846704,37.59989368498184
팝콘뮤직타운,"서울특별시 성북구 보문로 78 (보문동4가, 지하1층)",1.0,127.01839369530406,37.58233280435258
카니발,"서울특별시 성북구 아리랑로 3 (동소문동6가,(지하1층))",1.0,127.01333232081821,37.59294443356076
하트노래,"서울특별시 성북구 아리랑로 4 (동선동4가,외 1필지)",1.0,127.01368990225076,37.59321677739173
발리,서울특별시 성북구 동소문로20길 12 (동소문동5가),1.0,127.01359715958226,37.59202557783171
놀자뮤직타운,서울특별시 성북구 동소문로20나길 3 (동선동1가),1.0,127.01391020527679,37.59197357111475
올챙이주점,"서울특별시 성북구 보문로 78 (보문동4가,브라운관광호텔 지하1층)",1.0,127.01839369530406,37.58233280435258
술마시는보물섬노래장,"서울특별시 강북구 도봉로97길 1 (수유동, 지하1층)",1.0,127.02617102900408,37.641604323499706
보물섬스텐드바,"서울특별시 강북구 도봉로 249 (미아동,(지하1층))",1.0,127.02117575753913,37.63072003655909
황진이,서울특별시 강북구 월계로 7 (미아동),1.0,127.02820995743485,37.60972605300747
수평선스탠드바주점,"서울특별시 강북구 도봉로 264 (미아동,(지하1층))",1.0,127.02133547668441,37.632066069870824
유람선,서울특별시 강북구 도봉로 268 (미아동),1.0,127.02119008552451,37.63244263142039
락희,,1.0,127.02662624695634,37.61316063584137
폭스(FOX),"서울특별시 강북구 월계로3길 5, 지하1층 (미아동)",1.0,127.02829936608534,37.61008102205099
카지노,서울특별시 강북구 도봉로89길 5-6 (수유동),1.0,127.02279835252106,37.63886689800544
바나나7080라이브,서울특별시 강북구 덕릉로 88 (미아동),1.0,127.02075627503865,37.63451132743213
주주노래주점,서울특별시 강북구 수유로 81 (수유동),1.0,127.01969654108409,37.6363721246287
똥광노래,서울특별시 강북구 도봉로82길 16 (번동),1.0,127.02143068963042,37.63551816342478
왕과비,서울특별시 강북구 한천로139길 29 (수유동),1.0,127.02269058710631,37.638938504263166
놀이터,서울특별시 강북구 노해로8길 28 (수유동),1.0,127.0214927877443,37.638283422711396
제우스,서울특별시 강북구 덕릉로 79 (수유동),1.0,127.01972308910877,37.63480315231768
일번지,서울특별시 강북구 한천로139길 41 (수유동),1.0,127.02225590670172,37.638566571452884
황진이,서울특별시 강북구 한천로139길 9 (수유동),1.0,127.0234368051215,37.63962976693042
킹노래바,서울특별시 강북구 도봉로 284 (미아동),1.0,127.02079953594146,37.633740997424844
레드문,서울특별시 강북구 도봉로 284-1 (미아동),1.0,127.0207834190807,37.63384339693726
르블랑,서울특별시 강북구 한천로139길 33 (수유동),1.0,127.0225787492823,37.638834134840224
춘자,"서울특별시 강북구 도봉로 274 (미아동,지상2층)",1.0,127.02093602609861,37.63291852082934
초코렛,"서울특별시 강북구 도봉로 353-1 (수유동,(지하1층))",1.0,127.02366068054141,37.63922325726087
CF(씨에프)노래주점,서울특별시 강북구 월계로3길 57 (미아동),1.0,127.02808557460064,37.61231445419528
이화,서울특별시 강북구 덕릉로19길 8 (수유동),1.0,127.01748853201106,37.63490379548878
힐링,"서울특별시 강북구 도봉로81길 3 (수유동,지하)",1.0,127.02003029378639,37.635116398747975
세븐,서울특별시 강북구 도봉로89길 1 (수유동),1.0,127.02324405984899,37.63885706691646
초이스,"서울특별시 강북구 한천로139길 7-5 (수유동,지하)",1.0,127.02347683945867,37.639471625788126
엔조이,"서울특별시 강북구 도봉로87길 3-10, 지하1층 (수유동)",1.0,127.0219031813359,37.6379449194921
빵빵,서울특별시 강북구 도봉로 355 (수유동),1.0,127.02385888818633,37.6393922228019
에이치(H),서울특별시 강북구 덕릉로24길 7 (수유동),1.0,127.01924423518632,37.634142008421875
수퍼모델,서울특별시 강북구 도봉로 353 (수유동),1.0,127.02355409141609,37.639134986360396
카니발,서울특별시 강북구 도봉로85길 4 (수유동),1.0,127.02190214873859,37.6377450065616
일급수,"서울특별시 강북구 도봉로 343, 야산빌딩 지하1층 (수유동)",1.0,127.02289846143876,37.63852634772606
비바체,서울특별시 강북구 도봉로 347 (수유동),1.0,127.02316041772946,37.63877256073994
아우라(AURA),서울특별시 강북구 도봉로73길 11 (수유동),1.0,127.02032944880926,37.632103321546076
게코 노래 타운,"서울특별시 강북구 도봉로 329, 동오빌딩 지하1층 (수유동)",1.0,127.02176603568114,37.63757965271747
폭스(FOX) 노래주점,서울특별시 강북구 도봉로 355 (수유동),1.0,127.02385888818633,37.6393922228019
스머프,"서울특별시 강북구 도봉로 317 (수유동,지하1층)",1.0,127.02099866676275,37.63684538964525
구피,"서울특별시 강북구 도봉로 327, 지하1층 (수유동)",1.0,127.02172893285318,37.63742060150486
신세계,"서울특별시 강북구 도봉로 327 (수유동, 지하1층)",1.0,127.02172893285318,37.63742060150486
오장노래방,서울특별시 중구 마른내로 121-1 (오장동),1.0,126.99867054160998,37.56469804845076
LA,"서울특별시 중구 을지로44길 21 (광희동1가,(지상2층))",1.0,127.00369312114653,37.56508317380493
빙고노래마당,"서울특별시 중구 수표로2길 29 (충무로3가,(지하1층))",1.0,126.98924326621407,37.56229696820756
애플노래클럽,"서울특별시 중구 마른내로2길 31 (충무로3가,(지상2층))",1.0,126.98863377196516,37.56308468903093
나이스클럽(Nice club),"서울특별시 중구 을지로38길 11 (광희동1가,(지하1층))",1.0,127.00096979494515,37.56606191067359
비양카노래타운,"서울특별시 중구 다산로 255 (흥인동,(지하1층))",1.0,127.01302083107652,37.565833613467916
차차차노래터,"서울특별시 중구 충무로2길 6 (충무로3가,외 1필지 (지상2층))",1.0,126.99056854272432,37.56249125916903
블링블링,"서울특별시 중구 세종대로14길 26 (북창동,(지하1층))",1.0,126.97521775162132,37.56270596855138
앵콜노래바,"서울특별시 중구 서소문로 130 (서소문동,외3필지(지하1층))",1.0,126.97268581770084,37.5634089353471
개구리,"서울특별시 중구 충무로2길 36 (충무로4가,외1필지(지상2층))",1.0,126.99221910121287,37.56224036107984
미녀,"서울특별시 중구 마른내로 42 (초동,(지상3층))",1.0,126.98956520570741,37.5642212633982
화이트 노래주점,"서울특별시 중구 동호로34길 28 (광희동1가,(지상2층))",1.0,127.00103580738188,37.56496983386025
수인,"서울특별시 중구 청파로 425-2 (중림동,(지상2층))",1.0,126.96604887078314,37.557647949074216
후,"서울특별시 중구 충무로 17-1 (충무로3가,지상2층)",1.0,126.98996169495213,37.562882592597354
플렉스(FLEX),"서울특별시 중구 퇴계로 427-3, 1,2층 (황학동)",1.0,127.01628862273431,37.565951291340006
노래타운,"서울특별시 중구 세종대로1길 6 (남대문로5가,(지상2층))",1.0,126.9701183684901,37.55824100336822
명보,"서울특별시 중구 마른내로 58 (인현동1가,(지하1층))",1.0,126.99132909740258,37.56415678951442
뉴스타,"서울특별시 중구 충무로 32, 2층 (초동)",1.0,126.99017144117316,37.56395824493097
남산,,1.0,126.99256109595628,37.562453513723476
황제노래광장,"서울특별시 중구 마른내로 165 (광희동1가,(지하1층))",1.0,127.00352565212333,37.56463110265404
리코 타운,"서울특별시 중구 충무로2길 2 (충무로3가,(지상2층))",1.0,126.99045549410141,37.562512754062276
천생연분,"서울특별시 중구 충무로2길 34 (충무로4가,(지상2층))",1.0,126.99204139901018,37.56224504149759
팡팡노래팡,"서울특별시 중구 을지로44길 28 (광희동1가,(지상2층))",1.0,127.00330653847621,37.56495288306659
사계절,"서울특별시 중구 충무로2길 1 (충무로3가,(지상2층))",1.0,126.99044067433344,37.562702570386165
큐노래클럽,"서울특별시 중구 퇴계로27길 45 (충무로3가,(지상2층))",1.0,126.9882781563247,37.5631514123894
고고,"서울특별시 중구 을지로44길 17-5 (광희동1가,(지상2층))",1.0,127.0038726056499,37.56529686735578
미미노래방,"서울특별시 중구 을지로44길 10 (광희동1가,(지상3층))",1.0,127.00354027293352,37.5657350407478
올인,"서울특별시 중구 마른내로 126 (오장동,(지상2층))",1.0,126.99896513820384,37.56443271456972
파레스,"서울특별시 중구 퇴계로8길 13 (회현동1가,(지하1층))",1.0,126.97712153794289,37.558605390860144
일번지,"서울특별시 중구 서소문로 128-4 (서소문동,(지하1층))",1.0,,
풍전노래광장주점,"서울특별시 중구 마른내로 68 (인현동2가,(지상2층))",1.0,126.99250289718594,37.564086436997485
시그널,"서울특별시 중구 을지로43길 15 (을지로6가,(지하1층))",1.0,127.00396046937817,37.56698558043278
25시노래빵주점,"서울특별시 중구 세종대로 10 (남대문로5가,외 3필지(84-1,84-2,84-3))",1.0,126.97058954174072,37.557645808009184
황진이노래노래,"서울특별시 중구 충무로2길 37 (충무로4가,외1필지 (2층))",1.0,126.99236958151849,37.562407415472656
지화자노래노래,"서울특별시 중구 충무로2길 37 (충무로4가,외1필지 (3층))",1.0,126.99236958151849,37.562407415472656
힐링,"서울특별시 중구 퇴계로41길 47 (인현동2가,외2필지(지하1층))",1.0,126.99251628728148,37.56394222190178
디바1004,,1.0,126.99185755285717,37.56225718916953
제시 노래클럽,"서울특별시 중구 마른내로2길 27 (초동,(지상2층))",1.0,126.98882788546187,37.56322742656533
보물섬,서울특별시 중구 무교로 24 (무교동),1.0,126.97658982919052,37.56810193890276
황진이노래터,"서울특별시 중구 장충단로 229-9 (광희동1가,지하1층)",1.0,127.00398967033051,37.56539003512769
궁노래주점,"서울특별시 중구 마른내로2길 10 (초동,지상2층)",1.0,126.98935263671092,37.56398433846924
좋은날,"서울특별시 중구 수표로6길 25, 2층 (충무로3가, 남정빌딩)",1.0,126.98890265965296,37.563049197984036
벨라로사,"서울특별시 중구 남대문로1길 22 (북창동,지상2,3층)",1.0,126.97466893337675,37.562058957049224
필노래크럽,"서울특별시 중구 세종대로2길 6 (남대문로5가,지상2층)",1.0,126.97070236723518,37.55762663164976
도미솔,"서울특별시 중구 퇴계로 425-1 (황학동, 지하1층)",1.0,127.01602820586513,37.56586027040426
눈. 코. 잎,"서울특별시 중구 퇴계로 439-6 (황학동,(지층1))",1.0,127.01785035091343,37.56603987428982
하트노래짱,"서울특별시 중구 퇴계로 427-2, 2층 (황학동)",1.0,127.01628862273431,37.565951291340006
마카오 Ⅰ,"서울특별시 중구 을지로1길 15 (을지로1가,지하1층)",1.0,126.97683656774315,37.566793884043136
마카오 Ⅱ,"서울특별시 중구 을지로1길 15 (을지로1가,지하2층)",1.0,126.97683656774315,37.566793884043136
수노래터,"서울특별시 중구 충무로 39, 2층 (초동)",1.0,126.98973911626304,37.564681396903886
원투쓰리노래크럽,"서울특별시 중구 마른내로2길 25-1 (초동, 지상 3층)",1.0,126.98888534921655,37.563288464219255
시크릿,서울특별시 중구 을지로12길 29 (초동),1.0,126.98796294823399,37.564938013900715
멜로디,"서울특별시 중구 남대문로1길 30, 북창동동 (북창동, 삼영빌딩 3층)",1.0,126.97464504026038,37.56237888450304
히든싱어 노래빠,"서울특별시 중구 마른내로 167-42 (광희동1가, 지상2층)",1.0,127.00384559384258,37.565157543976554
블랙,"서울특별시 중구 수표로2길 15 (충무로3가, 지하1층)",1.0,126.98843981399341,37.5622211364338
아하미인,"서울특별시 중구 충무로 52 (을지로3가, 지상2층)",1.0,126.99001211739953,37.56576495303265
바나나,"서울특별시 중구 퇴계로31길 14 (충무로3가, 지하1층)",1.0,126.9895029425369,37.56181024868592
메디컬팀 클래식바,"서울특별시 중구 남대문로9길 40 (다동, YG빌딩 지하1층)",1.0,126.97745046020022,37.56714102908328
놀러와노래장,"서울특별시 중구 충무로 17 (충무로3가, 2층)",1.0,126.98999542428886,37.562822489683164
짱노래주점,"서울특별시 중구 수표로6길 27, 2층 (충무로3가)",1.0,126.98900101588566,37.56296777774499
야인,"서울특별시 중구 마른내로 163, 3층 (광희동1가)",1.0,127.00329971443477,37.56466795699474
폭스,"서울특별시 중구 남대문로1길 16 (북창동, 2층)",1.0,126.9747891230666,37.561781355141356
프라하,"서울특별시 중구 충무로9길 12 (을지로3가, 2층)",1.0,126.98892192558888,37.56702963244311
보물섬,"서울특별시 중구 세종대로2가길 23, 지하1층 (남대문로5가)",1.0,126.97191632316841,37.558266266897206
착한집,"서울특별시 중구 남대문로1길 25, 2층 (북창동)",1.0,126.97438892684107,37.56219351390419
디바노래클럽,"서울특별시 중구 퇴계로 421, 2층 (황학동)",1.0,127.0155228719763,37.56591789727557
하트,"서울특별시 중구 수표로6길 24 (충무로3가, 2층)",1.0,126.9887633811888,37.56276411895429
수향 노래바,"서울특별시 중구 충무로4길 5, 태창빌딩 지하1층 (초동)",1.0,126.99028343475723,37.565133759175595
구찌,"서울특별시 중구 퇴계로83길 12-16, 2층 (황학동)",1.0,127.0159637445475,37.56636520214724
찐노래,"서울특별시 중구 수표로6길 37-1, 2층 (충무로3가)",1.0,126.98962167142898,37.562904159539876
마이코 이자까야,"서울특별시 중구 남대문로1길 8-1, 지하1-2층 (북창동)",1.0,126.97480673532428,37.5614946935553
충무로왕갈비노래,"서울특별시 중구 퇴계로 213, 일흥빌딩 지하1층 (충무로4가)",1.0,126.99260194813922,37.561883152628695
로얄노래타운,"서울특별시 중구 을지로 254, 지하1층 B102호 (을지로6가)",1.0,127.0034302007126,37.566006887135
갤러리,"서울특별시 중구 수표로6길 27, 지하1층 (충무로3가)",1.0,126.98900101588566,37.56296777774499
VIP,"서울특별시 중구 을지로44길 18-4, 동대문디플레이스 지하2층 (광희동1가)",1.0,127.00342816059587,37.565438742451825
쇼부,"서울특별시 중구 충무로9길 12, 3층 301호 (을지로3가)",1.0,126.98892192558888,37.56702963244311
오하이요쇼부,"서울특별시 중구 수표로 42-13, 서광빌딩 1층 (저동2가)",1.0,126.98758865609224,37.56539880251897
주식회사 슈퍼소울,"서울특별시 중구 퇴계로 161, 해보라인쇄 지하1~지상2층 (충무로2가)",1.0,126.98709086769627,37.56151997560682
엔디앰(NDM),"서울특별시 중구 남대문로1길 10-8, 1층 (북창동)",1.0,126.97510677906591,37.561400680552204
부(BOO),"서울특별시 중구 충무로9길 12, 지하1층 (을지로3가)",1.0,126.98892192558888,37.56702963244311
루트노래타운,"서울특별시 중구 퇴계로 213, 지하층 (충무로4가)",1.0,126.99260194813922,37.561883152628695
골드 노래방,"서울특별시 중구 수표로6길 11, 2층 (충무로3가)",1.0,126.98820338920069,37.563025266345875
그랜드올아프리클럽,"서울특별시 용산구 우사단로14길 16 (이태원동,(지상1층))",1.0,126.99368176922388,37.534079910621315
그레인 하우스(Grain Haus),"서울특별시 용산구 우사단로 40 (이태원동,(지상1층))",1.0,126.99295998505326,37.533699170849566
퍼블릭서울,"서울특별시 용산구 이태원로 192, 지하1층 (이태원동)",1.0,126.99247061167114,37.53435653356128
팔팔노래,"서울특별시 용산구 새창로 131-6 (원효로2가, 84-1 지하1층)",1.0,126.9588254402118,37.53579354834546
케이크샵,"서울특별시 용산구 이태원로 134 (이태원동,(지하))",1.0,126.98594182572123,37.53390696286593
싸이티로스,"서울특별시 용산구 이촌로62길 9 (이촌동, 302-48 지하1층)",1.0,126.96655127033117,37.52007398344885
백악관,"서울특별시 용산구 한강대로 353 (동자동,(지상1층))",1.0,126.96867900339427,37.5498239782138
그랜드하얏트서울제이제이마호니즈앤드헬리콘,"서울특별시 용산구 소월로 322 (한남동,(지하2층))",1.0,126.99492343489212,37.53954370523686
팡팡노래뱅크,"서울특별시 용산구 한강대로77길 21 (갈월동,(지하1층))",1.0,126.96866288599672,37.54162417867392
황제,"서울특별시 용산구 원효로 166 (원효로2가, 94-2 지하1층)",1.0,126.95868653298541,37.53502356308087
벅스노래바Q,"서울특별시 용산구 한강대로 280-2 (남영동,(지상2층))",1.0,126.96987588925357,37.54339310173191
칼라,"서울특별시 용산구 원효로 171 (원효로2가,(지하1층))",1.0,126.95886284250881,37.53562469698462
오페라,"서울특별시 용산구 한강대로 166-1 (한강로1가,(지하1층))",1.0,126.96962541570046,37.533546177019375
퀸,"서울특별시 용산구 한강대로 353-4 (동자동,(지상1층))",1.0,126.96870119821612,37.54999884414343
스카이,"서울특별시 용산구 새창로 132 (원효로2가,(지하1층))",1.0,126.95837720802353,37.535659176193384
002,"서울특별시 용산구 한강대로 132 (한강로2가,(지하1층))",1.0,126.9671862112654,37.53107380386993
글램,"서울특별시 용산구 이태원로27가길 26 (이태원동, 해밀턴호텔 별관2층)",1.0,126.99062479184798,37.53515609758181
데이앤나이트,"서울특별시 용산구 이태원로27가길 26 (이태원동, 116-1 해밀턴관광호텔 별관2층)",1.0,126.99062479184798,37.53515609758181
유토피아,"서울특별시 용산구 이태원로 지하 179 (이태원동, 해밀튼호텔 지하2층)",1.0,126.99097277169123,37.53474388524135
더서울(The Seoul),"서울특별시 용산구 이태원로 221, 지하1층 (한남동, 임피리얼팰리스 부티크호텔)",1.0,126.99534650677661,37.535244297786875
가요무대,서울특별시 성동구 왕십리로 291-2 (행당동),1.0,127.03303687849196,37.56017372399102
쎄븐,서울특별시 성동구 광나루로 315 (송정동),1.0,127.06193681357925,37.5483628129931
빵빵,서울특별시 성동구 광나루로 323 (송정동),1.0,127.0627845119484,37.54843220029225
월드컵노래주점,서울특별시 성동구 고산자로 293 (홍익동),1.0,127.03315324767604,37.56582073638384
루비 노래클럽,서울특별시 성동구 왕십리로 284 (행당동),1.0,127.03405037211887,37.5598095730631
헤라(HERA),서울특별시 성동구 무학로2길 43 (도선동),1.0,127.0315638183396,37.562858921604274
큐브(CUBE),"서울특별시 성동구 천호대로 432, 지1층 104호 (용답동, 금풍빌딩)",1.0,127.06396863528646,37.56078189014441
페라리,"서울특별시 성동구 왕십리로24길 8, 3층 (도선동)",1.0,127.03119323954569,37.5630620556883
폭스,"서울특별시 성동구 천호대로 426, 지층 (용답동, 233-6)",1.0,127.06330600473353,37.56087137793211
별밤,서울특별시 성동구 왕십리로22길 6 (도선동),1.0,127.03156543540497,37.56255952406651
오렌지,"서울특별시 성동구 왕십리로20길 8, 동  호 (도선동)",1.0,127.03221572764393,37.562488173554264
마징가 Live & 노래장,"서울특별시 서대문구 통일로 452, 지층 (홍제동)",1.0,126.94111675931909,37.58921317085412
고국산천,"서울특별시 서대문구 수색로2길 18, 지하1층 (남가좌동)",1.0,126.9133521536782,37.56963249192694
예원,"서울특별시 서대문구 연세로2가길 16 (창천동,29-109)",1.0,126.93478991790985,37.55670984834253
베리굿,"서울특별시 서대문구 연세로4길 12, 용성빌딩 지하1,2층 (창천동)",1.0,126.9349848539076,37.556997842403625
연인노래바,"서울특별시 서대문구 연세로4길 12, 용성빌딩 3층 (창천동)",1.0,126.9349848539076,37.556997842403625
샤인궁,"서울특별시 서대문구 연세로2길 7, 2층 (창천동)",1.0,126.93435813298481,37.55604381208493
일번지,"서울특별시 서대문구 통일로 191, 지층 (영천동)",1.0,126.95881219331402,37.570447734472204
준코뮤직타운 연세대점,"서울특별시 서대문구 연세로4길 7, 지하1층 (창천동)",1.0,126.93452085211496,37.55710686814883
라운딩,"서울특별시 서대문구 신촌로 155, 지하1층 나호 (대현동)",1.0,126.94051561776602,37.55689100463612
멀티,서울특별시 서대문구 수색로2길 14 (남가좌동),1.0,126.91337689017577,37.56943827827835
바발루,서울특별시 서대문구 연희로 353 (홍은동),1.0,126.93236386858618,37.58918061490747
와이키키 노래천국,"서울특별시 서대문구 통일로 189, 지하1층 (영천동)",1.0,126.95904407238368,37.570261494677176
캔디 노래클럽,서울특별시 서대문구 연세로4길 6-3 (창천동),1.0,126.93440459209526,37.55682014855835
팡팡,서울특별시 서대문구 수색로 32 (남가좌동),1.0,126.91221872325512,37.56947329052805
쌍쌍메들리,"서울특별시 서대문구 수색로 28-5, 지하1층 (남가좌동)",1.0,126.91292559345274,37.5695251850539
보물섬,서울특별시 서대문구 수색로2길 3 (남가좌동),1.0,126.91312143037426,37.56901152463453
술 파티파티노래방,서울특별시 서대문구 수색로 28 (남가좌동),1.0,126.91270424976183,37.56927632154601
샤방샤방,"서울특별시 서대문구 연세로 3, 지층 (창천동)",1.0,126.93380788838816,37.5560476161164
궁,"서울특별시 서대문구 통일로 457 (홍제동,(지하1층))",1.0,126.9403500661275,37.58923094643751
링코노래타운 신촌점,서울특별시 서대문구 연세로 10 (창천동),1.0,126.93420332472445,37.55636346098811
모카,"서울특별시 서대문구 신촌로 87-4 (창천동,나동 (지하1층))",1.0,126.93338985983345,37.55574877750512
연인노래타운,"서울특별시 서대문구 연세로4길 12, 용성빌딩 4층 (창천동)",1.0,126.9349848539076,37.556997842403625
양지노래주점,"서울특별시 서대문구 수색로 20, 3층 (남가좌동)",1.0,126.91348272122734,37.56879889872935
나이스,"서울특별시 서대문구 연세로4길 12, 용성빌딩 2층 (창천동)",1.0,126.9349848539076,37.556997842403625
잘난남자 노래바,"서울특별시 마포구 연희로 1 (동교동,지하1층)",1.0,126.92318479573879,37.55890361851959
비라인,"서울특별시 마포구 마포대로 38 (도화동,거성빌딩지하15호)",1.0,126.94374892770483,37.53939136474548
다락,"서울특별시 마포구 마포대로 49 (도화동,지하1층 1,2호)",1.0,126.9440118817238,37.540843443588315
신세계,"서울특별시 마포구 양화로 100 (서교동, 지하1층)",1.0,126.9158376191257,37.55267484697296
파레스 노래타운,"서울특별시 마포구 홍익로 29 (서교동, 지하1층)",1.0,126.9188138061394,37.554588015775025
앰(M),"서울특별시 마포구 신촌로14길 5 (노고산동, 지하1층)",1.0,126.93114325963253,37.55566674123415
파레스,"서울특별시 마포구 양화로 136 (서교동, 지하1층)",1.0,126.918800829953,37.554860600037046
놀러와,"서울특별시 마포구 큰우물로 76 (도화동, 고려빌딩 지하 27호)",1.0,126.94305660419839,37.54076794364833
왕궁가요주점,"서울특별시 마포구 서강로 126-1 (노고산동,지하1층)",1.0,126.93201837095425,37.553557346845935
세븐,"서울특별시 마포구 양화로 118 (서교동, 지하1층)",1.0,126.91732735682909,37.55382465103777
허브룸클럽,"서울특별시 강서구 화곡로 327, 2층 (화곡동, 6동)",1.0,126.8476195341007,37.553281553978174
크크크노래바,"서울특별시 강서구 강서로 27, 화곡 심포니 타워 2층 203호 (화곡동)",1.0,126.84431126381378,37.53036806842359
세븐노래바,"서울특별시 강서구 곰달래로24길 24, 지하 1층 (화곡동, 1동)",1.0,126.84414641995717,37.52952122500781
황제노래바,"서울특별시 강서구 강서로5나길 32, 지하 1층 (화곡동, 1동)",1.0,126.84353044977163,37.52877809915118
앵콜노래바,"서울특별시 강서구 곰달래로 52, 지하 1층 (화곡동, 1동)",1.0,126.83572241693452,37.529904099347064
보물썸,"서울특별시 강서구 화곡로 328, 지하 1층 (화곡동)",1.0,126.84807038715468,37.55293072599483
황제,"서울특별시 강서구 양천로57길 13, 지하 2층 201-1호 (가양동, 2동 씨드가양플라자)",1.0,126.84913850153498,37.5636014130424
스타노래바,"서울특별시 강서구 강서로 35, 지하 1층 (화곡동, 1동)",1.0,126.84398107959332,37.53102101003675
부킹노래,"서울특별시 강서구 강서로 33, 지하 1층 (화곡동, 1동)",1.0,126.84414802728043,37.530730655012306
텐 노래바,"서울특별시 강서구 강서로7길 19, 지하 1층 (화곡동, 1동)",1.0,126.84381807199563,37.5294724242692
글램노래바,"서울특별시 강서구 강서로7길 31, 태양빌딩 지하 1층 (화곡동)",1.0,126.84311474991108,37.52937928050025
명품노래바,"서울특별시 강서구 강서로7길 136, 지하 1층 (화곡동)",1.0,126.83724507302901,37.5288931152025
에스노래바,"서울특별시 강서구 곰달래로24길 27, 2층 (화곡동)",1.0,126.84446032003471,37.529396325188316
수노래바,"서울특별시 강서구 곰달래로24길 27, 3층 (화곡동)",1.0,126.84446032003471,37.529396325188316
일번지노래바,"서울특별시 강서구 곰달래로24길 27, 4층 (화곡동, 1동)",1.0,126.84446032003471,37.529396325188316
윈 노래바,"서울특별시 강서구 곰달래로24길 27, 지하 1층 (화곡동, 1동)",1.0,126.84446032003471,37.529396325188316
브이아이피(VIP),"서울특별시 마포구 마포대로 44, 지층 24호 (도화동)",1.0,126.9441662733329,37.53995469952202
보스,"서울특별시 마포구 월드컵북로2길 5 (동교동,B1)",1.0,126.91843532261738,37.55592063710253
믹스믹스 소주호프 노래타운,"서울특별시 마포구 만리재로 15, 제일빌딩 지하층 1,3,4,5,6호 (공덕동)",1.0,126.9497848969091,37.54455962723189
삼층노래팡,서울특별시 마포구 만리재로 15 (공덕동),1.0,126.9497848969091,37.54455962723189
플러팅,"서울특별시 마포구 양화로 128 (서교동, 지하1층)",1.0,126.91810777607597,37.55433361805171
체리체리,"서울특별시 마포구 만리재로 15 (공덕동, 지1층(15,16호))",1.0,126.9497848969091,37.54455962723189
신나는노래시대,"서울특별시 마포구 월드컵북로2길 7 (동교동, 지하1층)",1.0,126.91854656275721,37.556004402755704
차차차,"서울특별시 마포구 만리재로 15 (공덕동, 2층 290호)",1.0,126.9497848969091,37.54455962723189
화수분,"서울특별시 마포구 동교로 164 (서교동, 지1층)",1.0,126.91727267126707,37.55570449637092
밤과음악사이양화점,"서울특별시 마포구 양화로 134, 지하1층 (서교동)",1.0,126.91852286990985,37.55467324789338
로미오노래팡,"서울특별시 마포구 만리재로 15 (공덕동,제일빌딩 210,11)",1.0,126.9497848969091,37.54455962723189
담1,"서울특별시 마포구 마포대로 52 (도화동, 고려아카데미텔 지하1,2호)",1.0,126.94484030156218,37.540342809988395
하얏트,"서울특별시 마포구 마포대로 49, 지하1층동 8호 (도화동,성우빌딩)",1.0,126.9440118817238,37.540843443588315
부르리노래로,"서울특별시 마포구 만리재로 15 (공덕동,제일빌딩 1층 116호)",1.0,126.9497848969091,37.54455962723189
트럼프,"서울특별시 마포구 마포대로 52, 지하1층 48,53,55,59,60호 (도화동, 고려아카데미텔 )",1.0,126.94484030156218,37.540342809988395
코지스페이스,"서울특별시 마포구 큰우물로 76 (도화동, 고려빌딩 B21호)",1.0,126.94305660419839,37.54076794364833
1박2일노래타운,"서울특별시 마포구 큰우물로 76 (도화동, 고려빌딩 지하1층 18-1호)",1.0,126.94305660419839,37.54076794364833
시그니쳐,"서울특별시 마포구 마포대로 44 (도화동,진도빌딩 지하1층 10호,11호)",1.0,126.9441662733329,37.53995469952202
신세계,"서울특별시 마포구 신촌로12가길 37 (노고산동, 2층)",1.0,126.93176847993671,37.555416957203846
썸노래빠,"서울특별시 마포구 큰우물로 75 (도화동, 성지빌딩 지하21호)",1.0,126.9434084019023,37.54126540361848
블루,"서울특별시 마포구 큰우물로 75, 지하1층 (도화동, 17호일부)",1.0,126.9434084019023,37.54126540361848
솜사탕,"서울특별시 마포구 백범로2길 6 (노고산동, 1층일부)",1.0,126.93369173644693,37.55430098210795
헤라,"서울특별시 마포구 큰우물로 76, 지하1층 20호 (도화동)",1.0,126.94305660419839,37.54076794364833
캐슬,"서울특별시 마포구 서강로 137, 신촌센트럴코업레지던스 지하1층 B101~B104호 (노고산동)",1.0,126.9326813481497,37.554623752784764
에이스,"서울특별시 마포구 서강로 131, 신촌아이스페이스오피스텔 지하1층 102호 (노고산동)",1.0,126.93204957128569,37.55439219799454
웰빙,"서울특별시 마포구 서강로 131, 신촌아이스페이스오피스텔 지하1층 비101호 (노고산동)",1.0,126.93204957128569,37.55439219799454
앤크럽(Ann),"서울특별시 마포구 서강로 137-7, 신촌르?메이에르타운(I) 지1층 (노고산동)",1.0,126.93251849082483,37.55487286854001
나인,"서울특별시 마포구 양화로 124, 지하1층 (서교동)",1.0,126.91797037964373,37.5542785770859
킹노래바,"서울특별시 양천구 공항대로 564, 지하 1층 (목동)",1.0,126.8649700043723,37.549075631159
터널,"서울특별시 양천구 신월로 292, 지하 1층 (신정동)",1.0,126.85048196176677,37.52097472322161
타임노래뱅크,"서울특별시 양천구 등촌로 182, 지하 1층 (목동)",1.0,126.85994793873867,37.54576570361003
애플,"서울특별시 강서구 화곡로 320, 지하 1층 (화곡동)",1.0,126.84762123189992,37.552425166495375
샤인노래바,"서울특별시 강서구 강서로 17, 지하 1층 (화곡동, 1동)",1.0,126.84487007330732,37.52941453106292
팡팡노래바,"서울특별시 강서구 강서로 239, 지하 1층 1호 (화곡동, 3동)",1.0,126.83309281252163,37.547189870756796
로망스,"서울특별시 강서구 가로공원로76길 6, 지하 1층 (화곡동, 1동)",1.0,126.83407114565331,37.5367413354286
팡팡노래바,"서울특별시 강서구 강서로 34, 지하 1층 (화곡동, 8동)",1.0,126.84463589085249,37.53092977019929
리젠시,"서울특별시 강서구 공항대로46길 64, 지하 1층 (화곡동, 6동)",1.0,126.848586632384,37.5533384755617
반쥴,"서울특별시 강서구 강서로 243, 지하1층 (화곡동)",1.0,126.83311572061962,37.54740500128242
노라조 노래바,"서울특별시 강서구 강서로 55, 지하 1층 (화곡동, 1동)",1.0,126.8429816673091,37.53264009384259
타임,"서울특별시 강서구 화곡로 322, 지하 1층 (화곡동)",1.0,126.84773385830928,37.552552010420655
SBS노래노래,"서울특별시 강서구 강서로5길 10, 지하 1층 (화곡동, 1동)",1.0,126.84509200147761,37.529012300462455
황진이,"서울특별시 강서구 공항대로 14-1, 지하 1층 (공항동)",1.0,126.80597253340454,37.561263236534145
신세계,"서울특별시 강서구 공항대로46길 84, 지하 1층 (화곡동, 6동)",1.0,126.84807983907955,37.552526126823835
라인,"서울특별시 강서구 화곡로 280, 지하 1층 (화곡동, 6동 삼호빌딩)",1.0,126.84496012982243,37.54942397343853
스토리노래바,"서울특별시 강서구 화곡로58길 8, 보성빌딩 지하1층 (화곡동)",1.0,126.84832858865444,37.55289716727968
놀이터,"서울특별시 강서구 화곡로 326, 지하 1층 (화곡동, 6동)",1.0,126.84793225279228,37.552787001247424
아테네,"서울특별시 강서구 화곡로 324, 한서의원 지하 1층 (화곡동)",1.0,126.84783867553605,37.55266765699395
밀크노래타운,"서울특별시 강서구 공항대로46길 90, 지하 1층 (화곡동, 6동)",1.0,126.84786728551013,37.55236711322123
블루노래바,"서울특별시 강서구 송정로 60, 지하 1층 (공항동)",1.0,126.8072781718389,37.56015068593011
와우노래바,"서울특별시 강서구 방화동로 99-1, 지하 1층 (방화동, 2동)",1.0,126.80980658724609,37.56930256183143
루나,"서울특별시 강서구 화곡로 336, 소암빌딩 지하 1층 (화곡동)",1.0,126.84847773012557,37.55358669008809
황금,"서울특별시 강서구 강서로20길 4, 지하 1층 (화곡동, 8동)",1.0,126.84295313437178,37.53369623671905
귀족,"서울특별시 강서구 화곡로 328, 지하 1층 (화곡동, 6동)",1.0,126.84807038715468,37.55293072599483
테마노래빠,"서울특별시 강서구 강서로 21, 지하 1층 (화곡동, 1동)",1.0,126.84466583055107,37.52979737554601
킹 노래바,"서울특별시 강서구 화곡로 137, 지하 1층 (화곡동, 3동)",1.0,126.83411314743154,37.5409869133799
승리노래바,"서울특별시 강서구 강서로5나길 144, 지하 1층 (화곡동, 1동)",1.0,126.83718843408093,37.52837581136207
황실노래바,"서울특별시 강서구 강서로5길 4, 2층 (화곡동)",1.0,126.8449149324142,37.52925877483423
가야,"서울특별시 강서구 강서로5나길 18, 지하 1층 (화곡동, 1동)",1.0,126.84443363195086,37.52879141872633
하트노래바,"서울특별시 강서구 화곡로 268, 지하 1층 (화곡동, 본동)",1.0,126.84425296184146,37.548532985382614
힐탑,"서울특별시 강서구 공항대로46길 82, 지하 1층 (화곡동, 6동)",1.0,126.8481222260462,37.55266274037887
청록,"서울특별시 강서구 공항대로46길 78, 1층 (화곡동)",1.0,126.84821556511073,37.55277192379962
대벌,서울특별시 영등포구 시흥대로177길 2 (대림동),1.0,126.90258539151378,37.48861449215726
스마일,"서울특별시 영등포구 영중로4길 3-1 (영등포동3가,지하1층)",1.0,126.9039099306708,37.51729646839725
팔팔노래클럽,"서울특별시 영등포구 여의대방로 379 (여의도동,지하13호)",1.0,126.92797103241683,37.51919923260959
지직스,"서울특별시 영등포구 영중로10길 20, 지하1층 (영등포동3가)",1.0,126.90450954296143,37.51883127748179
텔미노래바,"서울특별시 관악구 관악로 174 (봉천동,외 1필지 지하1층)",1.0,126.95003933486741,37.48064152786783
더 The Day 룸 노래클럽,"서울특별시 관악구 신림로 361, 지하1층 (신림동)",1.0,126.92611616784373,37.48642073715986
벤틀리룸노래빠,"서울특별시 관악구 신림로 355, 지상2층 (신림동)",1.0,126.92630577004299,37.486036724374415
뉴스타노래바,"서울특별시 강서구 양천로57길 13, 지하 2층 201호 (가양동, 2동 씨드가양플라자 )",1.0,126.84913850153498,37.5636014130424
명품,"서울특별시 강서구 화곡로 340, 지하 1층 (화곡동, 6동)",1.0,126.84884608417602,37.553862955512635
썸씽,"서울특별시 강서구 화곡로 316, 지하 1층 (화곡동, 6동)",1.0,126.84729422302178,37.55205781042163
디바노래바,"서울특별시 강서구 화곡로 313, 지하 1층 (화곡동)",1.0,126.84683075973086,37.55233109000804
비너스,"서울특별시 강서구 강서로5나길 152, 지하 1층 (화곡동, 1동)",1.0,126.83686734444227,37.528358740259705
타임,"서울특별시 강서구 화곡로 175, 지하 1층 (화곡동, 우장산동)",1.0,126.83821696549897,37.5420929617115
드라마,"서울특별시 강서구 화곡로20길 51, 지하 1층 (화곡동, 1동)",1.0,126.8341102059717,37.53813536365624
팡팡노래빠,"서울특별시 강서구 공항대로46길 100, 지하 1층 (화곡동, 6동)",1.0,126.84751621300083,37.551978158870384
요준코소주호프노래타운,"서울특별시 강서구 공항대로46길 90, 5층 (화곡동, 6동)",1.0,126.84786728551013,37.55236711322123
승리노래바,"서울특별시 강서구 강서로 171, 지하 1층 (화곡동, 3동)",1.0,126.83694087145876,37.54179563145156
궁궐노래노래,"서울특별시 강서구 월정로 102, 지하 1층 (화곡동, 1동)",1.0,126.83665952773949,37.52837316914236
마돈나,"서울특별시 강서구 화곡로 311, 지하 1층 (화곡동, 6동)",1.0,126.84663419606763,37.55210116672022
강서성인나이트,"서울특별시 강서구 화곡로 354-10, 지하 1~2층 (화곡동, 6동)",1.0,126.84956413936665,37.55453441829269
황궁노래바,"서울특별시 강서구 강서로 21, 2층 (화곡동, 1동)",1.0,126.84458202898422,37.529944479587826
발리,"서울특별시 강서구 강서로7길 5, 2층 (화곡동)",1.0,126.84452346307702,37.52958718810535
테마,"서울특별시 강서구 우장산로 128, 스카이관광호텔 지하 1층 (화곡동)",1.0,126.84720652245358,37.553002282062096
궁전노래노래,"서울특별시 강서구 강서로5나길 32, 2층 (화곡동, 1동)",1.0,126.84353044977163,37.52877809915118
황후,"서울특별시 강서구 화곡로 316, 지하 1층 (화곡동, 6동)",1.0,126.84729422302178,37.55205781042163
칼튼비지니스,"서울특별시 강서구 화곡로 354-10, 2층 (화곡동, 6동)",1.0,126.84956413936665,37.55453441829269
이지,"서울특별시 강서구 화곡로 327, 이지호텔 14층 (화곡동)",1.0,126.8476195341007,37.553281553978174
첼로,"서울특별시 강북구 도봉로87길 7, 3층 (수유동)",1.0,127.02213866182608,37.638170191350056
지중해,"서울특별시 강북구 도봉로87길 3, 덕인빌딩 지하1층 (수유동)",1.0,127.02227219295159,37.63809261224351
타임,"서울특별시 강북구 도봉로87길 3, 덕인빌딩 지하1층 01호 (수유동)",1.0,127.02227219295159,37.63809261224351
인스타,"서울특별시 강북구 오패산로 417, 지하1층 (번동)",1.0,127.02294626347667,37.63761655719678
솜사탕,"서울특별시 강북구 도봉로87길 3-8, 1층 (수유동)",1.0,127.02201225407406,37.638048579929276
와바,"서울특별시 강북구 노해로 3, 평익타워 지층 b01호 (수유동)",1.0,127.01979937857408,37.63590263179377
엠비씨(MBC) 노래주점,"서울특별시 강북구 도봉로 355-8, B1층 (수유동)",1.0,127.02359933790459,37.63947851116328
메이드,"서울특별시 강북구 도봉로87길 6, 5층 (수유동)",1.0,127.02244992134044,37.63833232816925
대포차(大포차),"서울특별시 강북구 도봉로 333, 정우빌딩 지하1층 (수유동)",1.0,127.02213517256449,37.637869477108445
골든블루,"서울특별시 강북구 도봉로 333, 정우빌딩 지하1층 (수유동)",1.0,127.02213517256449,37.637869477108445
다이아,"서울특별시 강북구 도봉로 332, 홍승빌딩 지하1층 (번동)",1.0,127.02257034475289,37.63741443004225
아바타,서울특별시 도봉구 노해로69길 21-11 (창동),1.0,127.04717909143741,37.65313047598352
아레나2,"서울특별시 도봉구 마들로11길 65, 지하2층 (창동, 유진빌딩)",1.0,127.04682065187703,37.65338459932586
코리아,"서울특별시 도봉구 마들로11가길 13-6, 지하1층 (창동)",1.0,127.04666314865446,37.65269907501454
기모찌,"서울특별시 도봉구 노해로 389, 지하1층 (창동, 제일빌딩)",1.0,127.04846958994288,37.65277379523133
왕과비,"서울특별시 도봉구 노해로65길 17, 지하1층 101호 (창동, 중앙빌딩)",1.0,127.0431887728154,37.65205155462703
준코뮤직타운 창동점,"서울특별시 도봉구 노해로 381, 지하1층 (창동)",1.0,127.04757388623123,37.6525499571545
신세계,"서울특별시 도봉구 노해로69길 15, 세정빌딩 지하1층 (창동)",1.0,127.04772397530772,37.65294624472445
에스비에스,"서울특별시 도봉구 노해로69길 15-15, 104호 (창동, 점보빌딩)",1.0,127.0472422443343,37.6528339841028
가왕,"서울특별시 도봉구 마들로11길 73, 지하1층 3호,4호 (창동)",1.0,127.04621362754303,37.65323375825315
엠비씨(M. B. C),"서울특별시 도봉구 마들로11길 71, 지하1층 (창동)",1.0,127.04645871616982,37.65329069464773
와와,"서울특별시 도봉구 마들로11길 73, 지하층 1,2호 (창동, 콤마빌딩)",1.0,127.04621362754303,37.65323375825315
아레나,"서울특별시 도봉구 마들로11길 65, 지하1층 1호 (창동, 유진빌딩)",1.0,127.04682065187703,37.65338459932586
엠비씨2,"서울특별시 도봉구 마들로11가길 15, 지하1층 2,3,4,5,6,7,25,26호 (창동, 콤마빌딩)",1.0,127.04639125379856,37.652635756743955
폭스노래클럽,"서울특별시 도봉구 마들로11가길 15, 2층 202호 (창동)",1.0,127.04639125379856,37.652635756743955
팝콘,"서울특별시 도봉구 노해로69길 15-15, 지하1층 (창동, 점보빌딩(27,28,29,30,39,40,42,43호))",1.0,127.0472422443343,37.6528339841028
두꺼비노래장,"서울특별시 도봉구 마들로11길 65, 지하층 3호 (창동, 유진빌딩)",1.0,127.04682065187703,37.65338459932586
창동노래타운,"서울특별시 도봉구 마들로11길 57, B1층 101호 (창동, EQ 빌딩)",1.0,127.04727534071394,37.65349027057633
놀이터,"서울특별시 도봉구 노해로69길 15, 5층 (창동, 세정빌딩)",1.0,127.04772397530772,37.65294624472445
스타비어,"서울특별시 도봉구 마들로11길 73, 3층 303호 (창동)",1.0,127.04621362754303,37.65323375825315
베트남노래주점,"서울특별시 도봉구 노해로69길 21-11, 201호, 202호, 203호, 204호 (창동)",1.0,127.04717909143741,37.65313047598352
호박관광나이트클럽,"서울특별시 노원구 노해로 456, 동방빌딩 지하층 (상계동)",1.0,127.0557589422191,37.653525476582054
노원 별밤,서울특별시 노원구 동일로 1417 (상계동),1.0,127.05706930706434,37.65509366604156
토마토,"서울특별시 노원구 노해로 494, 지하1층 2,3,4호 (상계동)",1.0,127.06010841996131,37.654511360454094
고구려노래클럽,서울특별시 노원구 노해로 447 (상계동),1.0,127.0548647783038,37.65398731420984
슈퍼모델,"서울특별시 노원구 노해로77길 14-3, 지하1층 (상계동, 문화빌딩)",1.0,127.05641772784092,37.654909555357996
청노루,서울특별시 노원구 노해로75길 14-19 (상계동),1.0,127.05556298679261,37.654721687418125
피터팬,"서울특별시 노원구 노해로75길 20-21 (상계동,2층)",1.0,127.05551224606774,37.654989807164796
럭셔리,"서울특별시 노원구 노해로 457, 은성빌딩 지하1층 (상계동)",1.0,127.05585456891691,37.65420432392103
준코뮤직타운 노원점,"서울특별시 노원구 노해로 492, 프린스빌딩 지하1층 (상계동)",1.0,127.05979840835874,37.65444082872795
비전,"서울특별시 노원구 동일로 1393, 지하층 지하2호 (상계동)",1.0,127.0576249377749,37.652941485783366
에스라인,서울특별시 노원구 노해로77길 14-7 (상계동),1.0,127.05666101627799,37.65496241256747
넘버원(NO.1),"서울특별시 노원구 노해로75길 14-25 (상계동,지하1층)",1.0,127.0558682550851,37.65478944020593
골드러쉬 (GOLD RUSH),서울특별시 노원구 노해로75길 14-22 (상계동),1.0,127.05582384963039,37.654522248408824
갤럭시클럽,"서울특별시 노원구 노해로75길 14-12 (상계동,유남빌딩 지하)",1.0,127.05524818715332,37.654394416229756
보스노래밤,"서울특별시 노원구 노해로 490, 길빌딩 3층 304, 305호 (상계동)",1.0,127.059536701761,37.65438188804032
SBS노래바,"서울특별시 노원구 노해로75길 14-18, 2층 (상계동, 도영빌딩)",1.0,127.0555100573065,37.654452591606415
노원 아레나 클럽,"서울특별시 노원구 노해로77길 22, 지하2층 (상계동)",1.0,127.05634872606221,37.655173542098545
논다 노래타운 노원점,"서울특별시 노원구 노해로 490, 길빌딩 7층 (상계동)",1.0,127.059536701761,37.65438188804032
몰디브,"서울특별시 노원구 노해로75길 14-18, 지하1층 (상계동)",1.0,127.0555100573065,37.654452591606415
메이저,"서울특별시 노원구 노해로77길 22, 노블레스관광호텔 3층 (상계동)",1.0,127.05634872606221,37.655173542098545
나이아가라,서울특별시 중구 세종대로 64 (북창동),1.0,126.97428507211863,37.56196987666398
서울관 70/80,서울특별시 중구 퇴계로 429 (황학동),1.0,127.01648281560989,37.56589630021316
타워,"서울특별시 중구 삼일대로 299, 지하1층 (충무로2가)",1.0,126.98558156140744,37.56156833304015
비너스,"서울특별시 중구 세종대로 26 (남대문로5가,지상2층)",1.0,126.97154975341759,37.55870261404949
호박성인나이트,"서울특별시 은평구 통일로 730 (불광동,(지하1층))",1.0,126.92719590471218,37.61080207972497
청춘 별이 빛나는 밤,"서울특별시 은평구 통일로 855-20 (갈현동, 지1층)",1.0,126.91703667831109,37.6197230459288
술마시는조운노래방,"서울특별시 은평구 불광로 29-1 (대조동,(지하1층))",1.0,126.92620533763669,37.6110261005357
힐링노래밤,"서울특별시 은평구 통일로 722, 지하1층 106호 (불광동)",1.0,126.92763230649408,37.61017133380694
칸,"서울특별시 은평구 통일로 863, 지1층 (갈현동)",1.0,126.91711983389516,37.62001715243479
벤츠,서울특별시 은평구 통일로 863-8 (갈현동),1.0,126.91681072610247,37.61982011689163
퀸,서울특별시 은평구 통일로66길 2 (불광동),1.0,126.92777011667201,37.61024627078086
블루노래바,"서울특별시 은평구 응암로11길 12 (응암동,(지층))",1.0,126.91270421235431,37.588677905112185
노래큐(Q),"서울특별시 은평구 연서로26길 9 (대조동,(지1층))",1.0,126.91766677783569,37.61709077284519
초코렛 노래밤,"서울특별시 은평구 통일로66길 1 (불광동,(지하1층))",1.0,126.92764625624689,37.61039308624519
투투노래밤,"서울특별시 은평구 통일로66길 4-2, 지층 (불광동)",1.0,126.92784309874759,37.6101632630569
볼보노래밤,"서울특별시 은평구 통일로65길 24, 지하1층 (대조동)",1.0,126.92552511694346,37.60903128363047
메이퀸,"서울특별시 은평구 응암로13길 9 (응암동,(지하1층))",1.0,126.91335648704774,37.5894058619565
하나스탠드,"서울특별시 은평구 통일로 716-1, 지하1층 (불광동)",1.0,126.92784932868713,37.60992118078196
왕스타 노래바,"서울특별시 은평구 응암로13길 8, 지하1층 (응암동)",1.0,126.91337069441377,37.5898549352119
만추,"서울특별시 은평구 진흥로 163, 보승빌딩 지층 (대조동)",1.0,126.92502583470244,37.60899888329224
클라라노래바,"서울특별시 은평구 응암로11길 6-2, 지1층 (응암동)",1.0,126.91319215328204,37.58850384777448
씨스타 비키니 노래바,"서울특별시 은평구 응암로11길 6 (응암동, 지1층)",1.0,126.91329574068408,37.58849717159501
미래노래바,"서울특별시 은평구 통일로 724 (불광동,(지하1층))",1.0,126.92750639152817,37.61031579371895
다원,"서울특별시 은평구 은평로 99 (응암동,(지하1층))",1.0,126.91584473699574,37.599929060705676
두 바이,"서울특별시 은평구 통일로 714-1, 2층 (불광동)",1.0,126.92799346928138,37.60975481828049
레드＆핫,"서울특별시 은평구 통일로 855-16 (갈현동, 3층)",1.0,126.9173814414891,37.619505934598386
에이스,"서울특별시 은평구 가좌로 231 (응암동,(지하1층))",1.0,126.91371522574072,37.59027791016696
덤노래팡,"서울특별시 은평구 연서로27길 8-6 (갈현동,(지하1층))",1.0,126.9160668956846,37.61795170159609
미미노래팡,"서울특별시 은평구 통일로 721 (대조동,(지하1층))",1.0,126.9270516867761,37.60999251623427
천사노래밤,"서울특별시 은평구 불광로 27 (대조동,(지상2층))",1.0,126.92591619830763,37.61076246057355
대박노래빠,"서울특별시 은평구 응암로 207 (응암동,(지하1층))",1.0,126.91420545858469,37.5905551280405
술마시는 고향노래밤,"서울특별시 은평구 불광로 21 (대조동,외1필지(지하1층))",1.0,126.92552037712754,37.610325975661006
연인 노래바,"서울특별시 은평구 응암로 193 (응암동,외2필지 지상4층)",1.0,126.91384710744231,37.58938651388184
전국노래밤,"서울특별시 은평구 불광로 21 (대조동,외1필지(지층))",1.0,126.92552037712754,37.610325975661006
테마 노래방,"서울특별시 은평구 가좌로 232 (응암동, 지층)",1.0,126.91406749731013,37.59060479364748
샤방샤방메들리,서울특별시 은평구 가좌로 229 (응암동),1.0,126.91388544434078,37.590210742636636
스캔들,서울특별시 은평구 통일로65길 12-8 (대조동),1.0,126.9268093865407,37.60963473059481
루실노래팡,"서울특별시 은평구 가좌로 227, 지하1층 (응암동)",1.0,126.91402687451556,37.59011864131022
보물섬,"서울특별시 은평구 응암로13길 2, 지하1층 (응암동)",1.0,126.91386411595761,37.58998628879607
올래,서울특별시 은평구 응암로 201 (응암동),1.0,126.91400813876156,37.59003133965764
홍콩노래밤,"서울특별시 은평구 통일로65길 20-2, 지하1층 (대조동)",1.0,126.92574557912111,37.609041403583944
럭셔리,"서울특별시 은평구 응암로13길 10, 2층 (응암동)",1.0,126.91316231385329,37.58970727076126
뉴욕노래밤,"서울특별시 은평구 통일로65길 22, 지하1층 (대조동)",1.0,126.92566662306616,37.60903732911855
연 7080,"서울특별시 은평구 통일로 719, 지층 (대조동)",1.0,126.92717800940193,37.60991740278253
큐,"서울특별시 은평구 통일로65길 17-1, 지하1층 (대조동)",1.0,126.92592732179303,37.60885707462628
금영 노래타운,"서울특별시 은평구 응암로 지하 193, 지층 (응암동)",1.0,126.91384710744231,37.58938651388184
디바노래밤,"서울특별시 은평구 연서로 220 (대조동, 지층)",1.0,126.91730712566013,37.61805326586955
헤라퀸 노래방,"서울특별시 은평구 응암로13길 11-10, 2층 (응암동)",1.0,126.9135662202616,37.58898886463629
아리랑 노래바,"서울특별시 은평구 응암로13길 11-10, 3층 (응암동)",1.0,126.9135662202616,37.58898886463629
힐링노래바,"서울특별시 은평구 응암로13길 9, 2층 (응암동)",1.0,126.91335648704774,37.5894058619565
투투노래팡,"서울특별시 은평구 응암로13길 5 (응암동, 지층)",1.0,126.91366883195727,37.58954472100935
신세계,"서울특별시 은평구 응암로13길 11-10, 지하1층 (응암동)",1.0,126.9135662202616,37.58898886463629
아라리요,"서울특별시 은평구 응암로13길 11-3, 1층 (응암동)",1.0,126.91336381878429,37.58924532607309
바이킹 노래바,"서울특별시 은평구 응암로 189, 지하 1층 (응암동)",1.0,126.91377009369256,37.58895324013668
쎄시봉,"서울특별시 은평구 응암로 209 (응암동, 지층)",1.0,126.9142237807142,37.59075740091975
향기노래밤,"서울특별시 은평구 연서로28길 3 (대조동, 외3필지(1층))",1.0,126.91782006632,37.618367092168256
클레오 노래바,서울특별시 은평구 응암로13길 11-4 (응암동),1.0,126.91328740218496,37.58909999244838
쿨,"서울특별시 은평구 통일로 731 (대조동, 지층)",1.0,126.92640849061189,37.6105366238722
로데오 노래바,서울특별시 은평구 통일로 863-14 (갈현동),1.0,126.91666047460862,37.6200905552944
왕의여자,서울특별시 은평구 통일로 855-16 (갈현동),1.0,126.9173814414891,37.619505934598386
썸노래밤,"서울특별시 은평구 통일로 863-20, 지하1층 (갈현동)",1.0,126.91658272396332,37.620336022311676
행복노래밤,"서울특별시 은평구 통일로 720, 2층 (불광동)",1.0,126.92770492499733,37.610086968848165
파티노래바,"서울특별시 은평구 불광로 16-3, 2층 (대조동)",1.0,126.92560390750684,37.60960465012927
보물섬,서울특별시 은평구 통일로 863-4 (갈현동),1.0,126.91693072892404,37.619942790956976
폭스노래바,"서울특별시 은평구 통일로 869, 서연빌딩 지하1층 (갈현동)",1.0,126.91694163691812,37.62038023030808
21세기,"서울특별시 은평구 연서로29길 5, 2층 (갈현동)",1.0,126.91662174453693,37.6186124726601
귀빈노래바,"서울특별시 은평구 응암로 193, 지하층 좌측호 (응암동)",1.0,126.91384710744231,37.58938651388184
왕과비,"서울특별시 은평구 응암로 193, 지하층 우측호 (응암동)",1.0,126.91384710744231,37.58938651388184
동경,"서울특별시 서대문구 신촌로 17 (창천동,(지하1층))",1.0,126.92612580506861,37.558198537512304
노빈,서울특별시 서대문구 연세로2가길 6 (창천동),1.0,126.93471842867096,37.55626383826805
팡팡노래팡,"서울특별시 서대문구 연희로 36, 지하1층 (연희동)",1.0,126.92461071478094,37.56182747260098
유니콘3,"서울특별시 강남구 테헤란로68길 13 (대치동,지상4층)",1.0,127.0496916254887,37.50448977242584
라이언1,서울특별시 강남구 테헤란로69길 16 (삼성동),1.0,127.04971029822434,37.50694160072927
제우스,"서울특별시 강남구 테헤란로22길 10 (역삼동,지하1,2층)",1.0,127.03202764904051,37.4992143088039
웨이팅,"서울특별시 강남구 언주로 603 (논현동,지하1층)",1.0,127.03457152578844,37.50911806330192
아이리스,"서울특별시 강남구 영동대로 737 (청담동,지상2층)",1.0,127.0512338770348,37.52389372290785
플러팅,"서울특별시 강남구 영동대로 712, 지하1층 (청담동)",1.0,127.0540558770969,37.52143844861651
헤이 데이,"서울특별시 강남구 테헤란로27길 8-4 (역삼동,지하1,2층)",1.0,127.0355594708921,37.502029469893166
루이즈,"서울특별시 강남구 테헤란로33길 3-12 (역삼동,지하1층, 지하2층)",1.0,127.03563257134937,37.50188781006581
준코뮤직타운 역삼점,서울특별시 강남구 강남대로78길 12 (역삼동),1.0,127.02746767454799,37.494862278975226
"도파민 2,3","서울특별시 강남구 선릉로92길 38 (삼성동,지상2,3층)",1.0,127.04893939101366,37.50604356941608
유니콘4,"서울특별시 강남구 테헤란로68길 13 (대치동,지상3층)",1.0,127.0496916254887,37.50448977242584
도깨비,"서울특별시 강남구 테헤란로6길 10 (역삼동,지하1층, 지상2층)",1.0,127.02753922098151,37.49784661307888
도깨비,"서울특별시 강남구 테헤란로6길 10 (역삼동,지상3층)",1.0,127.02753922098151,37.49784661307888
파티원,"서울특별시 강남구 테헤란로20길 10 (역삼동,지하1층)",1.0,127.03125762890873,37.4990854632608
이프(If),"서울특별시 강남구 테헤란로20길 10 (역삼동,지하2층)",1.0,127.03125762890873,37.4990854632608
퀸즈,"서울특별시 강남구 테헤란로22길 10 (역삼동,지상2층)",1.0,127.03202764904051,37.4992143088039
임펙트,"서울특별시 강남구 테헤란로20길 9 (역삼동,지하1층)",1.0,127.03164283424182,37.499187021843596
오프닝,"서울특별시 강남구 테헤란로20길 9 (역삼동,지하2층)",1.0,127.03164283424182,37.499187021843596
씨엔엔CNN2,"서울특별시 강남구 테헤란로77길 9, 지상2층 (삼성동)",1.0,127.05149472485054,37.50708128416996
식스(SIX),"서울특별시 강남구 언주로87길 48 (역삼동,지상1,2층)",1.0,127.03645212141454,37.50076273274934
골든노래타운 5층,"서울특별시 강서구 곰달래로16길 26, 골든빌딩 5층 (화곡동)",1.0,126.83724362794486,37.528999294177744
블루문,"서울특별시 강서구 마곡중앙6로 89, 뉴골든타워 8층 801호 (마곡동)",1.0,126.83440213559119,37.5601844171637
남궁 라이브,서울특별시 구로구 개봉로 26 (개봉동),1.0,126.85362337132815,37.48800345286755
르망,서울특별시 구로구 남부순환로95길 8-10 (개봉동),1.0,126.85537712547386,37.494244324183235
태평양노래바주점,서울특별시 구로구 개봉로 50 (개봉동),1.0,126.853433144954,37.49008172556768
양지,서울특별시 구로구 경인로35길 113-9 (고척동),1.0,126.84874503295515,37.50126688458992
모나코노래바,서울특별시 구로구 개봉로 20 (개봉동),1.0,126.85368987543877,37.48733378788977
딸기노래바,"서울특별시 구로구 경인로 179, 지1층 (오류동)",1.0,126.83838084340032,37.49515669957883
대박노래클럽주점,"서울특별시 구로구 경인로 169 (오류동, 지하1층)",1.0,126.83729204936854,37.49475913417174
걸어서 벤츠까지,서울특별시 구로구 경인로 183-1 (오류동),1.0,126.83860234270499,37.495306710621406
미즈,"서울특별시 구로구 경인로 228 (오류동,1층)",1.0,126.843318622279,37.49681910600524
러브2,서울특별시 구로구 경인로 176-9 (오류동),1.0,126.83769578847232,37.49420373404063
수박 노래빠,서울특별시 구로구 경인로 174 (오류동),1.0,126.83776459935734,37.49444400510984
호박노래장,"서울특별시 구로구 경인로 169, 2층 (오류동)",1.0,126.83729204936854,37.49475913417174
별밤 노래빠,서울특별시 구로구 경인로 176-8 (오류동),1.0,126.83762222171798,37.494349486739864
짝노래빠,"서울특별시 금천구 남부순환로 1432 (독산동,지하1층 (남부순환로 1432))",1.0,126.90678912005535,37.48064980343294
돈텔마마,"서울특별시 금천구 시흥대로 78, 지하1층 (시흥동)",1.0,126.90097579747481,37.44093194606028
부킹노래빠,"서울특별시 금천구 시흥대로52길 49, 지하 1층 (시흥동)",1.0,126.89893634917405,37.45341299093945
꿀물,"서울특별시 금천구 가산로 34, 지하1층 (독산동)",1.0,126.89632547400062,37.47155096446444
동경,"서울특별시 금천구 금하로 619, 지하1층 (시흥동)",1.0,126.89705721927066,37.45471945079914
준노래,"서울특별시 금천구 시흥대로 212 (시흥동,지하1층 (시흥대로 475))",1.0,126.89878464617476,37.45277867134099
설탕,"서울특별시 금천구 시흥대로52길 39 (시흥동, 지하1층)",1.0,126.8990456262038,37.45303962026106
카니발,"서울특별시 금천구 시흥대로 208 (시흥동,지하1층 (시흥대로 479))",1.0,126.89891251178895,37.452479259057796
여자친구노래바,"서울특별시 금천구 가산로 148, 지상2층 (가산동)",1.0,126.88799396980542,37.478567716613554
뜨락,"서울특별시 관악구 조원로18길 29 (신림동,지상1층)",1.0,126.91107937458776,37.482866285108365
초콜릿,서울특별시 관악구 관악로 208-40 (봉천동),1.0,126.95194094943578,37.48311890851489
리치,서울특별시 관악구 남부순환로 1827 (봉천동),1.0,126.95050434770282,37.48134979866644
1.2.3.노래팡,서울특별시 관악구 남현1길 19 (남현동),1.0,126.97567712234044,37.47597757084204
오페라 하우스,"서울특별시 관악구 남부순환로 1483, 지하1층 (신림동)",1.0,126.91239634894097,37.482296834028446
레몬노래빠,"서울특별시 관악구 신림로 363-1, 화산빌딩 지하1층 (신림동)",1.0,126.92606119396818,37.4866767499946
전국노래장,"서울특별시 관악구 신원로 39, 지하1층 (신림동)",1.0,126.92650402762023,37.482458068739014
히어로,서울특별시 관악구 남부순환로 1592-5 (신림동),1.0,126.92498642096261,37.483565852812085
랩(LAB),"서울특별시 강남구 언주로 706, 지하1층 (논현동)",1.0,127.03280132811443,37.51603013046032
트리니티,"서울특별시 강남구 도산대로 331, 지하1층 (신사동)",1.0,127.03523728424223,37.52333729498176
멀리건,"서울특별시 강남구 언주로 640, 지하1층 (논현동)",1.0,127.0329858924233,37.513985645525686
자전거,"서울특별시 강남구 선릉로92길 43, 지하1층 (삼성동)",1.0,127.04920766192241,37.506403792760885
쿨타임,"서울특별시 강남구 테헤란로6길 14, 지하1층 (역삼동)",1.0,127.02762537695162,37.49767926452599
별사탕,서울특별시 구로구 경인로 216 (오류동),1.0,126.84198087149994,37.49614527979397
주홍노래바,"서울특별시 구로구 경인로 226, 2층 (오류동)",1.0,126.84298768169556,37.49666109950327
애플,"서울특별시 구로구 경인로 214, 지하1층 (오류동)",1.0,126.84182966926713,37.4961541992646
황금노래바,"서울특별시 구로구 경인로 228, 지층 (오류동)",1.0,126.843318622279,37.49681910600524
솜사탕 노래장,"서울특별시 구로구 경인로 208, 1호 건물 지하1층 101호 (오류동)",1.0,126.84126803122673,37.49589571151773
부엉이 노래클럽,"서울특별시 구로구 경인로 208, 1호 3층 (오류동)",1.0,126.84126803122673,37.49589571151773
썬노래바,"서울특별시 금천구 시흥대로59길 10 (시흥동,지하1층 (건영길 6))",1.0,126.89728474443217,37.45361770264339
보물섬,"서울특별시 금천구 범안로 1252 (독산동,지하1층 (독산역길 5))",1.0,126.89800494806629,37.4662830245963
로얄,서울특별시 관악구 봉천로12길 63 (신림동),1.0,126.92743738257847,37.4859772448546
372,"서울특별시 관악구 신림동1길 25-6, 1층 (신림동)",1.0,126.92594398014246,37.486366890011645
용궁노래빠,"서울특별시 관악구 신림동1길 25-3 (신림동,지하1층)",1.0,126.92587154746516,37.48648852153162
소개팅,서울특별시 관악구 남부순환로226길 12 (봉천동),1.0,126.95086976660043,37.480085182074454
썸씽노래빠,"서울특별시 관악구 신림로 373, 지하1층 (신림동)",1.0,126.92565138428505,37.48740010368228
수노래클럽,"서울특별시 관악구 관악로 208-4, 지하1층 (봉천동)",1.0,126.95171116204833,37.48310360877973
세븐,"서울특별시 중구 삼일대로 299, 지하1층 (충무로2가)",1.0,126.98558156140744,37.56156833304015
희망,서울특별시 중구 청파로 425 (중림동),1.0,126.96601737290074,37.55755561457946
백궁룸비지니스,서울특별시 관악구 남부순환로 1740 (봉천동),1.0,126.94036679839802,37.481934444968054
별나라,"서울특별시 관악구 신림로 369, 지하1층 (신림동)",1.0,126.92576756467527,37.487222451691395
백만불,서울특별시 관악구 봉천로 248 (신림동),1.0,126.92596361739359,37.48864622210288
힐링노래빠,서울특별시 관악구 남부순환로 1869 (봉천동),1.0,126.95462483514703,37.479772574098696
도레미노래빠,서울특별시 관악구 청룡길 9 (봉천동),1.0,126.94352545951809,37.48143673294622
도토리,서울특별시 관악구 신림로64길 9 (신림동),1.0,126.92736182452798,37.48514371527279
카톡노래바,서울특별시 관악구 봉천로 473 (봉천동),1.0,126.94992235643595,37.48236625171694
파티파티 노래바,"서울특별시 관악구 난곡로 323 (신림동,지하1층)",1.0,126.91120724363869,37.482931446261304
피아노,서울특별시 관악구 신림로65길 47 (신림동),1.0,126.92401828656278,37.48467614414102
수 노래빠,서울특별시 관악구 남부순환로 1605 (신림동),1.0,126.92619551144735,37.484385921829244
두꺼비,서울특별시 관악구 남현1길 68-6 (남현동),1.0,126.9782143036803,37.47560316558467
럭키노래빠,"서울특별시 관악구 신림로59길 28, 지하1층 (신림동)",1.0,126.92531759266842,37.4829772004352
더,"서울특별시 강남구 언주로 506, 역삼 아르누보씨티 지하1층 101호 (역삼동)",1.0,127.0399347731443,37.503418162365904
세이렌(siren),서울특별시 강남구 테헤란로 411 (삼성동),1.0,127.04777963065884,37.50574382471441
라디오,서울특별시 강남구 논현로87길 지하 41 (역삼동),1.0,127.03058859213459,37.498838672707464
라이징,서울특별시 강남구 논현로87길 41 (역삼동),1.0,127.03058859213459,37.498838672707464
하모니,"서울특별시 강남구 테헤란로33길 6-7, 4,5층 (역삼동)",1.0,127.03720752240797,37.50262143969361
제너딘,"서울특별시 강남구 테헤란로77길 12, 1층 (삼성동)",1.0,127.05189505182175,37.507298436680195
도깨비,"서울특별시 강남구 테헤란로6길 10, 4층 (역삼동)",1.0,127.02753922098151,37.49784661307888
골드코스트,"서울특별시 강남구 테헤란로27길 8-4, 늘봄빌딩 2층 (역삼동)",1.0,127.0355594708921,37.502029469893166
링코노래타운 강남역삼점,"서울특별시 강남구 테헤란로2길 37, 지하1층 (역삼동)",1.0,127.02709026798108,37.49585477526587
애플(AppIe),"서울특별시 강남구 언주로87길 24, 시티타워 6-10층 (역삼동)",1.0,127.03813519832524,37.501333136223586
씨엔엔CNN5,"서울특별시 강남구 테헤란로77길 9, 5층 (삼성동)",1.0,127.05149472485054,37.50708128416996
알파벳,"서울특별시 강남구 언주로 640, 임피리얼 팰리스호텔 지하1층 (논현동)",1.0,127.0329858924233,37.513985645525686
씨엔엔CNN,"서울특별시 강남구 테헤란로77길 9, 지하1층 (삼성동)",1.0,127.05149472485054,37.50708128416996
무인,"서울특별시 강남구 도산대로 536, 프리마호텔 지하1,2층 (청담동)",1.0,127.04937030073589,37.52428152041936
오리엔탈 잭 리빈,"서울특별시 강남구 강남대로 588, 렉스관광호텔 지하1,2층 (논현동)",1.0,127.01764965890551,37.51437111511779
팡팡,"서울특별시 강남구 테헤란로69길 10, 퍼시픽빌딩 지하2층 (삼성동)",1.0,127.04988834829898,37.50661012808005
마가렛,"서울특별시 강남구 테헤란로22길 10, 프리즘빌딩 지상3,4층 (역삼동)",1.0,127.03202764904051,37.4992143088039
가라오케 Let's go,"서울특별시 강남구 도산대로 536, 프리마호텔 지하1층,지하3층 (청담동)",1.0,127.04937030073589,37.52428152041936
킹스맨,"서울특별시 강남구 테헤란로33길 8, 지하1층, 지상1층 (역삼동)",1.0,127.03673196055549,37.502475930104865
국일관 스텐드빠,"서울특별시 금천구 독산로 353, 지하1층 (독산동)",1.0,126.90067729023099,37.478361473025515
G7 노래빠,"서울특별시 금천구 남부순환로 1372, 지하1층 (독산동)",1.0,126.90054511164013,37.47939147627275
테마,"서울특별시 구로구 경인로 208 (오류동,(경인로 717) 지하1층)",1.0,126.84126803122673,37.49589571151773
오션노래빠,서울특별시 구로구 경인로20가길 5 (오류동),1.0,126.84122235759533,37.49545964659279
세븐스카이노래바,"서울특별시 구로구 경인로20길 9 (오류동, 지하1층)",1.0,126.84106071992305,37.49545914343866
진주노래바,"서울특별시 구로구 경인로 228, 지하1층 (오류동)",1.0,126.843318622279,37.49681910600524
보스(BOSS),서울특별시 구로구 경인로 208 (오류동),1.0,126.84126803122673,37.49589571151773
썬노래바,서울특별시 구로구 경인로20길 10 (오류동),1.0,126.8407259392071,37.49529293192521
국빈관관광나이트크럽,"서울특별시 금천구 범안로 1209, 지상3층 (독산동)",1.0,126.89358223952107,37.46676773936562
찐노래바,"서울특별시 금천구 시흥대로52길 62 (시흥동, 지하1층)",1.0,126.89909323918062,37.45406388343068
보물썸노래바,"서울특별시 금천구 시흥대로52길 24, 지하1층 (시흥동)",1.0,126.89963308875879,37.452433155574134
오페라하우스7080,"서울특별시 금천구 시흥대로 149 (시흥동,지하1층 (시흥대로 536))",1.0,126.90004682643517,37.4474011983171
비서실,"서울특별시 금천구 금하로 613, 지하1층 (시흥동)",1.0,126.89654312922643,37.4545429166171
스타,"서울특별시 금천구 시흥대로 392 (독산동,지하1층 (시흥대로 295))",1.0,126.89547120711057,37.46845146938968
울랄라노래빠,"서울특별시 관악구 난곡로 325 (신림동, 지하1층)",1.0,126.91114940336394,37.48305474544409
아카데미 스탠드빠. 노래바,"서울특별시 관악구 남부순환로 1474, 지하1층 (신림동)",1.0,126.91132436664611,37.481425781342296
루비,"서울특별시 관악구 봉천로12길 69, 지하1층 (신림동)",1.0,126.92743445983918,37.48572940778144
두바이,"서울특별시 관악구 신림로 362, 지하1층 (신림동)",1.0,126.9266250425386,37.486665411003564
원투,"서울특별시 관악구 남부순환로 1589 (신림동,지하1층)",1.0,126.92430594824896,37.48422933170388
예랑노래,서울특별시 관악구 남부순환로185길 5 (신림동),1.0,126.9294181354529,37.484983310418315
와우노래바,서울특별시 관악구 신림동길 3 (신림동),1.0,126.92547431788002,37.48730421602701
동경,서울특별시 관악구 관악로 204 (봉천동),1.0,126.95140733188066,37.48296054181061
팡팡,"서울특별시 관악구 신림로 362, 3층 (신림동)",1.0,126.9266250425386,37.486665411003564
이브,"서울특별시 관악구 관악로 222 (봉천동,지하1층)",1.0,126.95266450672744,37.48435815689084
도레미노래뱅크,"서울특별시 관악구 관악로 206 (봉천동,지하 1층)",1.0,126.95163055021591,37.48316501256811
리뉴얼,"서울특별시 강남구 테헤란로33길 8, 지상2층 (역삼동)",1.0,127.03673196055549,37.502475930104865
노트,"서울특별시 강남구 봉은사로 218, KH타워 지하1층 (역삼동)",1.0,127.03308153365953,37.50771308490422
원,"서울특별시 강남구 테헤란로14길 16, 라인빌딩 지하1층 (역삼동)",1.0,127.0301800592351,37.498362780074174
"도파민 9,10","서울특별시 강남구 선릉로92길 38, 제이빌딩 9~10층 (삼성동)",1.0,127.04893939101366,37.50604356941608
아이엠,서울특별시 강남구 테헤란로16길 9 (역삼동),1.0,127.03097342797464,37.49891897890072
게임,"서울특별시 강남구 도산대로 205, 선샤인호텔 별관1층 (신사동)",1.0,127.02585626240689,37.520540385181754
메이비,"서울특별시 강남구 도산대로 205, 선샤인호텔 지하중층, 지하1층 (신사동)",1.0,127.02585626240689,37.520540385181754
주파수,"서울특별시 강남구 강남대로 620, 영일빌딩 지1층 (신사동)",1.0,127.01695482777262,37.517180612589264
두꺼비,"서울특별시 강남구 학동로 339, 세한빌딩 지하1층 (논현동)",1.0,127.037303502206,37.517143060338604
갤러리,"서울특별시 강남구 테헤란로 216, 신웅타워 지하1,2층 (역삼동)",1.0,127.03723810764392,37.50143037066504
바지,"서울특별시 강남구 강남대로 588, 렉스관광호텔 2층 (논현동)",1.0,127.01764965890551,37.51437111511779
치마,"서울특별시 강남구 강남대로 588, 렉스관광호텔 3층 (논현동)",1.0,127.01764965890551,37.51437111511779
36.5(삼십육점오),"서울특별시 강남구 테헤란로10길 9, 그랑프리빌딩 지하1층 (역삼동)",1.0,127.02967225121284,37.498516818991384
엠노래밤,"서울특별시 강남구 테헤란로20길 11, 지하1층 (역삼동)",1.0,127.03164514182488,37.498984060968475
미술관,서울특별시 강남구 강남대로94길 54 (역삼동),1.0,127.0287931795171,37.50034097229259
세븐,"서울특별시 강남구 강남대로 320, 황화빌딩 지하2층 (역삼동)",1.0,127.02806232728491,37.49189058773406
켈리(Kelly),"서울특별시 강남구 논현로 736, 지하1,2층 PATIO7 (논현동)",1.0,127.02636553807186,37.51780778656236
LION SUPER CLUB,"서울특별시 강남구 도산대로 535, 용강빌딩 별관동 1,2층 (청담동)",1.0,127.04910032500474,37.525148127924936
가야,"서울특별시 금천구 가산로 148 (가산동, 지상1층)",1.0,126.88799396980542,37.478567716613554
벤틀리,"서울특별시 금천구 가산로 148, 지하1층 (가산동)",1.0,126.88799396980542,37.478567716613554
슈퍼맨,"서울특별시 금천구 가산로 149 (가산동,지하1층)",1.0,126.88745133332378,37.47850950708245
호박노래바,"서울특별시 금천구 시흥대로 354, 지하1층 (독산동)",1.0,126.89512299459761,37.46504334087465
명월,"서울특별시 금천구 시흥대로 240, 지하1층 (시흥동)",1.0,126.89787518854912,37.45532380718209
광화문,"서울특별시 금천구 가산로 157 (가산동, 지하1층)",1.0,126.8870022273793,37.47902387513996
블루,"서울특별시 금천구 디지털로 203, 지하1층 (가산동)",1.0,126.88607218707836,37.478880027094824
골든,"서울특별시 금천구 시흥대로 237 (시흥동, 지하1층)",1.0,126.89719908774605,37.455011307764785
824노래빠,"서울특별시 금천구 가산로 147-18, 지하1층 (가산동)",1.0,126.88731320301365,37.478168382517794
킹덤,"서울특별시 금천구 금하로 617-2 (시흥동, 지하1층)",1.0,126.89701715189857,37.454786954071785
대박노래바,"서울특별시 금천구 디지털로 208-3, 지상1층 (가산동)",1.0,126.88683974455306,37.478821456098856
에쿠스 노래광장,"서울특별시 금천구 시흥대로63길 3, 지하1층 (시흥동)",1.0,126.89647968299434,37.45476170753948
풍차궁노래바,"서울특별시 금천구 시흥대로52길 35 (시흥동, 지하1층)",1.0,126.89905442917185,37.45284383843711
룰루노래빠,"서울특별시 금천구 시흥대로52길 43, 지하1층 (시흥동)",1.0,126.89895842864291,37.453251660511754
홀리데이,"서울특별시 금천구 가산로 153, 지하1층 (가산동)",1.0,126.88725783173768,37.47872988254276
싱싱,"서울특별시 금천구 남부순환로 1262, 지하1층 (가산동, MIND관광호텔)",1.0,126.88813597095454,37.47884605070698
킹카노래바,"서울특별시 금천구 시흥대로58길 5, 지하1층 (시흥동)",1.0,126.89866042452712,37.453767830128825
궁노래,"서울특별시 금천구 시흥대로52길 43 (시흥동,지상 2층)",1.0,126.89895842864291,37.453251660511754
바쿠스,"서울특별시 금천구 가산로 153 (가산동, 지하1층)",1.0,126.88725783173768,37.47872988254276
샴푸,"서울특별시 관악구 신림로63길 9, 지하1층 (신림동)",1.0,126.9260944203745,37.48449991177183
자이안트,"서울특별시 관악구 과천대로 949 (남현동,지하1층)",1.0,126.9784362486702,37.47529246274931
피닉스노래바Q,"서울특별시 관악구 과천대로 949, 지하1층 (남현동)",1.0,126.9784362486702,37.47529246274931
빙고,서울특별시 관악구 과천대로 953 (남현동),1.0,126.97839742852966,37.47570101366933
써니노래바,"서울특별시 관악구 난곡로63길 6, 지하1층 (신림동)",1.0,126.91131670013716,37.48118448182015
블루문(Blue Moon),"서울특별시 관악구 신림로 366, 지하1층 (신림동)",1.0,126.92641626973246,37.48697219630298
그랑프리,"서울특별시 관악구 신림로 340, 14,15층 (신림동)",1.0,126.927196784873,37.484768788293245
킹,서울특별시 관악구 신림로 357 (신림동),1.0,126.92624353891824,37.48618521090117
백억불,"서울특별시 관악구 남부순환로181길 6 (신림동, 지하1층)",1.0,126.92822753976859,37.48486106511133
퍼펙트 노래바,서울특별시 관악구 신림로 363-1 (신림동),1.0,126.92606119396818,37.4866767499946
코코노래바,"서울특별시 관악구 관악로14길 14, 지하1층 (봉천동)",1.0,126.95040057434774,37.47907364015667
짱노래주점,"서울특별시 관악구 신림로67길 8 (신림동,지상2층)",1.0,126.9258274161839,37.48622480448904
테마노래바,서울특별시 관악구 관악로 157 (봉천동),1.0,126.94916115901779,37.479472077528875
2호점,"서울특별시 관악구 조원로2길 8 (신림동,지하1층)",1.0,126.8997581805204,37.483228323561406
초콜렛바,서울특별시 관악구 남부순환로 1627 (신림동),1.0,126.92847107452859,37.48477181330349
밤의전쟁 노래빠,"서울특별시 관악구 남부순환로 1592, 지하1층 (신림동)",1.0,126.92470707512469,37.483679173031206
피플노래빠,"서울특별시 관악구 남부순환로 1829-6 (봉천동,지하1층)",1.0,126.95085921038675,37.48132938164464
티파니,서울특별시 송파구 올림픽로 607 (풍납동),1.0,127.11929453520426,37.53601039956478
관광월드컵스텐드바,서울특별시 송파구 오금로11길 47 (방이동),1.0,127.10951869595428,37.51578459937675
몽키 뮤직타운 방이점,"서울특별시 송파구 오금로11길 11, 지하1층 (방이동)",1.0,127.10545830702355,37.514639940888436
JIS 뮤직타운,"서울특별시 송파구 올림픽로 102, 지하1층 (잠실동)",1.0,127.07896384846296,37.511466508870626
헤라,"서울특별시 송파구 백제고분로7길 39, 지하1층 (잠실동)",1.0,127.0804656611627,37.51105935229929
퇴근길노래바Q,서울특별시 송파구 올림픽로32길 13 (방이동),1.0,127.1063936732622,37.51495846453161
믹스MIXX,"서울특별시 송파구 오금로11길 21-6, 지하1층 (방이동)",1.0,127.10674762760104,37.515318277035156
나비,"서울특별시 송파구 오금로11길 23-9, 지하1층 (방이동)",1.0,127.1068912561994,37.51547193325817
일기장,"서울특별시 송파구 오금로11길 27 (방이동,(지상2층))",1.0,127.10726312243231,37.515258494737424
쇼,"서울특별시 관악구 신림로 373, 지상2층 (신림동)",1.0,126.92565138428505,37.48740010368228
홀인원 클럽,"서울특별시 관악구 신림로 367 (신림동,외1필지 지상3층)",1.0,126.92583189655541,37.48713124925235
WINNER(위너),"서울특별시 관악구 신림로 361 (신림동,3층)",1.0,126.92611616784373,37.48642073715986
딱따구리,"서울특별시 관악구 신림로 353 (신림동,지상4층)",1.0,126.92630238806981,37.485767497198296
열린노래밤,"서울특별시 관악구 조원중앙로 6 (신림동,지하1층)",1.0,126.90173176813094,37.48041139225189
장윤정노래빠,"서울특별시 관악구 신림로59길 14, 지하1층 (신림동)",1.0,126.9258827480347,37.48329537165053
샤인노래빠,"서울특별시 관악구 남부순환로 1601-1, 지하1층 (신림동)",1.0,126.92572818670794,37.484371671501236
놀이터노래빠,서울특별시 관악구 난곡로 306 (신림동),1.0,126.91193590925803,37.481264668886965
준코뮤직타운 신림2호점,"서울특별시 관악구 신림로59길 14 (신림동, 지하2층)",1.0,126.9258827480347,37.48329537165053
조이,"서울특별시 관악구 신림로59길 14 (신림동,지상2층)",1.0,126.9258827480347,37.48329537165053
Ace룸클럽,"서울특별시 관악구 신림로 351 (신림동,지상6층)",1.0,126.9263405641076,37.4856465802664
24케이(24K),서울특별시 관악구 신림로67길 5 (신림동),1.0,126.92607399695905,37.48606836401032
잠자리클럽,서울특별시 관악구 신림로66길 13 (신림동),1.0,126.92752667226196,37.48555002506563
W플러스,서울특별시 관악구 남부순환로220길 16 (봉천동),1.0,126.94862282054602,37.48053309115111
선물 노래클럽,"서울특별시 관악구 신림로 363-1, 3층 (신림동)",1.0,126.92606119396818,37.4866767499946
물고기,"서울특별시 관악구 신림로 317, 지하1층 (신림동)",1.0,126.92676260129103,37.48266131800011
색연필,"서울특별시 송파구 올림픽로32길 12, 지하1층 (방이동)",1.0,127.10607556658474,37.51499606072093
6day (식스),"서울특별시 송파구 오금로11길 23-6, 지상2층 (방이동)",1.0,127.10720828054401,37.51538629016639
하이 뮤직타운,"서울특별시 송파구 올림픽로32길 10-1 (방이동,(3층))",1.0,127.10603239079286,37.51509782244225
도깨비,"서울특별시 영등포구 선유동1로 20, 지하1층 (당산동2가)",1.0,126.88913882655486,37.523685220080985
아마존,"서울특별시 송파구 올림픽로30길 6-5 (방이동,(1층))",1.0,127.1047152776697,37.51515292058682
꽃길노래,"서울특별시 송파구 올림픽로8길 10, 지하1층 (잠실동)",1.0,127.07706400862133,37.510833830218964
준코뮤직타운 신천1호점,"서울특별시 송파구 올림픽로12길 4-25, 지하1층 (잠실동)",1.0,127.07845439499953,37.51112276464968
코리아,"서울특별시 송파구 송파대로28길 32, 지하1층 12,13호 (가락동)",1.0,127.11842060349889,37.494729280467766
오아시스,"서울특별시 송파구 오금로11길 29-14, 지하1층 (방이동)",1.0,127.10749370575446,37.51586701252598
티파니7080,"서울특별시 송파구 송파대로30길 8, 지상2층 201호 (가락동, 뉴훼미리1차 )",1.0,127.11554498708881,37.49421085208382
커플 술먹는 노래주점,"서울특별시 송파구 백제고분로7길 15-5, 지상3층 (잠실동)",1.0,127.07758100466097,37.51081173896657
갤럭시,"서울특별시 송파구 석촌호수로 216, 호텔 레이크 지하3층 (석촌동)",1.0,127.098009655136,37.506864939224684
오빠오빠,"서울특별시 송파구 송파대로28길 6, 가락동 훼미리 오피스텔2차 302호 (가락동)",1.0,127.1161444143581,37.49350605913963
임팩트,"서울특별시 송파구 송파대로28길 11, 지하1층 (가락동)",1.0,127.11621714577784,37.49409432065789
임팩트2,"서울특별시 송파구 송파대로28길 11 (가락동,지하3층)",1.0,127.11621714577784,37.49409432065789
앤 노래클럽,"서울특별시 송파구 송파대로28길 6, 지상2층 (가락동)",1.0,127.1161444143581,37.49350605913963
스케일 뮤직타운,"서울특별시 송파구 올림픽로12길 4-15 (잠실동,지하1층)",1.0,127.07937817948711,37.51108227193424
부킹노래바Q,서울특별시 송파구 백제고분로7길 51 (잠실동),1.0,127.08179917069582,37.51089075710252
뉴코 노래타운 가락점,"서울특별시 송파구 송파대로28길 6, 지하2층 (가락동, 가락훼미리오피스텔2차)",1.0,127.1161444143581,37.49350605913963
놀아줘,"서울특별시 영등포구 선유동1로 6-7, 지하1층 (당산동2가)",1.0,126.8891288916293,37.52258510545751
유정노래바,"서울특별시 영등포구 영등포로 237-1 (영등포동5가, 지하1층)",1.0,126.90499447280563,37.51962301529602
궁전노래바,서울특별시 영등포구 양평로 51 (당산동5가),1.0,126.89785021609077,37.53426413892282
거목,서울특별시 영등포구 영등포로37길 4 (영등포동5가),1.0,126.90277452990686,37.52059900725232
블루(Blue),"서울특별시 영등포구 양평로 61 (당산동5가, 지하1층)",1.0,126.89679889157327,37.53474594866243
백악관,"서울특별시 영등포구 영등포로 225 (영등포동5가, 4층)",1.0,126.90390989519017,37.51989343043139
비엠,"서울특별시 영등포구 영중로4길 29 (영등포동3가, 지하1층)",1.0,126.90664090345986,37.517966999072534
돈텔빠,,1.0,126.90669921445289,37.51838593587395
소렌토,"서울특별시 영등포구 영등포로 397-1 (신길동, 지하1층)",1.0,126.91957490998233,37.51352749900188
엔에이치케이룸영상가요,"서울특별시 영등포구 여의나루로 42, 331,332호 (여의도동)",1.0,126.92217880412527,37.5214543540683
곤파치아 이자카야,"서울특별시 영등포구 국제금융로6길 30 (여의도동,백상빌딩)",1.0,126.92365927865876,37.52177620483952
스타노래,"서울특별시 영등포구 양평로 28, 2층 (당산동6가)",1.0,126.90045613402788,37.53345291254343
쿨,"서울특별시 영등포구 영중로42길 5 (영등포동8가, 지하1층)",1.0,126.90356031978796,37.528515007746854
리본(Re-born),서울특별시 영등포구 영등포로 198 (영등포동4가),1.0,126.90045427829322,37.51998835202187
비엠더블(BMW),"서울특별시 영등포구 국제금융로6길 30 (여의도동,백상빌딩 008호)",1.0,126.92365927865876,37.52177620483952
선물,"서울특별시 영등포구 국제금융로8길 34, 지하1층 101~104호 (여의도동, 오륜빌딩)",1.0,126.92437407364807,37.52020502146318
블랙잭,"서울특별시 영등포구 국제금융로6길 30 (여의도동,백상빌딩 지하13~15호)",1.0,126.92365927865876,37.52177620483952
아라아라,"서울특별시 관악구 신림로59길 10, 지하1층 (신림동)",1.0,126.92630989420287,37.483159450026236
더킹,"서울특별시 관악구 관악로 185 (봉천동, 지하1층)",1.0,126.9497330504913,37.481744860194794
스카이,"서울특별시 영등포구 국회대로70길 19 (여의도동, 대하빌딩 지하1층 B10~11호)",1.0,126.91792970774466,37.52923316914281
샵인,서울특별시 관악구 신림로 353 (신림동),1.0,126.92630238806981,37.485767497198296
파라다이스,서울특별시 관악구 신림로67길 5 (신림동),1.0,126.92607399695905,37.48606836401032
용노래빠,"서울특별시 관악구 신림로67길 9, 지상2층 (신림동)",1.0,126.92590520981553,37.48607620684928
야구장 노래클럽,"서울특별시 관악구 신림로 359, 지하1층 (신림동)",1.0,126.92618213181309,37.48633503073399
세븐노래,"서울특별시 관악구 신림로 356, 3층 2호 (신림동)",1.0,126.92684370485756,37.486127513334324
W노래클럽,"서울특별시 관악구 신림로 356, 3층 3호 (신림동)",1.0,126.92684370485756,37.486127513334324
카라노래빠,"서울특별시 관악구 난곡로66길 12, 지하1층 (신림동)",1.0,126.91215110288837,37.4824822875251
논다노래타운 신림점,서울특별시 관악구 남부순환로 1600 (신림동),1.0,126.92561124044757,37.48376604002585
사루비아,서울특별시 관악구 관악로 183 (봉천동),1.0,126.94962168190067,37.48167400196342
홀인원 노래바,"서울특별시 관악구 신림로 367, 3층 (신림동)",1.0,126.92583189655541,37.48713124925235
구디별밤,"서울특별시 관악구 시흥대로 578, 지하1층 (신림동)",1.0,126.90039825530602,37.48426276699339
락휴노래타운,"서울특별시 관악구 신림로59길 14, 4층 (신림동)",1.0,126.9258827480347,37.48329537165053
부르메(노래주점),"서울특별시 송파구 송파대로28길 6 (가락동,훼미리2차오피스텔 지상2층 2층2호)",1.0,127.1161444143581,37.49350605913963
초콜릿,"서울특별시 송파구 올림픽로32길 10, 지하1층 (방이동)",1.0,127.105989193,37.51519958137814
임팩트1,"서울특별시 송파구 송파대로28길 11 (가락동,지하2층)",1.0,127.11621714577784,37.49409432065789
몽키뮤직타운,"서울특별시 송파구 올림픽로 98, 지하1층 (잠실동)",1.0,127.07860237630581,37.511480133952226
가야 노래클럽,"서울특별시 송파구 올림픽로32길 3 (방이동,지하1층)",1.0,127.1060722342123,37.515717677832946
컬러,"서울특별시 송파구 송파대로28길 12, 지하1층 (가락동)",1.0,127.11653777392455,37.49371853409091
she's(쉬즈),"서울특별시 송파구 백제고분로7길 15-5 (잠실동,지하1층)",1.0,127.07758100466097,37.51081173896657
잼잼,"서울특별시 송파구 올림픽로32길 3 (방이동,지상 2층)",1.0,127.1060722342123,37.515717677832946
준코뮤직타운 방이점,"서울특별시 송파구 오금로11길 23 (방이동,지하 1층)",1.0,127.10683107696237,37.51512259748952
아더킹,"서울특별시 송파구 송파대로28길 12 (가락동,(지하1층))",1.0,127.11653777392455,37.49371853409091
거북이 유흥주점,"서울특별시 송파구 송파대로28길 13 (가락동,(지하1층))",1.0,127.1165344954868,37.49427303027304
보스(BOSS),"서울특별시 송파구 오금로11길 29-14, 지상2층 (방이동)",1.0,127.10749370575446,37.51586701252598
섹시,"서울특별시 송파구 송파대로28길 20, 지하1층 111,112,113호 (가락동, 세화빌딩)",1.0,127.11734371102054,37.49414699418487
에이스,"서울특별시 송파구 송파대로28길 6, 3층 (가락동)",1.0,127.1161444143581,37.49350605913963
보물성,"서울특별시 송파구 송파대로28길 6, 3층 (가락동)",1.0,127.1161444143581,37.49350605913963
루키,"서울특별시 송파구 송파대로28길 12, 지하1층 (가락동)",1.0,127.11653777392455,37.49371853409091
짝 노래주점,"서울특별시 송파구 송파대로28길 20, 2층 202-A호 (가락동)",1.0,127.11734371102054,37.49414699418487
신세계 노래주점,"서울특별시 송파구 송파대로28길 20, 2층 202-B호 (가락동)",1.0,127.11734371102054,37.49414699418487
마우이(maui),"서울특별시 송파구 송파대로28길 20, 2층 201호 (가락동)",1.0,127.11734371102054,37.49414699418487
코리아,"서울특별시 영등포구 영중로10길 42 (영등포동3가, 지하1층)",1.0,126.90696000577455,37.518322129094045
새천년,"서울특별시 영등포구 영중로10길 32 (영등포동3가, 2층)",1.0,126.90593380999654,37.518540780173254
에덴,"서울특별시 영등포구 영중로10길 33 (영등포동3가, 지하1층)",1.0,126.90611114968796,37.51871547566525
궁전노래바,"서울특별시 영등포구 영등포로 406 (신길동, 지하1층)",1.0,126.92028634296224,37.51292054292933
뮤즈라이브,"서울특별시 영등포구 국제금융로 78, 홍우빌딩 지하1층 2호 (여의도동)",1.0,126.92826349262835,37.52081843759356
린스,"서울특별시 영등포구 영등포로 400, 신성빌딩 지하1층 (신길동)",1.0,126.9196767281245,37.512983876856524
버디,서울특별시 영등포구 양평로 66 (당산동6가),1.0,126.89674068882466,37.53520674556274
동킹노래타운,"서울특별시 영등포구 영등포로50길 8-3, 지하1층 전체 (영등포동3가)",1.0,126.90622145117332,37.518264731939595
열창노래광,"서울특별시 영등포구 영등포로50길 7-1, 지하1층 (영등포동3가)",1.0,126.90654412793172,37.51815229339391
라인노래,"서울특별시 영등포구 양평로 73, 지하1층 (양평동4가)",1.0,126.89573108530938,37.53527840349522
애플,서울특별시 영등포구 영중로4길 15-5 (영등포동3가),1.0,126.90502079563156,37.517688756699805
킹,"서울특별시 영등포구 영중로4길 9-2, 지하1층 (영등포동3가)",1.0,126.90465201365976,37.517432269147335
SK(에스케이),"서울특별시 영등포구 영등포로50길 12, 지하1층 (영등포동3가)",1.0,126.90635748414374,37.517953374393045
올레,"서울특별시 영등포구 영등포로 370 (신길동, 지하1층)",1.0,126.9161608384652,37.513837737523595
황실,서울특별시 영등포구 영중로10길 40 (영등포동3가),1.0,126.90681627853418,37.518354872187686
도도,"서울특별시 영등포구 양평로 59, 대영빌딩 지하1층 B-1, B-2호 (당산동5가)",1.0,126.89694956239714,37.534671187249764
샤넬,"서울특별시 영등포구 영중로8길 13, 스카이모텔 지하1층 (영등포동3가)",1.0,126.90426293168777,37.518558354840984
마이노래시대,"서울특별시 영등포구 양평로 64-1 (당산동6가,(지1층))",1.0,126.89676974142958,37.53528870638929
쿨,"서울특별시 관악구 시흥대로 570, 지하1층 (신림동)",1.0,126.89957599388318,37.483538043053045
오케이(OK),"서울특별시 관악구 남부순환로 1591-6, 지하1층 (신림동)",1.0,126.92438252559897,37.484376713918195
스카이,"서울특별시 관악구 남부순환로 1599-4, 지하1층 (신림동)",1.0,126.92553838150823,37.484531610374574
봉봉노래바,"서울특별시 관악구 봉천로12길 54, 2층 (신림동)",1.0,126.92707699935238,37.486347235784244
신림 노래빠,"서울특별시 관악구 남부순환로 1596, 나동 지하1층 (신림동)",1.0,126.92512626809985,37.48379419755578
캔디노래빠,"서울특별시 관악구 남부순환로 1591, 지하1층 (신림동)",1.0,126.92447943769461,37.48423339556581
잠자리,"서울특별시 관악구 신림로 356, 3층 (신림동)",1.0,126.92684370485756,37.486127513334324
퍼스트,"서울특별시 관악구 남부순환로176길 11, 2층 (신림동)",1.0,126.92567637460326,37.48345338209833
K9 노래,"서울특별시 관악구 남부순환로 1595, 지하1층 (신림동)",1.0,126.92481382435653,37.48425752278134
비젼21노래빠,"서울특별시 관악구 신림로 354, 지하1층 (신림동)",1.0,126.92697641441589,37.485971915481734
딸기,"서울특별시 관악구 남부순환로224길 13, 지하1층 (봉천동)",1.0,126.9504949683151,37.48021736517242
여자친구노래빠,"서울특별시 관악구 신림로65길 10, 지하1층 (신림동)",1.0,126.92602304174022,37.48523525853473
골드,"서울특별시 관악구 신림로67길 5, 지하1층 (신림동)",1.0,126.92607399695905,37.48606836401032
썸 노래타운,서울특별시 관악구 신림로59길 12 (신림동),1.0,126.92615635926374,37.483324280080105
라운딩,서울특별시 관악구 신림로 322-3 (신림동),1.0,126.92733223543163,37.483090457949494
코코노래빠,"서울특별시 관악구 신림로 351, 지하1층 (신림동)",1.0,126.9263405641076,37.4856465802664
싱크홀 (sinkhole),"서울특별시 관악구 신림로59길 17, 지하1층 (신림동)",1.0,126.92589450977316,37.48295889536365
소풍,"서울특별시 관악구 남부순환로 1594, 지하1층 (신림동)",1.0,126.92486441530387,37.483713713107555
희원비즈니스,"서울특별시 관악구 봉천로12길 34, 지하1층 (신림동)",1.0,126.92669318474509,37.487169969704716
헤븐,"서울특별시 송파구 올림픽로30길 6, 지하1층 (방이동)",1.0,127.1049175211866,37.51520479105248
리버 노래주점,"서울특별시 송파구 송파대로28길 20, 세화빌딩 2층 201A호 (가락동)",1.0,127.11734371102054,37.49414699418487
하니,"서울특별시 송파구 송파대로28길 20, 세화빌딩 2층 201B호 (가락동)",1.0,127.11734371102054,37.49414699418487
에스(S),서울특별시 송파구 송파대로28길 32 (가락동),1.0,127.11842060349889,37.494729280467766
if 노래주점,"서울특별시 송파구 송파대로28길 32, 2층 (가락동)",1.0,127.11842060349889,37.494729280467766
홍콩,"서울특별시 송파구 송파대로28길 20, 세화빌딩 지하1층 101호 (가락동)",1.0,127.11734371102054,37.49414699418487
동경노래,"서울특별시 송파구 송파대로28길 12 (가락동, 지상1층 104호-108호)",1.0,127.11653777392455,37.49371853409091
럭셔리노래바,"서울특별시 송파구 송파대로28길 13 (가락동, 지하1층 106-1호)",1.0,127.1165344954868,37.49427303027304
명품노래바,"서울특별시 송파구 송파대로28길 13 (가락동, 지하1층 106-2호)",1.0,127.1165344954868,37.49427303027304
호박노래장,"서울특별시 송파구 송파대로28길 32, 지하1층 9,10,11호 (가락동, 올림피아오피스텔)",1.0,127.11842060349889,37.494729280467766
벤츠노래,서울특별시 송파구 송파대로28길 13 (가락동),1.0,127.1165344954868,37.49427303027304
바나나,"서울특별시 송파구 송파대로28길 20, 지하1층 114-1,2호 (가락동)",1.0,127.11734371102054,37.49414699418487
꿀단지,"서울특별시 송파구 송파대로28길 12, 지하1층 11호(일부),12호 (가락동)",1.0,127.11653777392455,37.49371853409091
뉴욕,"서울특별시 송파구 송파대로28길 20, 지하1층 107,108,109,110호 (가락동)",1.0,127.11734371102054,37.49414699418487
폭스,"서울특별시 송파구 송파대로28길 20, 지하1층 106호 (가락동)",1.0,127.11734371102054,37.49414699418487
골드2,"서울특별시 송파구 송파대로28길 13, 지하1층 103호 (가락동, 거북이빌딩)",1.0,127.1165344954868,37.49427303027304
골드1,"서울특별시 송파구 송파대로28길 13, 지하1층 101호 (가락동, 거북이빌딩)",1.0,127.1165344954868,37.49427303027304
뉴홍콩,"서울특별시 송파구 송파대로28길 20, 세화빌딩 지하1층 102,103호 (가락동)",1.0,127.11734371102054,37.49414699418487
비바,"서울특별시 영등포구 국제금융로8길 27-9 (여의도동, 동북빌딩 205,206호)",1.0,126.9261483653705,37.519549682230384
홀릭,"서울특별시 영등포구 여의대방로69길 지하 7, 4,5호 (여의도동, 충무빌딩)",1.0,126.92845801486835,37.51969764794534
팡팡,서울특별시 영등포구 경인로 872 (영등포동1가),1.0,126.90676384372367,37.51714364369013
스타,"서울특별시 영등포구 여의대방로67길 18 (여의도동,스타빌딩 4층)",1.0,126.9274169691729,37.52034300569786
에프엠,"서울특별시 영등포구 여의대방로65길 17 (여의도동,서린빌딩 지하1층6호)",1.0,126.92616376209659,37.51993540375239
코끼리,"서울특별시 영등포구 영중로10길 36 (영등포동3가, 지하1층(전부))",1.0,126.90632799306138,37.51841572317138
스코트,"서울특별시 영등포구 영중로4길 10-1, 지하1층 (영등포동3가)",1.0,126.90472633939542,37.517103800626764
앵콜노래바,서울특별시 영등포구 영중로4길 12 (영등포동3가),1.0,126.90478947753898,37.51725427595465
애창노래바,서울특별시 영등포구 영중로4길 6 (영등포동3가),1.0,126.90414975444547,37.5170618219095
톱스타,"서울특별시 영등포구 영중로10길 28, 지하1층 (영등포동3가)",1.0,126.90541933529684,37.5186191149245
홈런,"서울특별시 영등포구 영등포로46길 3-1 (영등포동3가,지하)",1.0,126.90506875257,37.51889846325137
신데렐라 노래크럽,"서울특별시 영등포구 영중로4길 25, 지하층 (영등포동3가)",1.0,126.90628481987345,37.517799768765336
피닉스 Ⅱ,서울특별시 영등포구 영중로10길 32-2 (영등포동3가),1.0,126.90565748454343,37.51852469718733
피닉스 Ⅱ,서울특별시 영등포구 영중로10길 30 (영등포동3가),1.0,126.90568361859984,37.51860245079263
벤츠,서울특별시 영등포구 영중로4길 32 (영등포동3가),1.0,126.90677908199481,37.51783464582316
해지면,"서울특별시 영등포구 영중로8길 19, 지하1층 (영등포동3가)",1.0,126.90496425393883,37.51838916211799
로또노래바,"서울특별시 영등포구 영중로4길 18 (영등포동3가,2층)",1.0,126.90556392099111,37.51735104765022
썸 노래빠,"서울특별시 관악구 남부순환로 1604, 지하1층 (신림동)",1.0,126.9260314636131,37.48392672765384
앵두노래빠,"서울특별시 관악구 신림로68길 9, 2층 (신림동)",1.0,126.92697593658863,37.48660885766666
줄넘기,"서울특별시 관악구 신림로 353, 지하1층 (신림동)",1.0,126.92630238806981,37.485767497198296
골든벨,"서울특별시 관악구 신림로 353, 지하1층 (신림동)",1.0,126.92630238806981,37.485767497198296
깡노래빠,"서울특별시 관악구 신림로 356, 지하1층 1호 (신림동)",1.0,126.92684370485756,37.486127513334324
갤러리,"서울특별시 관악구 남부순환로176길 11, 지하1층 (신림동)",1.0,126.92567637460326,37.48345338209833
뉴허니 노래바,"서울특별시 관악구 신림로 356, 지하1층 (신림동)",1.0,126.92684370485756,37.486127513334324
준코뮤직타운 서울대입구점,"서울특별시 관악구 남부순환로 1830, 지하1층 전체호 (봉천동)",1.0,126.9502622440011,37.48081266657809
체리노래빠,"서울특별시 관악구 남부순환로 1588, 신림빌딩 3층 302호 (신림동)",1.0,126.92418912345083,37.48365902311685
망고노래빠,"서울특별시 관악구 남부순환로 1588, 신림빌딩 3층 (신림동)",1.0,126.92418912345083,37.48365902311685
시크릿,"서울특별시 관악구 신림동1길 25-6, 지하1층 (신림동)",1.0,126.92594398014246,37.486366890011645
아쿠아,"서울특별시 관악구 남부순환로176길 9, 제일빌딩 2층 (신림동)",1.0,126.92566711713408,37.483571910106214
깐부,"서울특별시 관악구 남부순환로176길 9, 제일빌딩 2층 (신림동)",1.0,126.92566711713408,37.483571910106214
상한가 노래빠,"서울특별시 관악구 신림로 371, 지하1층 (신림동)",1.0,126.92570996483052,37.4873197831748
청개구리,"서울특별시 관악구 관악로 192, 지층 (봉천동)",1.0,126.95074522065877,37.48218590000955
룸의정석 싱플러스 신림점,"서울특별시 관악구 남부순환로 1600-8, 금성빌딩 4층 (신림동)",1.0,126.92590391543582,37.48363792843128
화이트,"서울특별시 관악구 남부순환로176길 20, 지층 (신림동)",1.0,126.9257040189484,37.48307691936641
난사노래빠,서울특별시 관악구 난곡로 317 (신림동),1.0,126.9113395751414,37.48231602383009
오빠가격이싸요 노래빠,"서울특별시 관악구 관천로 42, SU모텔 (신림동)",1.0,126.92437953381909,37.483448581791436
갤럭시,"서울특별시 송파구 석촌호수로 216, 호텔 레이크 지하2층 (석촌동)",1.0,127.098009655136,37.506864939224684
샴푸,"서울특별시 송파구 송파대로28길 24, 밀리아나2차오피스텔 2층 208,210호 (가락동)",1.0,127.11767062934432,37.49431391732365
지중해,"서울특별시 송파구 송파대로28길 20, 세화빌딩 지하1층 106-1호 (가락동)",1.0,127.11734371102054,37.49414699418487
Ace뮤직타운,서울특별시 송파구 올림픽로32길 14 (방이동),1.0,127.1061263601459,37.51486773578859
뉴윈,"서울특별시 송파구 삼학사로 98, 로사나관광호텔 지하1층 (석촌동)",1.0,127.09465130913584,37.505997102328486
더뉴윈,"서울특별시 송파구 삼학사로 98, 로사나관광호텔 지하2층 (석촌동)",1.0,127.09465130913584,37.505997102328486
비타민,"서울특별시 송파구 송파대로28길 13, 거북이빌딩 지하1층 107호 (가락동)",1.0,127.1165344954868,37.49427303027304
세비앙,"서울특별시 송파구 송파대로30길 8, 훼밀리오피스텔 지하1층 (가락동)",1.0,127.11554498708881,37.49421085208382
클래스 원,"서울특별시 송파구 송파대로28길 5, 가락관광호텔 지하1층 1호 (가락동)",1.0,127.1158309303561,37.49388527012992
클래스 투,"서울특별시 송파구 송파대로28길 5, 가락관광호텔 지하1층 2호 (가락동)",1.0,127.1158309303561,37.49388527012992
클래스,"서울특별시 송파구 송파대로28길 5, 가락관광호텔 지하1층 3호 (가락동)",1.0,127.1158309303561,37.49388527012992
엔츠 노래타운,서울특별시 강동구 천호대로157길 51 (천호동),1.0,127.12476648662928,37.54003318443516
월드컵노래주점,서울특별시 강동구 양재대로89길 13 (성내동),1.0,127.13179706334478,37.526455441938865
보스노래밤,"서울특별시 강동구 상암로11길 4, 1층 (암사동)",1.0,127.12595266788448,37.549906043326104
별헤는밤,서울특별시 강동구 양재대로 1389 (성내동),1.0,127.13387932170036,37.53019669274198
월드컵,서울특별시 강동구 상암로11길 8 (암사동),1.0,127.12596818723298,37.55004677126387
대경,서울특별시 강동구 양재대로111길 18 (길동),1.0,127.13562837057833,37.537384600642284
보물섬,서울특별시 강동구 양재대로109길 26 (길동),1.0,127.13607765792963,37.536763160839925
팻븐2,"서울특별시 영등포구 영등포로 226-1 (영등포동3가,외1필지)",1.0,126.90355029820978,37.519398248067624
피카소노래빠,"서울특별시 영등포구 영등포로46길 7 (영등포동3가,지하1층)",1.0,126.90500188899397,37.51849796684484
원투,서울특별시 영등포구 영중로4길 7 (영등포동3가),1.0,126.90419291417457,37.51734190738284
뉴노래빠,서울특별시 영등포구 영중로10길 32-1 (영등포동3가),1.0,126.90601229644558,37.51842952314924
궁전준코,"서울특별시 구로구 경인로 196 (오류동, 성진빌딩 지하1층)",1.0,126.84003896728828,37.49536887390446
캐슬,,1.0,126.90588861662133,37.517661052661026
좋아요,"서울특별시 영등포구 여의대방로69길 7 (여의도동, 충무빌딩10호,11호(지하1층))",1.0,126.92845801486835,37.51969764794534
메이드 노래바(MADE 노래바),서울특별시 영등포구 영중로10길 28-1 (영등포동3가),1.0,126.90552893368398,37.51864006222075
에스비에스노래,"서울특별시 영등포구 영등포로50길 11 (영등포동3가, 지하1층)",1.0,126.90652713558234,37.51792554845698
가노래,서울특별시 영등포구 영중로10길 10-1 (영등포동3가),1.0,126.90360172335569,37.5190126316287
보물섬,"서울특별시 영등포구 양평로 75 (양평동4가, 지하1층)",1.0,126.89556849383538,37.53536742106395
황후노래타운,"서울특별시 영등포구 영중로10길 34-1 (영등포동3가, 지하1층)",1.0,126.90615102052375,37.518494687614336
타임,"서울특별시 영등포구 영등포로50길 8-3 (영등포동3가, 2층)",1.0,126.90622145117332,37.518264731939595
브이아이피(VIP),,1.0,126.90628481987345,37.517799768765336
투투노래바,서울특별시 영등포구 영등포로50길 8-4 (영등포동3가),1.0,126.90621119729464,37.51838977740069
에이스,"서울특별시 영등포구 영등포로50길 5 (영등포동3가,지하1층)",1.0,126.90656339293078,37.518407077762454
준코뮤직타운영등포점,"서울특별시 영등포구 영등포로 248 (영등포동3가,지하1층)",1.0,126.90587029766394,37.518928485802356
퀸노래광장,"서울특별시 영등포구 영중로10길 32-1 (영등포동3가,(2층))",1.0,126.90601229644558,37.51842952314924
고고노래밤,"서울특별시 영등포구 영중로4길 21, 2층 (영등포동3가)",1.0,126.90588861662133,37.517661052661026
영등포노래타운쿡호야,"서울특별시 영등포구 영중로10길 6, B01호 (영등포동3가,델리타운)",1.0,126.90328754697613,37.51902851595139
빙고노래밤,서울특별시 관악구 남부순환로 1599-3 (신림동),1.0,126.92539692011349,37.4844455697291
레이스노래빠,"서울특별시 관악구 시흥대로 552-1, 지하1층 3호 (신림동)",1.0,126.89859669226135,37.48225315998929
레이스가라오케,"서울특별시 관악구 시흥대로 552-1, 지하1층 2호 (신림동)",1.0,126.89859669226135,37.48225315998929
레이스여성전용클럽,"서울특별시 관악구 시흥대로 552-1, 지하1층 1호 (신림동)",1.0,126.89859669226135,37.48225315998929
p9,"서울특별시 관악구 신림로 349, 지하1층 (신림동)",1.0,126.92635324015687,37.485528958236955
고구려,"서울특별시 관악구 신림로 349, WD호텔 (신림동)",1.0,126.92635324015687,37.485528958236955
명월,"서울특별시 관악구 신림로 349, WD호텔(을) 3층 (신림동)",1.0,126.92635324015687,37.485528958236955
청풍,"서울특별시 관악구 신림로 349, WD호텔(을) 3층 (신림동)",1.0,126.92635324015687,37.485528958236955
뉴코노래타운 신림점,"서울특별시 관악구 신림로 344, 에스케이허브그린 지하1층 2호 (신림동)",1.0,126.92707200426022,37.485148464861126
파이프,"서울특별시 관악구 신림로59길 7, 지하1층 가호 (신림동)",1.0,126.92640631858258,37.48290942628034
놀이터,"서울특별시 서초구 방배로 170 (방배동,(지하1층))",1.0,126.99031196360703,37.4888869795759
샤넬,서울특별시 서초구 방배로 200 (방배동),1.0,126.98882956446744,37.4913571754344
M(엠),"서울특별시 서초구 사평대로 369 (반포동, 지하1층)",1.0,127.02043106546039,37.504440392565506
유토피아 7080,"서울특별시 서초구 방배로 195, 지층 제2호 (방배동)",1.0,126.98859307304447,37.49071443985604
만남,서울특별시 서초구 강남대로 615 (잠원동),1.0,127.0160099708002,37.516630230356554
준코 뮤직타운 강남2호점,"서울특별시 서초구 강남대로69길 11, 지하1층 (서초동)",1.0,127.02132011660048,37.50141928847689
곰노래바,"서울특별시 서초구 강남대로 521, 지층 (반포동)",1.0,127.01916852556137,37.508601257660324
카와베,"서울특별시 서초구 강남대로107길 6, 리버사이드호텔 지하1?2층 (잠원동)",1.0,127.01521059324945,37.51864440627309
SBS,"서울특별시 서초구 방배중앙로27길 9, 지하1층 (방배동)",1.0,126.98243406134155,37.49509329787011
부킹노래짱,서울특별시 강동구 천호대로157길 49 (천호동),1.0,127.12473691363688,37.53991130133271
씨티,"서울특별시 강동구 진황도로 32, 지층 (천호동)",1.0,127.12756498674021,37.53874704387517
아쭈포차,서울특별시 강동구 진황도로 5 (천호동),1.0,127.12560835264232,37.540220550916565
왕초,서울특별시 강동구 진황도로 103 (길동),1.0,127.13499538259282,37.53571372286831
하루,"서울특별시 강동구 진황도로 93, 호텔아르고 3층 (길동)",1.0,127.1339611188507,37.53621926732332
발리7080라이브,서울특별시 강동구 풍성로 210 (성내동),1.0,127.13201731462328,37.52905145449638
키스,"서울특별시 강동구 천중로40길 71, 지1층 (길동)",1.0,127.13508764010056,37.53788756107562
찬스나이트,"서울특별시 강동구 천호대로 1135, 지1층 (길동)",1.0,127.13492713757392,37.53470866900233
무지개,"서울특별시 강동구 양재대로 1457, 부에노빌딩 2층 (길동)",1.0,127.13610653632284,37.535941775771015
애플,"서울특별시 강동구 양재대로111길 32, 근영빌딩 지1층 (길동)",1.0,127.13502729401966,37.53750415563073
황제,서울특별시 강동구 천호대로177길 16 (길동),1.0,127.13486739227223,37.53516863154271
황제비지니스,"서울특별시 강동구 양재대로 1459 (길동,,16)",1.0,127.13605758030596,37.53618388135889
자유인 Free Man,"서울특별시 강동구 양재대로 1441, 지1층 (길동)",1.0,127.13556032274742,37.53468212115646
태평양,서울특별시 강동구 진황도로 92 (길동),1.0,127.13352172245791,37.5359896886911
어우동,서울특별시 강동구 진황도로43길 9 (길동),1.0,127.1354200251721,37.53580183417665
명월,"서울특별시 강동구 진황도로43길 3, 지1층 (길동)",1.0,127.1352062083202,37.53575783326923
파랑새(노래),"서울특별시 강동구 올림픽로70길 44 (천호동,,4)",1.0,127.12314653060285,37.53919248101876
명동노래주점,서울특별시 강동구 진황도로 94 (길동),1.0,127.13372997255998,37.535890855814934
샤방샤방노래방,"서울특별시 영등포구 영중로10길 34-1 (영등포동3가,2층)",1.0,126.90615102052375,37.518494687614336
갈채,,1.0,126.90697636252239,37.51812210810279
백야,"서울특별시 영등포구 여의대방로69길 7, 12호 (여의도동,지하1층)",1.0,126.92845801486835,37.51969764794534
모델노래바,"서울특별시 영등포구 영중로4길 8, 지하1층 (영등포동3가)",1.0,126.90441059941845,37.51713166262852
수노래바,"서울특별시 영등포구 영중로4길 8 (영등포동3가, 지하1층)",1.0,126.90441059941845,37.51713166262852
피닉스III,"서울특별시 영등포구 영중로6길 27-1 (영등포동3가,지하1층(전체))",1.0,126.906112832407,37.51774888124427
좋은날,"서울특별시 영등포구 국제금융로 공중 70, 3층 316,317호 (여의도동, 미원빌딩)",1.0,126.92775137631644,37.52142963044593
상한가,"서울특별시 영등포구 여의대방로65길 13 (여의도동,지하1층)",1.0,126.92672118930497,37.5193594918555
뮤즈 노래바,"서울특별시 영등포구 영등포로46길 10 (영등포동3가,,2층)",1.0,126.9046784408306,37.51846834268794
논다노래타운 영등포점,"서울특별시 영등포구 영중로10길 16, 지하1층 (영등포동3가)",1.0,126.90405965862455,37.51885967847434
제이(J),서울특별시 영등포구 영중로4길 9-4 (영등포동3가),1.0,126.90466328887038,37.517644480888094
노래짱,"서울특별시 영등포구 여의대방로65길 17 (여의도동, 서린빌딩 지하105호)",1.0,126.92616376209659,37.51993540375239
썬,"서울특별시 영등포구 영중로10길 34-2, 2층 (영등포동3가)",1.0,126.90623801213191,37.51847818480924
갤러리,"서울특별시 영등포구 영등포로46길 4, 지하1층 (영등포동3가, 일부)",1.0,126.90479501803212,37.51898546152588
미술관,"서울특별시 영등포구 영등포로46길 4, 지하1층 (영등포동3가)",1.0,126.90479501803212,37.51898546152588
노바루스,"서울특별시 영등포구 선유로 88-6 (양평동1가, 지하2층)",1.0,126.8878171226864,37.52165861323284
방배 제이엠씨(JMC),서울특별시 서초구 동작대로 10 (방배동),1.0,126.97914532867806,37.47740840205649
타이밍,"서울특별시 서초구 효령로55길 15, 지하1층 (서초동)",1.0,127.01134142246079,37.48552689097469
피터팬,"서울특별시 서초구 효령로53길 18, 석탑오피스텔 지하1층 (서초동)",1.0,127.01104327370993,37.485499565116655
뉴스,,1.0,126.90477663880644,37.5175192074704
아쿠아,서울특별시 서초구 반포대로12길 49 (서초동),1.0,127.01109646230425,37.485290602457134
힐링,서울특별시 서초구 서초중앙로5길 10-24 (서초동),1.0,127.01175978266468,37.48639263684445
가을나그네 노래짱클럽,서울특별시 서초구 반포대로28길 93 (서초동),1.0,127.01055012859537,37.49221037401274
신세계,"서울특별시 서초구 반포대로14길 54, 지하1층 (서초동)",1.0,127.01094149312927,37.48598361418716
리멤버,"서울특별시 서초구 반포대로18길 56, 지하1층 (서초동)",1.0,127.0104682927992,37.487176503215395
아르떼 서울,서울특별시 서초구 강남대로 415 (서초동),1.0,127.02341817804113,37.49954216910006
유앤미,"서울특별시 서초구 나루터로 64 (잠원동,외4필지 지하2,3층)",1.0,127.01405653851869,37.515055504964934
플레이노래타운,"서울특별시 서초구 강남대로69길 11, 삼미빌딩 지하1층 2호 (서초동)",1.0,127.02132011660048,37.50141928847689
준코 뮤직타운 강남1호점,"서울특별시 서초구 서초대로73길 50 (서초동,지하 1)",1.0,127.02113812417372,37.50167975354097
돈텔마마7080,"서울특별시 강동구 천호대로 1121 (길동,일성오피스텔 지하 109호)",1.0,127.13344482269684,37.53517184311427
리꼴라노래광장주점,"서울특별시 강동구 천호대로177길 34, 미림빌딩 2층 (길동)",1.0,127.13511534480114,37.5359457830482
문라이브,서울특별시 강동구 천호대로177길 16 (길동),1.0,127.13482803868075,37.53506365430534
허니 투 노래주점,서울특별시 강동구 양재대로111길 10 (길동),1.0,127.13623025235721,37.537219877763654
퍼즐,서울특별시 강동구 진황도로 105 (길동),1.0,127.13527823900742,37.53557205328616
뉴첼로,"서울특별시 강동구 천호대로175길 21 (길동,2층)",1.0,127.1337944212292,37.535671424511946
에이스,서울특별시 강동구 진황도로 103 (길동),1.0,127.13499538259282,37.53571372286831
사또,서울특별시 강동구 올림픽로70길 52 (천호동),1.0,127.1236106787861,37.539057848118524
에스(S)노래주점,서울특별시 강동구 양재대로111길 32 (길동),1.0,127.13502729401966,37.53750415563073
돌체노래주점,서울특별시 강동구 천호대로177길 10 (길동),1.0,127.1347069843613,37.534938459312215
벌떼,서울특별시 강동구 진황도로 96 (길동),1.0,127.13392060912274,37.53581340401309
요지경세상,서울특별시 강동구 천호대로177길 34 (길동),1.0,127.13511534480114,37.5359457830482
아미노래빠,"서울특별시 강동구 올림픽로72길 13, 지1층 (천호동)",1.0,127.12171408523672,37.53977831978493
앵두노래주점,서울특별시 강동구 양재대로111길 34 (길동),1.0,127.13488201055911,37.537540399151574
하트,서울특별시 강동구 진황도로 94 (길동),1.0,127.13372997255998,37.535890855814934
궁전,서울특별시 강동구 천중로40길 77 (길동),1.0,127.13499794598769,37.53764792125298
체스노래주점,서울특별시 강동구 양재대로109길 11 (길동),1.0,127.13574047888277,37.5361507279604
님과함께,서울특별시 강동구 천호대로177길 48 (길동),1.0,127.1352837922554,37.53661184821626
열린노래,"서울특별시 영등포구 여의대방로65길 17 (여의도동, 서린빌딩, 지하1층 3호7호)",1.0,126.92616376209659,37.51993540375239
폭스(FOX),"서울특별시 영등포구 여의대방로67길 10 (여의도동, 외교빌딩 지하1층3호)",1.0,126.92797740143153,37.519774043849935
조이 노래,"서울특별시 영등포구 국제금융로8길 27-9, 동북빌딩 B102호 (여의도동)",1.0,126.9259183838137,37.51978260564777
하남,"서울특별시 영등포구 의사당대로1길 25, 하남빌딩 지하1층 지하13호 (여의도동)",1.0,126.92683234911563,37.520354287094065
홍우노래바,"서울특별시 영등포구 국제금융로 78, 홍우빌딩 지하1층 제비1호 (여의도동)",1.0,126.92826349262835,37.52081843759356
에이치(H),"서울특별시 영등포구 국제금융로8길 19, 중앙빌딩 지하1층 B117호 (여의도동)",1.0,126.92639166466934,37.520806078319886
해피,"서울특별시 영등포구 여의대방로67길 8, 고려빌딩 지하1층 6호 (여의도동)",1.0,126.92820964390964,37.51954302197494
가요 리믹스 별밤,"서울특별시 영등포구 영중로8길 6, 성남빌딩 2층 (영등포동3가)",1.0,126.90344919930455,37.51830534986536
911(구일일),"서울특별시 영등포구 여의대방로 379, 제일빌딩 지하1층 001,002호 (여의도동)",1.0,126.92797103241683,37.51919923260959
아지트(azet),"서울특별시 영등포구 여의대방로65길 20, 지하1층 102호 (여의도동)",1.0,126.92657284167551,37.52025666502082
브이아이피(VIP),"서울특별시 영등포구 여의대방로67길 18, 스타빌딩 (여의도동)",1.0,126.9274169691729,37.52034300569786
벤허,"서울특별시 영등포구 여의대방로69길 7, 충무빌딩 지하1층 6호,7호,8호,9호 (여의도동)",1.0,126.92845801486835,37.51969764794534
에스코트7080,,1.0,126.92845801486835,37.51969764794534
시그니엘,"서울특별시 영등포구 여의대방로65길 20, 지하1층 101호 (여의도동)",1.0,126.92657284167551,37.52025666502082
피아노,"서울특별시 영등포구 여의대방로69길 28, 유성빌딩 지1층 2호 (여의도동)",1.0,126.92730969857818,37.52145553209234
준코뮤직타운 강남교대점,"서울특별시 서초구 효령로55길 27 (서초동,지하1층)",1.0,127.01125445587324,37.48602227151361
플로우,서울특별시 서초구 서초중앙로 117 (서초동),1.0,127.01077647353993,37.492262208356166
보물섬,서울특별시 서초구 반포대로12길 29 (2)층 (서초동),1.0,127.00996079255617,37.485174039360075
쓰리아워(3hours),서울특별시 서초구 서초대로78길 지하 52 (서초동),1.0,127.02584628465435,37.49322329797662
짱코 노래타운 강남점,서울특별시 서초구 서초대로77길 37 (서초동),1.0,127.02219980985122,37.500988490639
큐브뮤직타운(CUBE MUSIC TOWN),서울특별시 서초구 서초대로77길 58 (서초동),1.0,127.0214911199247,37.50257236295557
씨엠,"서울특별시 서초구 서초대로77길 58, 트라이랜드빌딩 7층 (서초동)",1.0,127.0214911199247,37.50257236295557
씨엠,"서울특별시 서초구 서초대로77길 58, 트라이랜드빌딩 2층 (서초동)",1.0,127.0214911199247,37.50257236295557
준코뮤직타운 신사점,서울특별시 강남구 도산대로 123 (신사동),1.0,127.01898750820084,37.51747617817311
젠쿠(BAR),서울특별시 중구 퇴계로20길 2 (남산동2가),1.0,126.98255166062,37.559725847285975
직장인 노래밤,서울특별시 중구 남대문로1길 26 (북창동),1.0,126.97464822219204,37.562200334988134
축제,서울특별시 중구 을지로14길 30 (초동),1.0,126.98914683234793,37.564868862020624
웸블리,서울특별시 강남구 언주로 605 (논현동),1.0,127.03430811074101,37.50936992555905
주식회사 달리는토끼,서울특별시 강남구 봉은사로 150 (역삼동),1.0,127.0284260357503,37.505833869973436
피터팬,"서울특별시 강남구 봉은사로 459, 지상1~2층 (삼성동)",1.0,127.04680904487667,37.51243592665105
봄,"서울특별시 강남구 선릉로 659, 가헌빌딩 지하1층 (논현동)",1.0,127.03873095328022,37.51544379852447
클래식,"서울특별시 강남구 테헤란로47길 8 (역삼동,,17)",1.0,127.04257248861073,37.504280043783375
인프라,"서울특별시 강남구 역삼로 113, 오성빌딩 지하1층 (역삼동)",1.0,127.0284361027332,37.493883430465324
샤이니,"서울특별시 강남구 역삼로 113, 오성빌딩 2층 (역삼동)",1.0,127.0284361027332,37.493883430465324
에이플러스,서울특별시 강남구 봉은사로 451 (삼성동),1.0,127.0461327156972,37.51204313066763
비일일,"서울특별시 강남구 역삼로3길 11, 지하1층 (역삼동)",1.0,127.02827706744958,37.49421605757383
콘텐츠,서울특별시 강남구 도산대로 159 (신사동),1.0,127.0228698422522,37.519150277669596
코리아,서울특별시 강동구 양재대로111길 8 (길동),1.0,127.13635565578704,37.537187893577496
K2 노래터,"서울특별시 강동구 올림픽로70길 47 (천호동,지하1층)",1.0,127.12341022004856,37.53933874378579
보스,서울특별시 강동구 양재대로109길 22 (길동),1.0,127.1359991431048,37.53655264289328
수노래빠,,1.0,126.96934435564967,37.5577671231868
아노래짱,"서울특별시 강동구 천호대로177길 16 (길동,지하)",1.0,127.13482803868075,37.53506365430534
샤넬,서울특별시 강동구 천호대로177길 34 (길동),1.0,127.13511534480114,37.5359457830482
수,"서울특별시 강동구 진황도로 96 (길동,(2층))",1.0,127.13392060912274,37.53581340401309
제니아노래광장,서울특별시 강동구 진황도로 3 (천호동),1.0,127.12537773346158,37.54026651881795
첼로,"서울특별시 강동구 천호대로175길 21 (길동,3층)",1.0,127.1337944212292,37.535671424511946
항아리,"서울특별시 강동구 진황도로 110 (길동,2층)",1.0,127.13515896597143,37.535147976982806
앤비시노래장주점,서울특별시 강동구 천호대로 1121 (길동),1.0,127.13344482269684,37.53517184311427
꿀단지,"서울특별시 강동구 천호대로177길 34 (길동,지하1층)",1.0,127.13511534480114,37.5359457830482
전국주점,"서울특별시 강동구 진황도로 110 (길동,2층)",1.0,127.13515896597143,37.535147976982806
비바,"서울특별시 강동구 천호대로175길 55 (길동,2층)",1.0,127.13443913368512,37.53724299816965
포텐노래타운,"서울특별시 강동구 천호대로157길 15 (천호동,지하)",1.0,127.12385966564338,37.538518028354844
박하사탕,"서울특별시 강동구 천호대로177길 16 (길동,2층 201호)",1.0,127.13486739227223,37.53516863154271
허니노래주점,"서울특별시 강동구 천호대로177길 48 (길동,지하1층)",1.0,127.1352837922554,37.53661184821626
준코뮤직타운,"서울특별시 강동구 천호대로 1135 (길동,중부빌딩 3층 301호)",1.0,127.13492713757392,37.53470866900233
몰디브,"서울특별시 강동구 양재대로111길 28, 1층 (길동)",1.0,127.13525288104569,37.53747405759945
준코뮤직타운 천호로데오점,"서울특별시 강동구 천호대로 1027 (천호동,지하1층)",1.0,127.12345617839078,37.53824183284689
아라,"서울특별시 영등포구 여의대방로69길 28, 유성빌딩 지1층 8호 (여의도동)",1.0,126.92730969857818,37.52145553209234
다이아,"서울특별시 영등포구 여의대방로69길 28, 유성빌딩 지1층 1호 (여의도동)",1.0,126.92730969857818,37.52145553209234
FLEX 노래바,"서울특별시 영등포구 영중로10길 28-1, 3층 (영등포동3가)",1.0,126.90552893368398,37.51864006222075
피닉스,"서울특별시 영등포구 영중로10길 30, 2,3층 (영등포동3가)",1.0,126.90568361859984,37.51860245079263
여의도 클라스,"서울특별시 영등포구 여의대방로65길 20, 호성빌딩 지하2층 202호 (여의도동)",1.0,126.92657284167551,37.52025666502082
크로마,"서울특별시 영등포구 여의대방로65길 13, 유창빌딩 지하층 b1호 (여의도동)",1.0,126.92672118930497,37.5193594918555
뉴 신세계 노래바,"서울특별시 영등포구 영중로3길 3, 시온빌딩 지하1층 (영등포동4가)",1.0,126.90310004798361,37.51684272622723
비어에프엠,"서울특별시 영등포구 영중로10길 6, 델리타운 2층 203호 (영등포동3가)",1.0,126.90328754697613,37.51902851595139
깐부뮤직타운,"서울특별시 영등포구 영중로10길 18, 제이캐슬 지하1층 (영등포동3가)",1.0,126.90427332958316,37.518873013263935
별밤,서울특별시 동작구 상도로 179 (상도동),1.0,126.93544611208827,37.50473406581471
힐링,서울특별시 동작구 사당로 252 (사당동),1.0,126.97291799656834,37.48312433028334
이큐(EQ),서울특별시 동작구 상도로 95-1 (상도동),1.0,126.92818696384798,37.500277630662055
돈꽃,"서울특별시 동작구 흑석로 124-1, 지하1층 (흑석동)",1.0,126.95932830580337,37.50905170370094
테마노래주점,서울특별시 동작구 장승배기로 135 (노량진동),1.0,126.93707944583662,37.50965607066119
초원노래팡팡,서울특별시 동작구 동작대로7길 5 (사당동),1.0,126.97842902621794,37.47991289852703
힐링,서울특별시 동작구 시흥대로 654 (신대방동),1.0,126.90497192638516,37.489932642385135
아쿠아,서울특별시 동작구 사당로 286 (사당동),1.0,126.97649691370357,37.48417284647378
에어링,"서울특별시 강남구 테헤란로 111 (역삼동,지하2층)",1.0,127.02637807626924,37.49889380495775
로얄프린스,서울특별시 강남구 테헤란로33길 13 (역삼동),1.0,127.03625604840067,37.502627468697035
피크(PEAK),"서울특별시 강남구 도산대로 152, 지층 (논현동)",1.0,127.02233517960983,37.518171440783476
디바인,"서울특별시 강남구 봉은사로 459, 지하1층 (삼성동, 자이언트관광호텔)",1.0,127.04680904487667,37.51243592665105
더청담나이트클럽,"서울특별시 강남구 영동대로 737 (청담동,지하1층)",1.0,127.0512338770348,37.52389372290785
에비앙,서울특별시 강남구 논현로 647 (논현동),1.0,127.02853233916834,37.51152982820552
루이스,"서울특별시 강남구 테헤란로 421, 지하1층 (삼성동)",1.0,127.04963819563702,37.506005747476216
강남역,"서울특별시 강남구 강남대로78길 16, 지하1층 (역삼동)",1.0,127.02782237896372,37.49497043152407
코드원(code one),서울특별시 강남구 언주로 627 (논현동),1.0,127.0322383904648,37.51251607649254
이컴퍼니,서울특별시 강남구 논현로87길 37 (역삼동),1.0,127.03097743298014,37.499058241940176
알파벳2,서울특별시 강남구 언주로 640 (논현동),1.0,127.0329858924233,37.513985645525686
엠비티아이,서울특별시 강남구 강남대로 626 (신사동),1.0,127.01668142817833,37.51770150390606
오페라하우스노래바Q,서울특별시 강남구 선릉로93길 11 (역삼동),1.0,127.04456020601606,37.50513721200441
워라밸,서울특별시 강남구 테헤란로6길 14 (역삼동),1.0,127.02762537695162,37.49767926452599
파이브(FIVE),서울특별시 강남구 언주로87길 48 (역삼동),1.0,127.03645212141454,37.50076273274934
문노래바Q,서울특별시 강남구 선릉로93길 7 (역삼동),1.0,127.04494298576209,37.50527262402727
피플,서울특별시 강남구 선릉로 843 (신사동),1.0,127.0373038185726,37.52722950894593
꽃자바,서울특별시 강남구 테헤란로28길 5 (역삼동),1.0,127.03593236234781,37.500789369649
서스포,"서울특별시 강남구 선릉로91길 14 (역삼동,지하1층)",1.0,127.04458088286908,37.5048960840323
미주,서울특별시 강동구 천호대로177길 51 (길동),1.0,127.13511657178394,37.53679854092416
야화,"서울특별시 강동구 천호대로 1135 (길동,(304호))",1.0,127.13492713757392,37.53470866900233
놀이터,"서울특별시 강동구 양재대로111길 39, 강동빌딩 2층 (길동)",1.0,127.13449134827661,37.53739262650851
노라조,"서울특별시 강동구 양재대로111길 39, 강동빌딩 (길동)",1.0,127.13449134827661,37.53739262650851
드라마,"서울특별시 강동구 양재대로111길 34 (길동,2층)",1.0,127.13488201055911,37.537540399151574
친구,서울특별시 강동구 천호대로177길 10 (길동),1.0,127.1347069843613,37.534938459312215
은성,서울특별시 강동구 천중로40길 78 (길동),1.0,127.13444825792178,37.53770548386049
첼로Ⅱ,"서울특별시 강동구 천호대로175길 21 (길동,지하1층)",1.0,127.1337944212292,37.535671424511946
홍콩,서울특별시 강동구 천호대로177길 10 (길동),1.0,127.1347069843613,37.534938459312215
TEN프로 노래주점,"서울특별시 강동구 진황도로 103 (길동,지하)",1.0,127.13499538259282,37.53571372286831
체르니,서울특별시 강동구 진황도로 103 (길동),1.0,127.13499538259282,37.53571372286831
비너스,서울특별시 강동구 진황도로 110 (길동),1.0,127.13515896597143,37.535147976982806
현 노래,"서울특별시 강동구 올림픽로70길 51 (천호동,지층)",1.0,127.12367485256759,37.5393892984601
제이제이,"서울특별시 강동구 천호대로177길 10 (길동,지상1층)",1.0,127.1347069843613,37.534938459312215
보고또보고,"서울특별시 강동구 진황도로 110 (길동,(2층))",1.0,127.13515896597143,37.535147976982806
뉴스타대경,서울특별시 강동구 양재대로111길 18 (길동),1.0,127.13562837057833,37.537384600642284
모모라이브,서울특별시 강동구 천호대로 1135 (길동),1.0,127.13492713757392,37.53470866900233
신뻐꾸기,서울특별시 강동구 천호대로177길 16 (길동),1.0,127.13482803868075,37.53506365430534
파라다이스,"서울특별시 강동구 양재대로111길 28, 지하1층 (길동)",1.0,127.13525288104569,37.53747405759945
동작회관,서울특별시 동작구 보라매로 106 (신대방동),1.0,126.92547247295138,37.49870019080426
내스타일,서울특별시 동작구 동작대로 105 (사당동),1.0,126.97885821317314,37.485932610584
짝노래타운,서울특별시 동작구 동작대로27길 6 (사당동),1.0,126.97882799211582,37.487865397450264
보물섬노래빠,서울특별시 동작구 상도로 99 (상도동),1.0,126.92848115073534,37.50039681239059
센스,"서울특별시 동작구 노량진로8길 35, 지하1층 (노량진동)",1.0,126.93445391127614,37.51264956566028
아우디,서울특별시 동작구 사당로 293 (사당동),1.0,126.97715255010469,37.484930456013615
디제이노래주점,서울특별시 동작구 노량진로8길 27 (노량진동),1.0,126.93403335349907,37.512719196847655
준코뮤직타운이수역점,서울특별시 동작구 사당로 307 (사당동),1.0,126.97872904373591,37.48555311280504
궁전,서울특별시 동작구 노량진로8길 49 (노량진동),1.0,126.93511645636806,37.51247430601937
기쁨조,서울특별시 동작구 동작대로3길 8 (사당동),1.0,126.97805733238337,37.47845462942484
땡벌,서울특별시 동작구 동작대로7길 4 (사당동),1.0,126.9786163435699,37.48012427050961
비전힐,서울특별시 동작구 사당로 287 (사당동),1.0,126.97662039712522,37.484754818503596
퇴근길,서울특별시 동작구 동작대로3길 6 (사당동),1.0,126.97823742935269,37.47850082830525
일점이,서울특별시 동작구 동작대로 45 (사당동),1.0,126.97861181874657,37.480747079502585
볼보(VOLVO),서울특별시 동작구 동작대로25길 37 (사당동),1.0,126.97757203114459,37.48545343227327
이수점 jmc(제이엠씨),서울특별시 동작구 사당로 303 (사당동),1.0,126.97822448960142,37.48541633219967
주주,서울특별시 동작구 동작대로27가길 45 (사당동),1.0,126.97826151494495,37.485520978000416
사운드,"서울특별시 강남구 도산대로 114 (논현동,.16 지하1층)",1.0,127.01837978614392,37.516370788812736
타임즈,서울특별시 강남구 도산대로 535 (청담동),1.0,127.04910032500474,37.525148127924936
우미관,"서울특별시 강남구 봉은사로 105 (논현동,지하1층)",1.0,127.02213386664283,37.50499656605847
두바이,서울특별시 영등포구 영중로10길 35 (영등포동3가),1.0,126.90632865772767,37.51867160703293
헤리티지,"서울특별시 강남구 도산대로 513, 양원빌딩 지하1층 102호 (청담동)",1.0,127.04648030724735,37.52482351543373
아뜰리에,서울특별시 강남구 테헤란로33길 13-8 (역삼동),1.0,127.0356397296128,37.502614696026384
개구쟁이,"서울특별시 강남구 테헤란로2길 34 (역삼동,지하1층)",1.0,127.02662292961126,37.49594569220095
오스카,"서울특별시 강남구 언주로 548, 지하1층 (역삼동)",1.0,127.0376709255915,37.50716694750252
괜찬아,서울특별시 강남구 봉은사로 116 (역삼동),1.0,127.02353647872386,37.50468452760733
나인,"서울특별시 강남구 봉은사로 177, 오헤븐 빌딩 지하1층 (논현동)",1.0,127.0302775225455,37.50740155394801
화이트,서울특별시 강남구 도산대로 149 (신사동),1.0,127.02180253717924,37.51867576202844
멕시멈,"서울특별시 강남구 봉은사로 135 (논현동,지상1층)",1.0,127.02647335032337,37.50626377819684
오브제(objet),"서울특별시 강남구 봉은사로 437 (삼성동,지하1층)",1.0,127.04471755963779,37.511720693211196
연구소,"서울특별시 강남구 언주로 531 (역삼동,지하2층)",1.0,127.03805498824916,37.5055851841781
디저트,"서울특별시 강남구 논현로 645, 엘리에나호텔 B1층~B2층 (논현동)",1.0,127.02809809667433,37.510913248378
풍경,"서울특별시 강남구 테헤란로4길 38-5, 지하1층 (역삼동)",1.0,127.02726133327444,37.49571879558689
멜로디,서울특별시 강남구 학동로50길 7 (논현동),1.0,127.03717134443175,37.516257871913304
블렌딩,"서울특별시 강남구 테헤란로 111 (역삼동,지하 1층)",1.0,127.02637807626924,37.49889380495775
브라보,서울특별시 강남구 선릉로93길 29 (역삼동),1.0,127.04347983993259,37.50450225601624
피아노,서울특별시 강동구 천호대로175길 58 (길동),1.0,127.13483220431601,37.537223954220195
청춘포차 라이브,"서울특별시 강동구 구천면로24길 28, 지1층 (천호동)",1.0,127.12274030650966,37.5394888158413
대왕노래궁,"서울특별시 강동구 구천면로24길 11, 지하1층 (천호동)",1.0,127.12327804933314,37.54017579159654
룰루,"서울특별시 강동구 천호대로175길 58, 석탄공회관 (길동)",1.0,127.13483220431601,37.537223954220195
골든벨 라이브,"서울특별시 강동구 천호대로 1135, 2층 206호 (길동)",1.0,127.13492713757392,37.53470866900233
엠(M)클럽,"서울특별시 강서구 강서로 33, 지하1층 (화곡동, 1동)",1.0,126.84414802728043,37.530730655012306
카라 노래,"서울특별시 강서구 강서로7길 27, 지하 1층 (화곡동, 1동)",1.0,126.84334078623208,37.52941418694682
우주,"서울특별시 강서구 공항대로46길 90, 덕영빌딩 지하 2~지하 1중층 (화곡동)",1.0,126.84786728551013,37.55236711322123
큐브,"서울특별시 강서구 마곡중앙6로 89, 지하 1층 101호 (마곡동, 가양 1동 뉴골든타워)",1.0,126.83440213559119,37.5601844171637
벙커,"서울특별시 강서구 마곡중앙6로 89, 지하 1층 102호 (마곡동, 가양 1동 뉴골든타워)",1.0,126.83440213559119,37.5601844171637
대박노래클럽,"서울특별시 강서구 마곡중앙6로 89, 지하 1층 102-1호 (마곡동, 가양 1동 뉴골든타워)",1.0,126.83440213559119,37.5601844171637
퍼스트,"서울특별시 강서구 마곡중앙6로 89, 뉴골든타워 6층 601-1호 (마곡동)",1.0,126.83440213559119,37.5601844171637
클래스,"서울특별시 강서구 마곡중앙6로 89, 6층 601호 (마곡동, 가양 1동 뉴골든타워)",1.0,126.83440213559119,37.5601844171637
신세계 노래빠,"서울특별시 강서구 마곡중앙6로 89, 뉴골든타워 6층 604호 (마곡동)",1.0,126.83440213559119,37.5601844171637
선물,"서울특별시 강서구 마곡중앙6로 89, 6층 603호 (마곡동, 가양 1동 뉴골든타워)",1.0,126.83440213559119,37.5601844171637
아지트,"서울특별시 강서구 마곡중앙6로 89, 6층 603-1호 (마곡동, 가양 1동 뉴골든타워)",1.0,126.83440213559119,37.5601844171637
아우라,"서울특별시 강서구 마곡중앙6로 89, 뉴골든타워 6층 602호 (마곡동)",1.0,126.83440213559119,37.5601844171637
젠틀맨,"서울특별시 강서구 마곡중앙6로 89, 뉴골든타워 6층 602-1호 (마곡동)",1.0,126.83440213559119,37.5601844171637
상한가 노래주점,"서울특별시 강서구 마곡중앙6로 89, 뉴골든타워 7층 704호 (마곡동)",1.0,126.83440213559119,37.5601844171637
달려라토끼,"서울특별시 강서구 마곡중앙6로 89, 뉴골든타워 7층 703호 (마곡동)",1.0,126.83440213559119,37.5601844171637
놀이터,"서울특별시 강서구 마곡중앙6로 89, 뉴골든타워 7층 703-1호 (마곡동)",1.0,126.83440213559119,37.5601844171637
초콜릿,서울특별시 동작구 여의대방로24길 121 (대방동),1.0,126.92395133324648,37.49936950622835
리얼 술마시는 노래방송국,서울특별시 동작구 노량진로 106-3 (노량진동),1.0,126.93487873681273,37.51305153268019
세시봉7080,"서울특별시 동작구 노량진로 86-1, 지하층 (노량진동)",1.0,126.93260184809752,37.51299973817777
바이칼,서울특별시 동작구 동작대로 101 (사당동),1.0,126.97877730428307,37.48566702303607
벤츠,서울특별시 동작구 동작대로27가길 31 (사당동),1.0,126.97830270481643,37.48615659496669
파파코(PAPACO),"서울특별시 동작구 상도로 179 (상도동, 지하1층)",1.0,126.93544611208827,37.50473406581471
케이,"서울특별시 동작구 동작대로 55, 삼산빌딩 지하1층 (사당동)",1.0,126.9786201071105,37.48138091352405
시바스,서울특별시 동작구 노량진로8길 33 (노량진동),1.0,126.9343282219329,37.51264687375664
워커힐,서울특별시 동작구 동작대로27가길 46-3 (사당동),1.0,126.97793309374742,37.485440447615254
고래,"서울특별시 동작구 노량진로 125, 2층,3층 (노량진동)",1.0,126.93720683443607,37.51373960144194
놀자,"서울특별시 동작구 동작대로27가길 46-5, 지하1층 (사당동)",1.0,126.97779184793683,37.485462102137376
보물섬,"서울특별시 관악구 신림로 387, 지하1층 (신림동)",1.0,126.92516257448295,37.48864298872555
준코뮤직타운 사당1호점,"서울특별시 관악구 과천대로 941, 지하1층 (남현동)",1.0,126.97844199041641,37.47466920933543
별밤가요주점,서울특별시 관악구 중앙1가길 1 (봉천동),1.0,126.95083319319326,37.48343200599442
풀잎,"서울특별시 관악구 봉천로 482, 지하1층 (봉천동)",1.0,126.95050796164365,37.48171034281051
램프,"서울특별시 관악구 신림로 391 (신림동,지하1층)",1.0,126.92493858410077,37.48905110835869
열창노래밤,"서울특별시 관악구 남부순환로 1387 (신림동,지하1층)",1.0,126.90197512518955,37.48032731521721
플라워노래빠,서울특별시 관악구 남부순환로 1881 (봉천동),1.0,126.9558172995343,37.47928333541782
엠 레클리,서울특별시 강남구 테헤란로29길 5 (역삼동),1.0,127.03583589871573,37.50195497397949
베를린,"서울특별시 강남구 도산대로 455, 지하1층 (청담동)",1.0,127.0434901507091,37.524462251395164
루트블랙(Route Black),서울특별시 강남구 언주로 647 (논현동),1.0,127.03199397201354,37.514322267886676
블루문,서울특별시 강남구 테헤란로77길 6 (삼성동),1.0,127.0520297495758,37.5068987204904
청담동,"서울특별시 강남구 언주로 709 (논현동,송암빌딩)",1.0,127.03192468174318,37.51671379993015
엘리트(ELITE),"서울특별시 강남구 테헤란로70길 16 (대치동,지하1층)",1.0,127.05045863828998,37.504391345366585
다람지(DARAMZEE),서울특별시 강남구 봉은사로 411 (삼성동),1.0,127.04209320127723,37.51094626794393
홈구장,"서울특별시 강남구 언주로 709 (논현동,지하1층)",1.0,127.03192468174318,37.51671379993015
플러스82(PLUS82),"서울특별시 강남구 도산대로 539, 지하1층 (청담동)",1.0,127.04973502887293,37.525155875783234
릿지(ritzy),"서울특별시 강남구 봉은사로 204, 지하1,2층 (역삼동)",1.0,127.03157547976708,37.50718890694166
트리니티,"서울특별시 강남구 언주로 556, 지하1층 (역삼동)",1.0,127.03722467668965,37.507609548903375
퀄리티,"서울특별시 강남구 도산대로 217 (신사동,지하1층)",1.0,127.02765824752773,37.52083764516956
잼코노래타운 강남점,서울특별시 강남구 강남대로78길 18 (역삼동),1.0,127.02800251226054,37.49502274470837
베이직,"서울특별시 강남구 봉은사로 135 (논현동,지상2층)",1.0,127.02647335032337,37.50626377819684
메이드,"서울특별시 강남구 테헤란로 115 (역삼동,지하1층)",1.0,127.02699689170045,37.49907629665474
어나더,"서울특별시 강남구 강남대로 354 (역삼동,지하1층)",1.0,127.02683553040268,37.494649785102574
크리드 CREED,서울특별시 강남구 선릉로93길 17 (역삼동),1.0,127.04421601881305,37.50494671493169
라라(LaLa),"서울특별시 강남구 선릉로100길 56 (삼성동,지하2층)",1.0,127.04900154252964,37.50669078263912
루루(LULU),"서울특별시 강남구 선릉로100길 56 (삼성동,지하1층)",1.0,127.04900154252964,37.50669078263912
라이언,"서울특별시 강남구 테헤란로69길 16, 지하1층 (삼성동)",1.0,127.04971029822434,37.50694160072927
버닝,"서울특별시 강서구 마곡중앙6로 89, 뉴골든타워 5층 502호 (마곡동)",1.0,126.83440213559119,37.5601844171637
유앤미,"서울특별시 강서구 마곡중앙6로 89, 뉴골든타워 5층 502-1호 (마곡동)",1.0,126.83440213559119,37.5601844171637
파티,"서울특별시 강서구 마곡중앙6로 89, 뉴골든타워 8층 802호 (마곡동)",1.0,126.83440213559119,37.5601844171637
블랙노래빠,"서울특별시 강서구 마곡중앙6로 89, 뉴골든타워 8층 804호 (마곡동)",1.0,126.83440213559119,37.5601844171637
홀릭,"서울특별시 강서구 마곡중앙6로 89, 뉴골든타워 8층 802-1호 (마곡동)",1.0,126.83440213559119,37.5601844171637
라이브노래빵,"서울특별시 강서구 마곡중앙6로 89, 뉴골든타워 5층 503호 (마곡동)",1.0,126.83440213559119,37.5601844171637
퍼펙트 가라오케,"서울특별시 강서구 마곡중앙6로 89, 뉴골든타워 5층 503-1호 (마곡동)",1.0,126.83440213559119,37.5601844171637
두바이,"서울특별시 강서구 마곡중앙6로 89, 뉴골든타워 7층 701호 (마곡동)",1.0,126.83440213559119,37.5601844171637
춘자클럽,"서울특별시 강서구 마곡중앙6로 89, 뉴골든타워 7층 702A호 (마곡동)",1.0,126.83440213559119,37.5601844171637
발리 룸,"서울특별시 강서구 마곡중앙6로 89, 뉴골든타워 7층 702호 (마곡동)",1.0,126.83440213559119,37.5601844171637
캐스팅,"서울특별시 강서구 마곡중앙6로 89, 뉴골든타워 8층 803호 (마곡동)",1.0,126.83440213559119,37.5601844171637
소풍노래타운,"서울특별시 강서구 마곡중앙6로 89, 뉴골든타워 8층 803-1호 (마곡동)",1.0,126.83440213559119,37.5601844171637
허브노래바,"서울특별시 강서구 강서로7길 85, 지하1층 (화곡동)",1.0,126.84010486126137,37.529109425006205
텐션,"서울특별시 강서구 마곡중앙6로 89, 뉴골든타워 5층 501호 (마곡동)",1.0,126.83440213559119,37.5601844171637
황진이,"서울특별시 강서구 마곡중앙6로 89, 뉴골든타워 5층 501-1호 (마곡동)",1.0,126.83440213559119,37.5601844171637
뉴코뮤직타운 마곡점,"서울특별시 강서구 마곡중앙6로 89, 뉴골든타워 지하 1층 104호 (마곡동)",1.0,126.83440213559119,37.5601844171637
루비,"서울특별시 강서구 강서로7길 67, 지하 1층 (화곡동)",1.0,126.84110265748228,37.52919710678114
백악관 스텐드바 아카데미,"서울특별시 관악구 남부순환로 1377 (신림동,지하1층)",1.0,126.90093836213403,37.480178575707086
텐프로,서울특별시 관악구 신림로 322-1 (신림동),1.0,126.92721233259421,37.48316773922617
DJ(디제이)노래바,"서울특별시 관악구 난곡로 302, 지하1층 (신림동)",1.0,126.91201669602948,37.48101549209275
B1노래빠,"서울특별시 관악구 신림로70길 6, 지하1층 (신림동)",1.0,126.92639305228491,37.48753797594049
준코뮤직타운 신림2호점,서울특별시 관악구 신림로59길 14 (신림동),1.0,126.9258827480347,37.48329537165053
프랑스스텐드바,서울특별시 관악구 남부순환로 1597 (신림동),1.0,126.92498281061856,37.48429575267096
올리브,"서울특별시 관악구 신림로 365, 지하1층 (신림동)",1.0,126.9259580344757,37.486843357963856
탈렌트,서울특별시 관악구 봉천로12길 42 (신림동),1.0,126.92686746016581,37.486775920472546
굿데이 라이브,"서울특별시 관악구 남부순환로 2082-29, 지하1층 (남현동)",1.0,126.97772787840992,37.47611938077458
플러팅,서울특별시 관악구 봉천로12길 49 (신림동),1.0,126.92728913442495,37.48645831504804
천사노래밤,서울특별시 관악구 신림로 369 (신림동),1.0,126.92576756467527,37.487222451691395
코코,"서울특별시 관악구 남현1길 68-10, 지층 (남현동)",1.0,126.97820171372597,37.47540973204911
하와이,서울특별시 관악구 남현1길 68-18 (남현동),1.0,126.97827443669253,37.47500758367583
황제 노래빠,"서울특별시 관악구 난곡로66길 8 (신림동,지하1층)",1.0,126.91201741556682,37.482440037103174
킹노래빠,서울특별시 관악구 남부순환로 1481 (신림동),1.0,126.91221580901365,37.48226309940158
남현 JMC(제이엠씨),"서울특별시 관악구 남현1길 58, 지하2층 (남현동)",1.0,126.97765286404037,37.47570432773615
1.2.3.노래노래,"서울특별시 관악구 남부순환로 1471 (신림동,지하1층)",1.0,126.91132192376686,37.48208590175036
찬스노래빠유흥주점,서울특별시 관악구 신림로67길 6 (신림동),1.0,126.9259437420583,37.486258814632755
뉴스타,"서울특별시 관악구 신림로67길 14 (신림동,지하1층)",1.0,126.92564629235399,37.48615340133524
노아(Noa),"서울특별시 강남구 테헤란로4길 15, 지하1층 (역삼동)",1.0,127.0273421571233,37.497394654916434
루트,"서울특별시 강남구 강남대로 320 (역삼동,지하1층)",1.0,127.02806232728491,37.49189058773406
다빈치,"서울특별시 강남구 언주로98길 28 (역삼동,지하1층)",1.0,127.04124290515185,37.50462056580804
캐슬(Castle),"서울특별시 강남구 선릉로92길 6, 지상7층 (삼성동)",1.0,127.04624771135671,37.50522680123615
익스프레스(EXPRESS),"서울특별시 강남구 선릉로92길 6 (삼성동,지상4,5,6층)",1.0,127.04624771135671,37.50522680123615
대행사 탬버린(tambourin),"서울특별시 강남구 테헤란로37길 13-13, 지하1,2층 (역삼동)",1.0,127.03685605870153,37.50269899839296
더크리드 CREED,"서울특별시 강남구 테헤란로33길 11 (역삼동,지하1층)",1.0,127.03632868202493,37.5024867148368
좋은날,"서울특별시 강남구 테헤란로29길 6 (역삼동,지하1층, 지상1,2,3,4층)",1.0,127.03608418034719,37.50203637803843
오렌지,"서울특별시 강남구 테헤란로27길 10, 지상1,2,3,층 (역삼동)",1.0,127.03546888794423,37.50220401396916
"도파민 4,5,6","서울특별시 강남구 선릉로92길 38 (삼성동,지상 4,5,6층)",1.0,127.04893939101366,37.50604356941608
"도파민 7,8","서울특별시 강남구 선릉로92길 38 (삼성동,7~8층)",1.0,127.04893939101366,37.50604356941608
멀리건2,"서울특별시 강남구 언주로 640 (논현동,지하1층)",1.0,127.0329858924233,37.513985645525686
청담나이트클럽,"서울특별시 강남구 영동대로 737 (청담동,신관 지하1층)",1.0,127.0512338770348,37.52389372290785
세븐(SEVEN),"서울특별시 강남구 언주로87길 48 (역삼동,지상 3~5층)",1.0,127.03645212141454,37.50076273274934
나비,"서울특별시 강남구 테헤란로77길 11-10 (삼성동,지하1층)",1.0,127.05072897328834,37.50707950658695
유니콘2,"서울특별시 강남구 테헤란로68길 13 (대치동,지하1,2층)",1.0,127.0496916254887,37.50448977242584
유니콘1,"서울특별시 강남구 테헤란로68길 11 (대치동,지하1층, 지하2층)",1.0,127.04963539074531,37.50460359669884
소나무,"서울특별시 강남구 봉은사로 230, 지하1층 (역삼동, 봉암빌딩)",1.0,127.03463424853362,37.50810966856437
블랙홀,"서울특별시 강남구 강남대로 320 (역삼동,지하2층)",1.0,127.02806232728491,37.49189058773406
마블 가라오케,"서울특별시 강서구 마곡중앙6로 89, 뉴골든타워 5층 504호 (마곡동)",1.0,126.83440213559119,37.5601844171637
텐프로 노래바,"서울특별시 강서구 곰달래로16길 32, 4층 (화곡동)",1.0,126.83729170003103,37.52870009018581
빅토리 노래바,"서울특별시 강서구 곰달래로16길 32, 3층 (화곡동)",1.0,126.83729170003103,37.52870009018581
궁전노래바,"서울특별시 강서구 곰달래로16길 32, 2층 (화곡동)",1.0,126.83729170003103,37.52870009018581
두바이노래바,"서울특별시 강서구 곰달래로16길 32, 지하 1층 (화곡동)",1.0,126.83729170003103,37.52870009018581
도도(DODO),"서울특별시 강서구 강서로7길 35, 시온빌딩 4층 401호 (화곡동)",1.0,126.8429251603271,37.52935777876925
나인노래바,"서울특별시 강서구 강서로7길 35, 시온빌딩 3층 301호 (화곡동)",1.0,126.8429251603271,37.52935777876925
스타노래바,"서울특별시 강서구 강서로7길 35, 시온빌딩 2층 201호 (화곡동)",1.0,126.8429251603271,37.52935777876925
로마노래바,"서울특별시 강서구 강서로7길 35, 시온빌딩 지하1층 (화곡동)",1.0,126.8429251603271,37.52935777876925
MBC노래바,"서울특별시 강서구 강서로7길 35, 시온빌딩 5층 501호 (화곡동)",1.0,126.8429251603271,37.52935777876925
휴노래바,"서울특별시 강서구 강서로7길 19, 2층 (화곡동)",1.0,126.84381807199563,37.5294724242692
썸노래바,"서울특별시 강서구 곰달래로16길 26, 골든빌딩 2층 (화곡동)",1.0,126.83724362794486,37.528999294177744
제우스노래바,"서울특별시 강서구 곰달래로16길 26, 골든빌딩 3층 (화곡동)",1.0,126.83724362794486,37.528999294177744
콜미노래타운,"서울특별시 강서구 곰달래로16길 26, 골든빌딩 4층 (화곡동)",1.0,126.83724362794486,37.528999294177744
티파니노래바,"서울특별시 강서구 강서로7길 23, 네스트인 지하 1층 01호 (화곡동)",1.0,126.84352436044675,37.529417010081794
궁전노래빠,"서울특별시 구로구 경인로 196 (오류동, 성진빌딩 지하)",1.0,126.84003896728828,37.49536887390446
귀빈노래팡,서울특별시 중구 퇴계로 226 (필동2가),1.0,126.99396594605366,37.56162820479633
요꼬하마비지니스,서울특별시 중구 남대문로1길 26-13 (북창동),1.0,126.97518543762574,37.562348264129994
슈가,서울특별시 중구 마른내로 125 (오장동),1.0,126.99898843140103,37.56471699496786
뉴스타,서울특별시 종로구 율곡로 232 (충신동),1.0,127.00146032089398,37.575705515999836
비너스클럽,,1.0,,
황제,,1.0,,
라이브노래주점,서울특별시 중구 수표로 51 (저동2가),1.0,,
오렌지 노래클럽,서울특별시 중구 수표로2길 29 (충무로3가),1.0,126.98924326621407,37.56229696820756
킹카노래주점,서울특별시 중구 다동길 17 (다동),1.0,126.97742425435307,37.56789915487762
차차차노래터,서울특별시 중구 마른내로 124 (오장동),1.0,126.99889195665192,37.56442450306378
직장인 놀이터,"서울특별시 중구 을지로1길 15 (을지로1가,(4층))",1.0,126.97683656774315,37.566793884043136
맨하탄노래클럽,"서울특별시 영등포구 양평로 77 (양평동4가, 지하1층)",1.0,126.89535962116987,37.53543215802411
썸&썸,"서울특별시 구로구 경인로20가길 5 (오류동, 지하1층)",1.0,126.84122235759533,37.49545964659279
노블레스,"서울특별시 종로구 종로 253-1, 지상2층 (종로5가)",1.0,127.00315024010783,37.57137493198681
마블,"서울특별시 종로구 종로 253-1, 1층 (종로5가)",1.0,127.00315024010783,37.57137493198681
와우노래팡,"서울특별시 종로구 종로31길 22, 지하1층 (연지동)",1.0,126.99692133864913,37.571923721540166
팡팡노래짱,"서울특별시 중구 마른내로 58-1 (인현동1가,(지하1층))",1.0,126.99145104493897,37.5641515093904
신세계,"서울특별시 중구 충무로2길 27, 지하1층 (충무로4가)",1.0,126.99182602975885,37.56253151508401
터미널관광나이트,"서울특별시 영등포구 영중로8길 6 (영등포동3가, 지하1~2층)",1.0,126.90344919930455,37.51830534986536
여명,서울특별시 영등포구 여의대방로 383 (여의도동),1.0,126.92856623417192,37.51937874492577
퀸,서울특별시 중구 명동길 89-2 (저동1가),1.0,,
헐리우드,"서울특별시 중구 세종대로 66-11, 3층,4층 (북창동)",1.0,126.9742585144878,37.56221314439068
비 더블유(B.W),"서울특별시 중구 다동길 33, 지하1층 (다동)",1.0,126.97825669912855,37.56800581385311
오페라노래팡주점,"서울특별시 중구 퇴계로 38 (남창동,지하1층)",1.0,126.97428742906733,37.55753219682264
갈채,"서울특별시 중구 충무로 47, 지하1층 (을지로3가)",1.0,126.98962984528897,37.56546752494603
귀빈,서울특별시 중구 청계천로 106 (수표동),1.0,,
Bugs,서울특별시 중구 서소문로 128-3 (서소문동),1.0,126.97266821564543,37.56331021869152
파니노래팡,"서울특별시 중구 남대문로5길 47, 지하1층 (북창동)",1.0,126.97576655069446,37.56340772865388
놀이터,"서울특별시 중구 세종대로14길 6-3 (북창동,지상 2~3층)",1.0,126.97425494874625,37.56278027034789
뉴리멤버,서울특별시 중구 퇴계로37길 22 (충무로4가),1.0,126.99082337211613,37.56219323995809
장미,서울특별시 중구 퇴계로83길 22-10 (황학동),1.0,127.01609652788197,37.566565519847664
못잊어,,1.0,127.01789930658242,37.566281109967875
충무노래크럽,,1.0,126.98899370928265,37.5615709113508
별궁노래바,서울특별시 구로구 경인로 198 (오류동),1.0,126.84023338333887,37.495490351190725
궁전,"서울특별시 중구 충무로7길 19 (을지로3가,(지하1층))",1.0,126.98865987968848,37.56567113272912
체스,서울특별시 중구 무교로 17-25 (태평로1가),1.0,126.97566118218552,37.56742858136688
또또와,서울특별시 중구 수표로 43 (저동2가),1.0,126.9868714987011,37.56505398215535
국민 노래밤,서울특별시 중구 서소문로 136 (태평로2가),1.0,126.97323561514294,37.56351659821426
궁,서울특별시 중구 퇴계로 386-1 (신당동),1.0,127.01152687883406,37.56495850377296
킹카,서울특별시 중구 수표로 52-1 (을지로3가),1.0,126.98710126649782,37.565869102131515
샤넬노래밤,서울특별시 중구 을지로20길 10-4 (을지로4가),1.0,126.99224320480617,37.56606639913844
퇴근길,"서울특별시 중구 청파로 437-1 (중림동,지하1층)",1.0,126.9661269290086,37.55868059804222
모델비지니스클럽,서울특별시 중구 충무로2길 20 (충무로4가),1.0,126.9913399397885,37.5623808694707
돔보,서울특별시 중구 삼일대로4길 14 (충무로2가),1.0,126.98710933778318,37.5618723238323
여우노래바,"서울특별시 금천구 독산로 364 (독산동,지하1층   (독산동길 3))",1.0,126.9012004452626,37.4793484530659
써니,"서울특별시 중구 수표로2길 7 (충무로3가,(지하1층))",1.0,126.98802311903879,37.56220260439135
황제노래,"서울특별시 중구 남대문시장길 73-3 (회현동1가,(지하1층))",1.0,126.97709768233588,37.560992434338424
꽃노래,"서울특별시 중구 마른내로6길 37, 2층 (충무로4가)",1.0,126.99240719544451,37.562499218478024
블링블링2,"서울특별시 중구 남대문로1길 36 (북창동,(2층))",1.0,126.97458955884451,37.56271844714476
환영노래터,"서울특별시 중구 을지로40길 18 (광희동1가,(지하1층))",1.0,127.00134826027542,37.5659669129799
성동차차차,서울특별시 중구 퇴계로 417 (흥인동),1.0,127.01491968446254,37.56590821348665
오렌지노래방주점,"서울특별시 중구 남대문로9길 12 (다동,지하1층)",1.0,126.97887075583185,37.56688494892065
천지호텔나이트캬바레,서울특별시 중구 을지로38길 20 (을지로5가),1.0,127.00045574140864,37.565884296057796
텐텐 노래타운 (TEN TEN),"서울특별시 종로구 새문안로 87 (신문로1가,지하1층)",1.0,126.97136692040608,37.57041957068098
벤틀리,서울특별시 종로구 종로41길 20 (종로6가),1.0,127.0038967936102,37.57221825339178
왕과비노래클럽,"서울특별시 종로구 통일로 156-1 (교남동,지하1층)",1.0,126.96180141382415,37.56819453865006
킹,서울특별시 종로구 종로40가길 28 (종로5가),1.0,127.00228464984136,37.57043894484131
발리,"서울특별시 종로구 종로66길 15 (숭인동,지하1층)",1.0,127.01912591138348,37.57413724598617
여우비,"서울특별시 종로구 돈화문로5가길 19 (돈의동,지하1층)",1.0,126.98855209455104,37.571645844292966
멤피스,"서울특별시 동대문구 장한로 92, 7층 (장안동)",1.0,127.06701631989331,37.56887562886189
팝콘,서울특별시 영등포구 영중로8길 17 (영등포동3가),1.0,126.90465066359707,37.51838537482095
스카이노래,"서울특별시 중구 마른내로 155-1 (광희동1가,(지하1층))",1.0,127.00255576978654,37.56485962846775
돌풍,서울특별시 강동구 양재대로109길 7 (길동),1.0,127.13581976401136,37.535947894866595
여우(FOX),서울특별시 동작구 상도로 105 (상도동),1.0,126.92906994952676,37.50076861734841
야화7080,"서울특별시 강동구 천호대로 1135 (길동,3층302호)",1.0,127.13492713757392,37.53470866900233
궁노래짱,"서울특별시 중구 창경궁로8길 2-1 (주교동, 2층)",1.0,126.9953902210779,37.56842025251579
주식회사 클럽밤사,"서울특별시 강서구 화곡로 330, 지하 1층 (화곡동, 6동 삼보프라자)",1.0,126.84829379832227,37.553252933566235
K2,서울특별시 동작구 동작대로 103 (사당동),1.0,126.97882718424692,37.48579659809764
갈무리라이브,"서울특별시 은평구 통일로 722 (불광동,(2층))",1.0,126.92763230649408,37.61017133380694
여우,서울특별시 관악구 신림로 387 (신림동),1.0,126.92516257448295,37.48864298872555
올레노래밤,"서울특별시 은평구 통일로 720 (불광동,(지하1층))",1.0,126.92770492499733,37.610086968848165
대박노래밤,서울특별시 은평구 통일로 718 (불광동),1.0,126.92777781328004,37.61000279529315
토마토 노래팡,"서울특별시 은평구 통일로 714 (불광동, 지층)",1.0,126.92799346928138,37.60975481828049
파티노래밤,"서울특별시 은평구 통일로 697 (녹번동,지하1층)",1.0,126.928851414817,37.60808984410171
킹노래팡,서울특별시 은평구 진흥로 167 (대조동),1.0,126.9253966707199,37.60882562752621
논개,서울특별시 관악구 신림로 381 (신림동),1.0,126.92534735683466,37.48816919372526
New 올리브,"서울특별시 관악구 신림로 365, 지하1층 (신림동)",1.0,126.9259580344757,37.486843357963856
플랙스(FLEX),"서울특별시 관악구 남부순환로 1594-1, 지하1층 (신림동)",1.0,126.92496811265414,37.48378198211278
유정노래광장,"서울특별시 관악구 난곡로65길 2 (신림동,지상2층)",1.0,126.91110606388014,37.48251555480137
파파,"서울특별시 관악구 남현1길 68-10, 지하1층 (남현동)",1.0,126.97820171372597,37.47540973204911
#(샵),"서울특별시 관악구 신림로 329 (신림동,지상3층)",1.0,126.92653267181423,37.483657960059745
초이스,"서울특별시 관악구 신림로 365, 2층호 (신림동)",1.0,126.9259580344757,37.486843357963856
엔에스,서울특별시 중구 남대문로1길 26 (북창동),1.0,126.97464822219204,37.562200334988134
황제노래터유흥주점,서울특별시 중구 남대문로 16 (남대문로4가),1.0,126.9746436092267,37.56070878330166
도레미노래광장,서울특별시 중구 퇴계로41길 13 (충무로4가),1.0,126.99271267521395,37.562415762505594
머무는곳,"서울특별시 중구 충무로2길 34-1 (충무로4가,외1(지상2층))",1.0,126.99211630698333,37.56224133415655
퇴근길노래주점짱,서울특별시 중구 을지로14길 27 (초동),1.0,126.98938230060699,37.565033338157534
아이비노래클럽,"서울특별시 중구 난계로11길 6 (황학동,지상 2층)",1.0,127.02028736509442,37.5659457758769
킹덤노래타운,"서울특별시 중구 퇴계로 423-2 (황학동, 지하1층)",1.0,127.01602820586513,37.56586027040426
쌕쌕,서울특별시 동작구 동작대로 39 (사당동),1.0,126.97860296927736,37.47994632023922
앵콜,서울특별시 중구 을지로44길 19 (광희동1가),1.0,127.00369586453243,37.56518258536844
라플린,"서울특별시 중구 퇴계로 398 (무학동, 지하1층)",1.0,127.01289950635255,37.565045130790516
명성노래짱,"서울특별시 중구 퇴계로 439-4 (황학동,지하1층)",1.0,127.01798924204631,37.565932355479966
와 노래클럽,"서울특별시 중구 충무로2길 29 (충무로4가,지하1층)",1.0,126.99202796279704,37.56252583339012
벤츠,"서울특별시 중구 다동길 33, 4층 (다동)",1.0,126.97825669912855,37.56800581385311
달맞이 노래바,,1.0,,
킹,"서울특별시 강서구 마곡중앙6로 89, 지하 1층 103호 (마곡동, 가양 1동 뉴골든타워)",1.0,126.83440213559119,37.5601844171637
포지션,"서울특별시 중구 퇴계로 213, 지하1층 (충무로4가)",1.0,126.99260194813922,37.561883152628695
빌리언(Billion),"서울특별시 종로구 종로39길 31, 동광빌딩 2층 (효제동)",1.0,127.00227870174017,37.57213406274969
썸,"서울특별시 중구 수표로 20-1 (충무로3가,지하1층)",1.0,126.98759944055433,37.563045220947515
여명주점,"서울특별시 중구 마른내로 163 (광희동1가,2층)",1.0,127.00329971443477,37.56466795699474
바니,"서울특별시 중구 충무로2길 41, 2층 (충무로4가)",1.0,126.99256109595628,37.562453513723476
토마토,"서울특별시 중구 서소문로 128-3 (서소문동,(3층))",1.0,126.97266821564543,37.56331021869152
은하노래광장주점,"서울특별시 중구 퇴계로87길 15-12 (황학동,(2층))",1.0,127.01762313839538,37.56625343668872
벅스,,1.0,126.9916496511373,37.56253113067977
18번가 가요리믹스,"서울특별시 종로구 삼일대로17길 39, 지하 1층 (관철동)",1.0,126.98245482987114,37.56891069751275
오렌지바,서울특별시 종로구 종로 65 (종로2가),1.0,126.98174305966566,37.57048814751726
홍콩가,"서울특별시 종로구 수표로 121-1 (낙원동,지하1층)",1.0,126.98589427624285,37.572069146523695
화화,"서울특별시 종로구 수표로22길 2 (낙원동,(지하1층))",1.0,126.98665561731836,37.57106169757282
샤갈노래주점,서울특별시 종로구 지봉로 18 (숭인동),1.0,127.01309199077639,37.57172127795168
폭스,"서울특별시 종로구 우정국로2길 43 (관철동,(지상3층))",1.0,126.98262933370242,37.5696695901782
지중해,"서울특별시 종로구 난계로29길 43 (숭인동,(지하1층))",1.0,127.01803268792689,37.57382383845699
자몽,서울특별시 종로구 종로36가길 6 (종로5가),1.0,127.00128688922248,37.5706015782834
폭스노래주점,"서울특별시 종로구 종로38길 6 (종로5가,지상2층)",1.0,127.00203020981667,37.570600080419965
퀸,서울특별시 종로구 삼일대로 390-10 (관철동),1.0,126.98554033935649,37.569368032481165
황궁,"서울특별시 종로구 수표로 83, 1층 (관수동)",1.0,126.98647675486642,37.56873945451342
세바퀴,서울특별시 종로구 북촌로 2 (재동),1.0,126.9832882708236,37.57725702568381
호박,서울특별시 종로구 종로38길 6 (종로5가),1.0,127.00203020981667,37.570600080419965
땡비,서울특별시 종로구 종로39길 6 (종로6가),1.0,127.00353015313789,37.57146200529493
충무,"서울특별시 중구 충무로2길 32-6 (충무로4가,지상2층)",1.0,126.99184300128151,37.562176220160666
비타민노래터,"서울특별시 중구 을지로 211 (을지로5가,지하1층)",1.0,126.99870844301645,37.56706095068695
한강노래터,"서울특별시 중구 을지로12길 10 (을지로3가,지하1층)",1.0,126.9882078943978,37.565864816769555
은하수,"서울특별시 중구 을지로20길 16 (인현동1가,지하1층)",1.0,126.99232309781922,37.56567826315096
딜라이트,"서울특별시 중구 을지로42길 11 (광희동1가,지하1층)",1.0,127.00297970652736,37.56570766882265
보물섬,,1.0,,
별빛,"서울특별시 중구 충무로 26-1 (초동,지상2층)",1.0,126.99025808788521,37.56353904839531
쇼킹노래바,서울특별시 마포구 동교로 176 (동교동),1.0,126.91871562219207,37.556237633670285
별궁노래바,"서울특별시 강서구 강서로5나길 16, 지하 1층 (화곡동)",1.0,126.84454954310856,37.528743192798146
대명,"서울특별시 강서구 화곡로50길 5, 지하 1층 (화곡동, 6동)",1.0,126.84546093751443,37.54976189089305
까치노래바,"서울특별시 강서구 강서로 35, 지하 1층 (화곡동)",1.0,126.84398107959332,37.53102101003675
텐프로,"서울특별시 강서구 공항대로46길 78, 지하 1층 (화곡동, 6동)",1.0,126.84821556511073,37.55277192379962
情(정),"서울특별시 강서구 화곡로 313, 지하 1층 (화곡동, 6동)",1.0,126.84683075973086,37.55233109000804
첼시노래바,"서울특별시 강서구 우장산로16길 19, 지하 1층 (화곡동, 6동)",1.0,126.84659364123021,37.55232771291041
피플노래바,"서울특별시 강서구 화곡로 319, 지하 1층 (화곡동, 6동)",1.0,126.84717366040537,37.55269918273026
콘서트,서울특별시 종로구 대학로2길 52 (종로5가),1.0,127.00200932279385,37.57132557690093
즐거운노래바,"서울특별시 은평구 연서로27길 8-6, 2층 (갈현동)",1.0,126.9160668956846,37.61795170159609
야호,"서울특별시 종로구 종로3길 32 (청진동,지하1층)",1.0,126.97658710879574,37.57173840665528
킴스노래주점,"서울특별시 종로구 세검정로 418 (평창동,동화킴스관광호텔 지하1층)",1.0,126.9722271619787,37.609449262493804
파티파티,"서울특별시 종로구 동호로 402 (종로5가,지상2층)",1.0,126.9994587375155,37.57023870859225
종로노래주점,서울특별시 종로구 돈화문로 16 (장사동),1.0,126.9895388102749,37.56986433877725
상상,"서울특별시 종로구 종로39길 10-1 (종로6가,(지상3층))",1.0,127.00341357229541,37.571728361796964
루비주점,"서울특별시 종로구 대학로2길 25-2 (효제동,,236번지 (지하1층))",1.0,127.00064962478665,37.57169912584802
마산댁,"서울특별시 종로구 종로36가길 8-1 (종로5가,(지상1~2층))",1.0,127.001437773619,37.570599662663035
휘,서울특별시 중구 충무로 21-3 (충무로3가),1.0,126.98977420467585,37.56306895980288
쌍쌍파티,"서울특별시 중구 퇴계로78길 6 (신당동, 1층)",1.0,127.01385202959422,37.56507129201025
재희,서울특별시 중구 동호로 386 (방산동),1.0,126.99947694216375,37.568885390941816
스타,서울특별시 중구 을지로14길 13 (을지로3가),1.0,126.98930445132011,37.565747132619165
그린노래터,"서울특별시 중구 을지로33길 33, 지하1층 (을지로4가)",1.0,126.99587430545124,37.56720903508086
팡팡노래짱,서울특별시 중구 충무로2길 16 (충무로4가),1.0,126.99112853025241,37.562486163313174
스타타임,서울특별시 중구 퇴계로 423-6 (황학동),1.0,127.01584553559965,37.565934698643254
골드,"서울특별시 중구 삼일대로 299 (충무로2가, 지하1층)",1.0,126.98558156140744,37.56156833304015
슈엔씨,"서울특별시 성동구 왕십리로20길 8, 3층 (도선동)",1.0,127.03221572764393,37.562488173554264
맥심,서울특별시 중랑구 동일로 859 (묵동),1.0,127.07514704080286,37.60717056174417
탈랜트,서울특별시 종로구 종로39길 10-1 (종로6가),1.0,127.00341357229541,37.571728361796964
슈퍼스타,,1.0,126.9916496511373,37.56253113067977
던 힐,"서울특별시 마포구 서강로 144, 지2층 (노고산동)",1.0,126.93368908462756,37.554475397250314
썸노래짱,"서울특별시 중구 수표로6길 32 (충무로3가,(지상3층))",1.0,126.98918188056716,37.56275329357652
미소노래짱,"서울특별시 중구 장충단로 221 (광희동1가,지하1층)",1.0,127.00406214247698,37.56467316894213
에이스,"서울특별시 중구 충무로7길 6, 양지빌딩 지하 1층 (을지로3가)",1.0,126.98933766881619,37.565946427978936
오렌지 노래바,"서울특별시 강서구 강서로 245, 지하 1층 (화곡동, 3동)",1.0,126.83311761061607,37.54757704023095
담2,"서울특별시 마포구 마포대로 52 (도화동, 고려아카데미텔 지하 11~19호)",1.0,126.94484030156218,37.540342809988395
럭셔리 노래밤,"서울특별시 은평구 연서로 225 (갈현동,지층)",1.0,126.91709847100044,37.618641936144044
금수저 노래팡,"서울특별시 은평구 은평로 166 (응암동,(지층))",1.0,126.92325865155414,37.601110157487746
비트,서울특별시 은평구 은평로 233 (녹번동),1.0,126.93059406630167,37.60125738179331
갈채,서울특별시 은평구 통일로 723 (대조동),1.0,126.92695339966075,37.610102203431595
썸,서울특별시 은평구 불광로 40-6 (불광동),1.0,126.92757615569833,37.61047817806696
원투,"서울특별시 금천구 금하로 617 (시흥동, 지하1층)",1.0,126.8967435701012,37.45461687882682
유성노래빠주점,서울특별시 관악구 관악로 196 (봉천동),1.0,126.9509144617444,37.482361661200486
포인트,서울특별시 송파구 오금로11길 7-12 (방이동),1.0,127.10483900654798,37.514856569523964
스윙,"서울특별시 송파구 오금로11길 23-6 (방이동,(지하1층))",1.0,127.10720828054401,37.51538629016639
야구장,"서울특별시 송파구 송파대로30길 8, 지하2층 (가락동)",1.0,127.11554498708881,37.49421085208382
호호~뮤직타운,"서울특별시 송파구 올림픽로32길 10-1, 지하1층 (방이동)",1.0,127.10603239079286,37.51509782244225
셔츠룸,"서울특별시 송파구 올림픽로32길 9, 지하1층 (방이동)",1.0,127.10627676201496,37.51523233899208
새천년,"서울특별시 송파구 송파대로28길 12, 지하1층 10호,11일부호 (가락동)",1.0,127.11653777392455,37.49371853409091
아성,서울특별시 영등포구 영등포로46길 8 (영등포동3가),1.0,126.90470113317016,37.5185630139056
이미지,"서울특별시 강동구 진황도로 92 (길동,2층)",1.0,127.13352172245791,37.5359896886911
2.4,서울특별시 강남구 도산대로 221 (신사동),1.0,127.02795939185327,37.52103376359321
바나나,서울특별시 강동구 천호대로177길 16 (길동),1.0,127.13482803868075,37.53506365430534
홀릭,"서울특별시 강동구 천호대로175길 11, 지1층 (길동)",1.0,127.13372070871534,37.53528714567228
뉴욕노래주점,"서울특별시 강동구 진황도로 110, 2층 (길동)",1.0,127.13515896597143,37.535147976982806
미인노래주점,"서울특별시 강동구 양재대로111길 8, 지1층 (길동)",1.0,127.13635565578704,37.537187893577496
굿타임,서울특별시 강동구 진황도로 110 (길동),1.0,127.13515896597143,37.535147976982806
써니,서울특별시 강동구 천호대로175길 55 (길동),1.0,127.13443913368512,37.53724299816965
오샤레 노래빠,"서울특별시 강동구 구천면로24길 11, 2층 (천호동)",1.0,127.12327804933314,37.54017579159654
그랜드piano,서울특별시 강동구 천호대로175길 58 (길동),1.0,127.13483220431601,37.537223954220195
황제,"서울특별시 종로구 종로 318 (창신동,2층)",1.0,127.01023622435376,37.572022922292156
마산,"서울특별시 종로구 종로36가길 8-1 (종로5가,(3층))",1.0,127.001437773619,37.570599662663035
MJ(엠제이),"서울특별시 종로구 청계천로 341 (창신동,(지하1층))",1.0,127.01264578375871,37.57012826598231
이미지 노래장,"서울특별시 종로구 종로 227-6 (종로5가,(지상1층))",1.0,127.00013435613623,37.57145292974547
싸다구,"서울특별시 종로구 종로 227-6 (종로5가,(지하1층))",1.0,127.00013435613623,37.57145292974547
바나나,"서울특별시 종로구 종로 233-1, 신화빌딩 (종로5가)",1.0,127.00083815414463,37.57130723051545
서편제,"서울특별시 종로구 대학로2길 41 (효제동,(지상1층))",1.0,127.0015526714233,37.57155131536677
여명,"서울특별시 종로구 돈화문로11길 16 (돈의동,지하(1층))",1.0,126.98763189383814,37.57271027472436
배트맨노래팡,"서울특별시 종로구 종로31길 21 (인의동,지하1층)",1.0,126.9966941921068,37.571884745388495
발리투,"서울특별시 종로구 종로 236-1 (종로5가,지상2층)",1.0,127.00123387338101,37.570754526893474
청사초롱,"서울특별시 종로구 대학로2길 19 (효제동,지상1층)",1.0,127.0001985184976,37.57159394758779
수 노래주점,"서울특별시 종로구 종로39길 10 (종로6가,지하1층)",1.0,127.0034650086484,37.571643908604415
보스,"서울특별시 종로구 돈화문로11길 30 (낙원동,지하1층)",1.0,126.9868514166302,37.57273258910481
쿨노래,서울특별시 종로구 종로 225-1 (종로5가),1.0,126.99996365081506,37.571296515788795
왕갈비,"서울특별시 종로구 삼봉로 81 (수송동,두산위브 (지하1층 B137~B140호))",1.0,126.9789331725444,37.57256394146239
둥지,"서울특별시 종로구 종로 244-1, 지상2층 (종로5가)",1.0,127.00203911857982,37.5707743915458
둥지Ⅱ,"서울특별시 종로구 종로 244-1, 1층 (종로5가)",1.0,127.00203911857982,37.5707743915458
황금열차,"서울특별시 종로구 대학로2길 30, 1층 (종로5가)",1.0,127.00072972072633,37.571455826800516
동대문호텔 노래타운,"서울특별시 종로구 종로 286, 7층 (창신동)",1.0,127.00741113583061,37.5709803266006
칸토,"서울특별시 종로구 삼봉로 81, B112층 (수송동, 두산위브파빌리온)",1.0,126.9789331725444,37.57256394146239
짱 노래광장,"서울특별시 종로구 종로 19, 지하2층 B203-1,B203-2호 (종로1가, 르메이에르종로타운)",1.0,126.97696013266717,37.57045889074498
앵콜 노래왕,"서울특별시 종로구 난계로29길 61, 지하1층 (숭인동)",1.0,127.0169713252341,37.57353595528878
보림7080,서울특별시 중구 충무로 51 (을지로3가),1.0,126.98959491838895,37.565790753905915
발리,서울특별시 중구 수표로12길 8 (저동2가),1.0,126.98771589156463,37.56396606866216
김미김미,,1.0,126.9742585144878,37.56221314439068
선물,서울특별시 중구 을지로 78 (을지로2가),1.0,126.98364174779664,37.565864005647704
비행기,서울특별시 강동구 천호대로175길 58 (길동),1.0,127.13483220431601,37.537223954220195
W(더블유),"서울특별시 서초구 서초대로 309, 지하1층 (서초동)",1.0,127.01245275798746,37.494481606365646
더블유(w),"서울특별시 영등포구 여의대방로69길 7, 지하1층 003호 (여의도동)",1.0,126.92845801486835,37.51969764794534
골프장,"서울특별시 영등포구 여의대방로65길 12 (여의도동, 에리트빌딩 지하101,102,103호)",1.0,126.92715010014078,37.51963270192041
보물섬,서울특별시 서초구 반포대로12길 29 (지하1)층 (서초동),1.0,127.00996079255617,37.485174039360075
토요일 토요일은 가요다,"서울특별시 서초구 서초대로77길 45, 지하중1층, 지하1층 (서초동)",1.0,127.02191644094043,37.50158150901626
보물섬,서울특별시 서초구 반포대로12길 29 (지하2)층 (서초동),1.0,127.00996079255617,37.485174039360075
B11 (비일일),서울특별시 서초구 서초대로78길 46 (서초동),1.0,127.02564494904264,37.493620929518734
더 레이스,서울특별시 서초구 강남대로 597 (잠원동),1.0,127.01634248648323,37.51508212549207
아모르,서울특별시 서초구 서초중앙로24길 10 (서초동),1.0,127.0119183385564,37.494535938933346
아레나,"서울특별시 종로구 종로 263 (종로6가,(지상2층))",1.0,127.00417370383846,37.571441177799834
일번지 노래카페,"서울특별시 종로구 대학로1길 10, 지하1층 (연지동)",1.0,126.99853750005869,37.571505020337284
불새,"서울특별시 종로구 대학로2길 19, 지상1층 (효제동)",1.0,127.0001985184976,37.57159394758779
최고,"서울특별시 종로구 종로35길 34, 지하1층 (효제동)",1.0,127.00106122940082,37.572642821018
스케치 7080 노래주점,"서울특별시 종로구 종로 321-2, 지상2층 (창신동)",1.0,127.01050869809484,37.57262003144953
반반2,"서울특별시 종로구 돈화문로11길 10, 지하1층 (돈의동)",1.0,126.98795391381286,37.57273711962491
야구장,"서울특별시 종로구 대학로1길 42, 지하1층 (연지동)",1.0,126.9970616805391,37.57195300128059
쑤니,"서울특별시 종로구 창경궁로 125, 지하1층 (인의동)",1.0,126.99446894616169,37.57361072814763
야구장,"서울특별시 종로구 종로 195, 2층 (종로4가)",1.0,126.99642718640035,37.57111831521388
골프장,"서울특별시 종로구 종로 195, 2층 (종로4가)",1.0,126.99642718640035,37.57111831521388
반반,"서울특별시 종로구 돈화문로11길 10, 1층 (돈의동)",1.0,126.98795391381286,37.57273711962491
똥광 노래타운,"서울특별시 종로구 종로44길 8, 2층 (창신동)",1.0,127.00781951025732,37.57072901002299
인스타,"서울특별시 종로구 종로 144-3, 지하1층 101호 (종로3가)",1.0,126.9908533842035,37.57012912259531
테라(TERA),"서울특별시 종로구 돈화문로11길 30, 2층 201호 (낙원동)",1.0,126.9868514166302,37.57273258910481
땡큐노래팡,"서울특별시 종로구 종로31길 18, 2층 (종로5가)",1.0,126.99703675565023,37.57173857839627
낭만,"서울특별시 중구 을지로9길 26 (수표동,(지하1층))",1.0,126.98582466316022,37.56705382597396
갤럭시,"서울특별시 중구 퇴계로 207 (충무로4가,(지하1층))",1.0,126.9919136499613,37.56164741263873
파티노래짱주점,"서울특별시 중구 을지로36길 40 (오장동,(2층))",1.0,126.9986560641161,37.56494254451074
삼바노래터,"서울특별시 중구 창경궁로8길 24 (주교동, 지하1층)",1.0,126.9966892826258,37.56871055561877
팡팡노래주점,"서울특별시 중구 퇴계로 418-1 (신당동,(지하1층))",1.0,127.01524982007189,37.565331692215096
가자,"서울특별시 중구 을지로11길 29 (수표동,(지하1층))",1.0,126.98783828802235,37.56770780895753
아하노래주점,"서울특별시 중구 충무로 52-1 (을지로3가,(2층))",1.0,126.98999919724885,37.56581054209418
황제노래클럽,"서울특별시 중구 퇴계로 406-2 (신당동,(2층))",1.0,127.01385164988666,37.56519561728635
S(에스)노래바,"서울특별시 중구 세종대로 22 (남대문로5가,(지하1층))",1.0,126.97145264014704,37.55849434632138
백궁노래주점,"서울특별시 중구 충무로2길 35 (충무로4가,(지상2층))",1.0,126.99223623007197,37.562423473563435
당구장,"서울특별시 중구 마른내로 167-1 (광희동1가,(지하1층))",1.0,127.00385395304599,37.56464588070807
시드니,"서울특별시 종로구 종로39길 31, 동광빌딩 1층 (효제동)",1.0,127.00227870174017,37.57213406274969
명진,"서울특별시 종로구 종로39길 31, 동광빌딩 지하1층 (효제동)",1.0,127.00227870174017,37.57213406274969
광장노래밤,"서울특별시 종로구 종로 190-5, 안성빌딩 지하1층 (종로4가)",1.0,126.9960671429344,37.57042115092098
뭉클7080생음악라이브,"서울특별시 종로구 종로 111-1, 4층 (종로3가)",1.0,126.98704250602414,37.570577681706624
에스에스노래빵(SS노래빵),"서울특별시 종로구 종로39길 10, 윤빌딩 2층 (종로6가)",1.0,127.0034650086484,37.571643908604415
겨울이 노래장,"서울특별시 종로구 종로35길 20, 2층 (효제동)",1.0,127.00111651805648,37.57207472565799
폭스,서울특별시 중구 남대문로1길 12 (북창동),1.0,126.97476909311666,37.561584765996784
토토,서울특별시 동대문구 왕산로 244-2 (전농동),1.0,127.04620353879045,37.58293646794204
백제노래장,서울특별시 종로구 종로35길 21 (효제동),1.0,127.00087420427984,37.57211574664469
스타노래팡,"서울특별시 종로구 종로31길 28 (연지동,지하 1층)",1.0,126.99681648373561,37.57213805688799
단밤,"서울특별시 종로구 종로35길 5, 지상1층 (종로5가)",1.0,127.00088589491097,37.57144030151898
골드 노래주점,서울특별시 성동구 왕십리로 328 (도선동),1.0,127.03051840265313,37.562821580943854
꽃길노래장,서울특별시 중랑구 봉우재로33길 74 (상봉동),1.0,127.08656319129635,37.59526803378652
린,"서울특별시 중구 충무로 22, 호운빌딩 지하1층 (인현동1가)",1.0,126.99038259377727,37.56309601227283
